id,label
1,0.9999923706054688
2,0.9999861717224121
3,0.9999959468841553
4,0.9998254179954529
5,1.787269502528943e-05
6,0.00011967786849709228
7,5.418551651814596e-08
8,1.7569536794326268e-05
9,2.0175423287582817e-06
10,4.147549407207407e-05
11,7.674796506762505e-05
12,0.9990407824516296
13,5.511420567927416e-06
14,0.001293689594604075
15,3.9714945160085335e-05
16,0.0002630120434332639
17,0.9749282002449036
18,0.9999998807907104
19,0.00010658374230843037
20,2.2987758711678907e-05
21,0.999983549118042
22,0.0015726074343547225
23,0.9999988079071045
24,0.9999315738677979
25,2.0000512449769303e-05
26,0.9988871216773987
27,0.9999526739120483
28,1.3242632235233032e-07
29,0.18679451942443848
30,0.999552309513092
31,0.9999682903289795
32,0.28798675537109375
33,0.9999947547912598
34,0.0004085201071575284
35,0.0005925026489421725
36,3.422874215175398e-05
37,1.2093743862351403e-05
38,5.725975825043861e-06
39,0.9804946184158325
40,6.582587957382202e-06
41,0.9999940395355225
42,0.9999972581863403
43,0.9997947812080383
44,0.9986568689346313
45,6.87211331751314e-06
46,0.999479353427887
47,3.450749136391096e-05
48,0.9992557168006897
49,0.9999939203262329
50,0.00291259097866714
51,1.7694739653961733e-05
52,2.4890798158594407e-05
53,4.364299002190819e-06
54,7.0057285483926535e-06
55,1.71989177033538e-05
56,0.9857692122459412
57,0.999932050704956
58,7.246093787216523e-07
59,0.9308883547782898
60,0.0025852888356894255
61,4.109991277800873e-05
62,0.9927835464477539
63,1.1003408872056752e-05
64,0.0005419398075900972
65,0.9999974966049194
66,0.999190628528595
67,0.9999672174453735
68,2.444329766149167e-05
69,0.9998185038566589
70,0.9999947547912598
71,0.9901254177093506
72,0.999995231628418
73,0.9999995231628418
74,0.9998093247413635
75,0.13835351169109344
76,0.9998725652694702
77,0.999996542930603
78,0.9999629259109497
79,0.9999805688858032
80,1.4257765315051074e-06
81,0.6845943927764893
82,1.4130511772236787e-05
83,0.9996612071990967
84,0.0063909185118973255
85,0.9999808073043823
86,0.8970350623130798
87,0.998640239238739
88,0.9999847412109375
89,7.2013681347016245e-06
90,0.007154813967645168
91,0.002374166389927268
92,6.769347692170413e-06
93,0.0001711687509668991
94,0.9999868869781494
95,0.9999151229858398
96,5.814438281959156e-07
97,0.9992031455039978
98,0.9990196228027344
99,2.1105115592945367e-05
100,0.08093325048685074
101,0.0139651233330369
102,0.9998624324798584
103,9.972112593459315e-07
104,2.8454217044782126e-06
105,0.9888584613800049
106,0.9999923706054688
107,1.4794498781611765e-07
108,0.060594771057367325
109,0.5421900749206543
110,0.9999969005584717
111,0.9997147917747498
112,0.9999332427978516
113,0.9993979930877686
114,0.001005805330350995
115,5.524747393792495e-05
116,5.783043732776605e-08
117,2.746462996583432e-06
118,1.0
119,0.9999830722808838
120,0.0035057447385042906
121,0.008621349930763245
122,0.0001154741839854978
123,7.290629469025589e-07
124,8.10963797448494e-07
125,0.0018440727144479752
126,0.8891337513923645
127,0.9997501969337463
128,3.3293857995886356e-05
129,0.003661161055788398
130,0.9988081455230713
131,0.9998513460159302
132,0.9988352656364441
133,1.5333256669691764e-05
134,6.820548151154071e-05
135,1.3579990081780124e-05
136,3.704701384776854e-06
137,0.9999843835830688
138,0.821328341960907
139,8.22424262878485e-05
140,0.00025485086371190846
141,2.5772975277504884e-05
142,0.9993876218795776
143,0.9999997615814209
144,0.002736821072176099
145,3.719764890774968e-06
146,0.9999957084655762
147,0.9999443292617798
148,0.06523869931697845
149,5.445850092655746e-06
150,1.0297467269992922e-06
151,0.9897924661636353
152,4.3680975068127736e-05
153,1.8039463611785322e-05
154,8.181634143511474e-07
155,0.999968409538269
156,1.9341408915352076e-05
157,0.000322198960930109
158,0.9994912147521973
159,0.9999780654907227
160,0.9998811483383179
161,4.736418850370683e-05
162,8.728510358935182e-09
163,1.570851782162208e-05
164,0.9996486902236938
165,0.0008484295103698969
166,0.00035867231781594455
167,0.9991950392723083
168,3.310734939532267e-07
169,1.4065543609831366e-06
170,3.880623262375593e-05
171,0.0020207094494253397
172,0.9999897480010986
173,0.9960809350013733
174,1.5764786098770855e-07
175,0.9993506073951721
176,0.9996942281723022
177,0.9999828338623047
178,0.9993525147438049
179,0.996821403503418
180,9.995757864089683e-05
181,0.9999960660934448
182,0.99996018409729
183,1.717309942250722e-06
184,0.0016347194323316216
185,0.003748158225789666
186,2.5385343604966693e-08
187,3.6610410461435094e-05
188,4.2381461184959335e-07
189,0.002154979156330228
190,0.9999949932098389
191,0.0001430892152711749
192,1.157431415776955e-05
193,0.0007296173716895282
194,2.2260326204559533e-06
195,0.9996902942657471
196,0.9995459914207458
197,0.9999669790267944
198,1.4297289396836277e-07
199,0.9999828338623047
200,0.6278811693191528
201,0.9999856948852539
202,0.0003404895542189479
203,0.999869704246521
204,0.9999967813491821
205,6.012707672198303e-06
206,5.150691322342027e-06
207,0.9999433755874634
208,0.00011865732085425407
209,0.00013118582137394696
210,1.7464675693190657e-05
211,0.9996559619903564
212,0.9999932050704956
213,0.006743673700839281
214,0.9999643564224243
215,0.9997524619102478
216,0.9999854564666748
217,0.9999568462371826
218,0.0007191724143922329
219,0.9999949932098389
220,0.9999990463256836
221,0.002145211212337017
222,0.9999916553497314
223,0.9999996423721313
224,1.425613481842447e-05
225,0.999782145023346
226,0.9996999502182007
227,0.999233603477478
228,0.00014511648623738438
229,0.9999884366989136
230,0.005536521784961224
231,0.9998455047607422
232,0.019045135006308556
233,1.992338184209075e-06
234,6.138674962130608e-06
235,0.9998186230659485
236,0.9456466436386108
237,0.0002591906231828034
238,0.9963339567184448
239,1.6985172806016635e-06
240,0.999990701675415
241,0.9999977350234985
242,0.9999934434890747
243,1.9851991055475082e-06
244,0.9997124075889587
245,0.999809205532074
246,0.009240906685590744
247,0.9999337196350098
248,2.5968472527893027e-06
249,0.008531809784471989
250,0.999896764755249
251,0.9999990463256836
252,1.7009169823722914e-05
253,0.9999737739562988
254,0.00011708479723893106
255,0.0028432246763259172
256,2.122058504028246e-06
257,0.9997528195381165
258,0.9999969005584717
259,1.5566610045425477e-07
260,7.891113455116283e-06
261,2.0526296793832444e-05
262,0.999565064907074
263,1.0218685019935947e-05
264,0.001395269064232707
265,0.9997532963752747
266,5.238854328126763e-07
267,1.425613481842447e-05
268,0.00032627242035232484
269,0.9995183944702148
270,0.999971866607666
271,0.9999947547912598
272,2.4181511548704293e-07
273,0.9995417594909668
274,0.00020102564303670079
275,0.00030094757676124573
276,0.9998798370361328
277,0.9910504817962646
278,0.0001229099289048463
279,9.479423169977963e-05
280,0.9998983144760132
281,0.9955313801765442
282,0.9999964237213135
283,5.883846654342051e-08
284,0.999997615814209
285,1.830147589032549e-08
286,0.9998736381530762
287,0.00026297918520867825
288,0.0017871760064736009
289,0.9999986886978149
290,7.179952717706328e-06
291,1.03700958788977e-05
292,0.9999104738235474
293,0.9987758994102478
294,0.10839500278234482
295,8.80009380921365e-08
296,0.9999983310699463
297,0.9998067021369934
298,0.9988994598388672
299,0.9997820258140564
300,0.0002772844454739243
301,5.65736299904529e-05
302,1.2947451978106983e-05
303,0.00014716785517521203
304,1.4591992680834664e-07
305,5.139161203260301e-06
306,0.9999512434005737
307,0.9998332262039185
308,1.69949016708415e-05
309,3.305515861029562e-08
310,0.010696633718907833
311,4.6993850588705754e-08
312,0.0015869750641286373
313,2.6395826353109442e-05
314,0.000910733942873776
315,0.9999896287918091
316,0.0010201747063547373
317,0.9994545578956604
318,0.0004921045037917793
319,0.9999797344207764
320,3.837158146779984e-06
321,1.0155623613172793e-06
322,0.999998927116394
323,5.475595753523521e-05
324,2.573772528435825e-09
325,0.9991627931594849
326,0.9999927282333374
327,0.9993659853935242
328,0.9999995231628418
329,6.2651893131260294e-06
330,0.018820323050022125
331,0.7283146977424622
332,0.9829299449920654
333,0.9999799728393555
334,3.2763493891252438e-06
335,3.2294388802256435e-05
336,5.0028997065965086e-05
337,0.9999912977218628
338,1.1391591215215158e-05
339,5.568164738178893e-07
340,1.5178818102867808e-05
341,0.0003668064600788057
342,4.633332991943462e-06
343,0.0244935043156147
344,0.32665690779685974
345,0.17375533282756805
346,0.9999967813491821
347,0.00023710026289336383
348,0.9999483823776245
349,7.830503818695433e-06
350,0.9999998807907104
351,2.0041645711899037e-06
352,0.9991194605827332
353,0.9999808073043823
354,0.9656556248664856
355,0.9998461008071899
356,0.9752476215362549
357,3.328112870804034e-05
358,0.999846339225769
359,5.555537427426316e-06
360,0.0004714740498457104
361,0.9997978806495667
362,0.00012896160478703678
363,0.9996695518493652
364,7.075699613778852e-06
365,0.9997484087944031
366,0.9982163310050964
367,0.9998452663421631
368,0.9999606609344482
369,0.9997969269752502
370,0.9998958110809326
371,0.9996911287307739
372,7.623032161063747e-07
373,0.9999756813049316
374,2.935341854026774e-06
375,0.9998273253440857
376,9.601901638234267e-07
377,0.9992924928665161
378,6.638144986936823e-05
379,0.9999668598175049
380,0.9016285538673401
381,0.9973452687263489
382,0.0005720387562178075
383,0.9999958276748657
384,0.999885082244873
385,0.9999117851257324
386,4.954396717948839e-05
387,0.0009970298269763589
388,8.19630004116334e-05
389,0.9999772310256958
390,0.0009867873741313815
391,0.10169801861047745
392,0.9886192083358765
393,0.0230995062738657
394,0.9999271631240845
395,0.9972875118255615
396,0.005166204180568457
397,0.9999598264694214
398,0.0013564069522544742
399,0.9999892711639404
400,0.994337260723114
401,0.9999936819076538
402,2.886093398046796e-06
403,0.9999651908874512
404,2.7985497581539676e-05
405,0.9999957084655762
406,0.9989596605300903
407,0.004499033093452454
408,0.0006639408529736102
409,0.010275408625602722
410,6.428993401641492e-06
411,0.99998939037323
412,0.9996891021728516
413,0.9999346733093262
414,9.254538895220321e-07
415,0.999964714050293
416,1.5529332813457586e-05
417,0.9998855590820312
418,0.9999977350234985
419,0.8897504210472107
420,0.9998999834060669
421,0.9999994039535522
422,0.9999991655349731
423,0.9999798536300659
424,0.9999903440475464
425,0.9903959631919861
426,3.5632081107905833e-07
427,0.9780776500701904
428,0.00511329248547554
429,0.9997162222862244
430,0.9999794960021973
431,0.9999955892562866
432,2.5250450562452897e-05
433,0.9995779395103455
434,0.88975590467453
435,0.9999284744262695
436,0.007408868055790663
437,2.620865598146338e-05
438,0.9989822506904602
439,0.999707043170929
440,0.9929418563842773
441,2.411250079603633e-06
442,2.577909799583722e-05
443,0.9998661279678345
444,0.0008133065421134233
445,4.867237657890655e-05
446,0.9999244213104248
447,7.907158578746021e-05
448,1.559898919367697e-05
449,0.0006178360199555755
450,0.9997459053993225
451,3.739987164408376e-07
452,0.9992527365684509
453,0.9988790154457092
454,2.484879587427713e-05
455,0.0013959980569779873
456,0.00018942062160931528
457,0.9997698664665222
458,0.0002354308235226199
459,0.9999990463256836
460,0.9916567802429199
461,0.003105615731328726
462,2.833155303960666e-05
463,0.9994540810585022
464,0.0033704752568155527
465,2.0615163521142676e-05
466,0.9999957084655762
467,0.9999964237213135
468,0.002921285107731819
469,0.999065101146698
470,0.9999822378158569
471,3.3230008966711466e-08
472,0.9999550580978394
473,0.9999881982803345
474,0.9965900182723999
475,0.999993085861206
476,1.5595348941133125e-06
477,0.01782151684165001
478,1.0650093827280216e-05
479,0.999855637550354
480,0.9999270439147949
481,0.9999980926513672
482,0.9998469352722168
483,0.9977114200592041
484,3.8135207432787865e-05
485,0.9989107847213745
486,0.9999977350234985
487,0.0004524976247921586
488,9.152636266662739e-07
489,0.7048565745353699
490,0.9917215704917908
491,0.9971292614936829
492,4.0105763332576316e-07
493,6.765486614312977e-05
494,2.6477368919586297e-07
495,0.9994100332260132
496,0.9999123811721802
497,2.8555402309393685e-07
498,0.985573947429657
499,0.9999939203262329
500,1.156068901764229e-05
501,0.9984354376792908
502,2.492835619705147e-06
503,0.9999786615371704
504,1.7839302017819136e-05
505,1.8557909697847208e-07
506,7.757417733955663e-06
507,0.9967712759971619
508,0.9999682903289795
509,0.9999474287033081
510,0.9999456405639648
511,0.9997003078460693
512,5.4981053835945204e-05
513,0.9999587535858154
514,2.7098230930278078e-06
515,0.9982408285140991
516,0.9998137354850769
517,0.999925971031189
518,0.8323361277580261
519,2.7754472284868825e-06
520,1.7688314528641058e-06
521,0.999972939491272
522,2.1639538317685947e-05
523,0.9999529123306274
524,0.03753526881337166
525,0.013886059634387493
526,5.421729656518437e-05
527,0.9335180521011353
528,0.9998385906219482
529,0.0002013659686781466
530,4.939692189509515e-06
531,0.9997041821479797
532,0.20928576588630676
533,5.4020147217670456e-05
534,0.9999252557754517
535,4.390733374748379e-05
536,0.999962568283081
537,2.9757943593722302e-06
538,1.246164401891292e-06
539,0.0018410349730402231
540,0.9996076226234436
541,1.042560597852571e-05
542,0.9999924898147583
543,9.038882126333192e-06
544,0.00755304004997015
545,0.9999988079071045
546,0.0029954565688967705
547,0.9999915361404419
548,0.9994799494743347
549,7.134433985811484e-07
550,0.0008189400541596115
551,0.0006235906621441245
552,0.9999203681945801
553,0.168183371424675
554,0.0006055367412045598
555,0.9998533725738525
556,0.00010473236034158617
557,0.9994699358940125
558,0.9943534135818481
559,0.9995881915092468
560,0.9997614026069641
561,2.5722369173308834e-05
562,5.591392095993797e-07
563,0.00041331196553073823
564,3.4330569178564474e-06
565,0.9992393255233765
566,0.0006740622920915484
567,0.00014083783025853336
568,0.9999926090240479
569,0.9995852112770081
570,2.9799219191772863e-05
571,0.9967511892318726
572,0.029389800503849983
573,7.120283407857642e-05
574,0.9999595880508423
575,4.284128863218939e-06
576,0.03514394909143448
577,0.000187654048204422
578,4.6140110498527065e-05
579,0.000554702477529645
580,4.554852637284057e-07
581,0.9998281002044678
582,0.9999880790710449
583,0.00014068628661334515
584,3.730991693373653e-06
585,0.9999794960021973
586,1.862430394794501e-06
587,1.854289024549871e-07
588,0.002038212725892663
589,3.433800520724617e-05
590,0.9988135099411011
591,0.9888681173324585
592,0.006867080926895142
593,0.9999983310699463
594,0.9999641180038452
595,0.9999854564666748
596,3.36534867528826e-05
597,0.9978189468383789
598,0.0009412863291800022
599,4.849257948080776e-06
600,1.259389676988576e-07
601,0.8320996761322021
602,0.0057347905822098255
603,1.31421402329579e-05
604,0.001395768136717379
605,5.2763521125598345e-06
606,4.757910119224107e-06
607,0.9996222257614136
608,0.9981616139411926
609,0.0001485976972617209
610,0.9999934434890747
611,4.5424817471939605e-06
612,0.9999921321868896
613,3.2776824809843674e-07
614,0.0007477524923160672
615,2.5104085921157093e-07
616,0.9998888969421387
617,0.9999686479568481
618,5.120732748764567e-05
619,0.003588843857869506
620,0.9760066270828247
621,1.8501939393900102e-06
622,2.1527073840843514e-05
623,0.0004938687779940665
624,1.2457541743060574e-05
625,7.232547795865685e-05
626,0.9989008903503418
627,0.0004324644978623837
628,7.476911559933797e-05
629,0.9829975366592407
630,0.9988569021224976
631,0.9999961853027344
632,0.9977796673774719
633,0.9999880790710449
634,1.5694802641519345e-05
635,0.007418295834213495
636,0.9996458292007446
637,0.9998929500579834
638,1.2002939001831692e-05
639,6.872511585243046e-05
640,5.337291440810077e-05
641,0.9870014190673828
642,0.0012795274378731847
643,0.9999991655349731
644,0.98943030834198
645,0.00043067368096672
646,0.0013813067926093936
647,0.00024275650503113866
648,7.447435564245097e-06
649,6.920671876287088e-05
650,0.9999949932098389
651,0.9991670846939087
652,0.9999918937683105
653,1.5734036423964426e-05
654,0.999997615814209
655,0.9998006224632263
656,0.999882698059082
657,0.9998891353607178
658,0.9993752837181091
659,2.418162694084458e-05
660,1.3195496251228178e-07
661,0.9999936819076538
662,8.599406100984197e-06
663,1.0255687357130228e-06
664,0.00015755023923702538
665,0.00047860443009994924
666,5.569207132793963e-05
667,0.9999599456787109
668,0.9998658895492554
669,0.9999876022338867
670,0.9999244213104248
671,3.388063487363979e-05
672,6.530919563374482e-06
673,1.792614239093382e-05
674,4.9838354243547656e-06
675,0.06378970295190811
676,0.9999150037765503
677,2.8658987503149547e-06
678,0.005878702271729708
679,0.9992376565933228
680,1.2066855560988188e-05
681,0.9999651908874512
682,0.0001333064428763464
683,3.4896577290055575e-06
684,0.9999712705612183
685,0.999943733215332
686,0.9998781681060791
687,0.999813973903656
688,0.9999662637710571
689,2.2600593183597084e-06
690,0.03765806183218956
691,0.9999707937240601
692,5.4945356708913096e-08
693,0.9910056591033936
694,0.9851976037025452
695,0.9999986886978149
696,1.3441866713037598e-06
697,0.00035821169149130583
698,0.00013202184345573187
699,5.4593285312876105e-05
700,0.9999426603317261
701,0.004012659657746553
702,0.00013575979392044246
703,0.0015262113884091377
704,7.677673420403153e-05
705,0.9946984052658081
706,0.9999288320541382
707,0.9999814033508301
708,0.9999450445175171
709,0.9999842643737793
710,0.9546804428100586
711,0.0002780036593321711
712,0.9999641180038452
713,0.9999927282333374
714,2.43247285425241e-07
715,0.9999995231628418
716,0.4285336434841156
717,9.536229299555998e-06
718,0.9999723434448242
719,0.9994754195213318
720,3.468850081844721e-06
721,0.00010513321467442438
722,2.0317729649832472e-06
723,0.999000608921051
724,0.9765297174453735
725,0.9999982118606567
726,3.1798668942428776e-07
727,0.9997592568397522
728,1.0526248843234498e-05
729,0.0006515354616567492
730,0.9999394416809082
731,0.9998055100440979
732,0.9994366765022278
733,0.00011485317372716963
734,1.3256295687824604e-06
735,0.9998856782913208
736,0.9893137812614441
737,5.353970664145891e-06
738,0.9999865293502808
739,0.9998601675033569
740,7.4315576057415456e-06
741,0.006233627907931805
742,0.9999643564224243
743,0.997183084487915
744,0.9989872574806213
745,0.9997696280479431
746,0.9993859529495239
747,0.9999004602432251
748,0.00042877907981164753
749,2.654107902344549e-07
750,0.9991039633750916
751,3.758587263291702e-05
752,0.9993784427642822
753,0.0004029313276987523
754,0.00026949611492455006
755,7.59509566705674e-05
756,0.058166392147541046
757,0.9998693466186523
758,0.00018388220632914454
759,9.767277333594393e-07
760,0.9999415874481201
761,0.9998630285263062
762,2.3297705411096103e-05
763,0.9998663663864136
764,0.00820282381027937
765,0.999988317489624
766,0.9994162321090698
767,0.9998694658279419
768,0.9985561966896057
769,0.9999735355377197
770,0.9997699856758118
771,0.00011648512736428529
772,0.016136791557073593
773,0.9999758005142212
774,5.209604205447249e-05
775,8.576080290367827e-08
776,0.02423182688653469
777,0.9999513626098633
778,1.221145794261247e-05
779,0.9999474287033081
780,0.9999785423278809
781,0.9999905824661255
782,0.1439492255449295
783,0.9999936819076538
784,0.9993189573287964
785,1.7645435264057596e-06
786,0.9999221563339233
787,9.690910701465327e-06
788,0.0024076332338154316
789,0.9991039633750916
790,0.9999825954437256
791,0.9999994039535522
792,0.9999847412109375
793,0.9981624484062195
794,0.985612154006958
795,0.0008165513281710446
796,0.14744813740253448
797,0.9999459981918335
798,0.9998437166213989
799,4.799646831088467e-07
800,0.9996912479400635
801,7.088782240316505e-06
802,0.029183384031057358
803,0.0009575543226674199
804,1.9111226379209256e-07
805,0.9998601675033569
806,0.9999895095825195
807,0.9999837875366211
808,0.9997201561927795
809,0.9999852180480957
810,0.9999839067459106
811,0.0013050987618044019
812,0.9999974966049194
813,0.47859737277030945
814,0.9997065663337708
815,0.9999977350234985
816,0.999945878982544
817,9.622721699997783e-05
818,0.9996533393859863
819,0.9999182224273682
820,0.0008647803915664554
821,0.999955415725708
822,0.00010525759716983885
823,0.9999966621398926
824,1.028089172905311e-05
825,2.3755928850732744e-06
826,0.9999972581863403
827,1.600096220499836e-05
828,0.9997090697288513
829,0.9993088245391846
830,2.0988148108358473e-08
831,0.00010243632277706638
832,0.9999840259552002
833,0.9997863173484802
834,0.999984622001648
835,0.9999730587005615
836,4.2273088183719665e-05
837,0.9999996423721313
838,5.302982572175097e-06
839,0.9999979734420776
840,3.674504114314914e-07
841,0.002480326918885112
842,0.9999889135360718
843,1.563313890073914e-05
844,0.988396167755127
845,0.9999934434890747
846,0.9999817609786987
847,0.0008132231887429953
848,0.9998607635498047
849,0.022167105227708817
850,8.730046829441562e-05
851,0.9997606873512268
852,3.086197466473095e-05
853,0.9999732971191406
854,0.9999808073043823
855,0.00012442926527000964
856,1.0741048583895463e-07
857,0.999482274055481
858,0.9995874762535095
859,2.3542670533061028e-05
860,3.520142490742728e-05
861,0.9999643564224243
862,0.9992903470993042
863,0.9997957348823547
864,0.9999867677688599
865,0.9988324046134949
866,0.999806821346283
867,1.67385096574435e-05
868,3.5544180718716234e-06
869,1.3905944342695875e-06
870,0.9993557333946228
871,0.9999704360961914
872,1.7206691893534298e-07
873,0.9999711513519287
874,0.9997445940971375
875,0.00010637843661243096
876,0.9999938011169434
877,1.978012005565688e-05
878,0.9969437718391418
879,0.9988219141960144
880,6.327618757495657e-05
881,3.274267874076031e-05
882,0.9999485015869141
883,0.9999750852584839
884,0.9999523162841797
885,0.9996465444564819
886,4.0240533962787595e-06
887,0.9986444115638733
888,8.173977403203025e-05
889,1.585573500051396e-06
890,0.943586528301239
891,0.9991695880889893
892,0.99164879322052
893,0.9999856948852539
894,0.0024711089208722115
895,0.05716449022293091
896,0.0007215940859168768
897,6.190291605889797e-05
898,4.848781827604398e-06
899,0.9999812841415405
900,0.9999878406524658
901,0.9999817609786987
902,0.13839222490787506
903,0.8255213499069214
904,0.9999796152114868
905,0.0019469107501208782
906,1.8034397726296447e-06
907,0.999985933303833
908,0.9996988773345947
909,0.022703204303979874
910,1.9448868897598004e-06
911,0.0003603433142416179
912,0.9999874830245972
913,0.9918402433395386
914,0.005918773822486401
915,0.9827587008476257
916,0.9997013211250305
917,0.0005878953379578888
918,0.9997231364250183
919,0.004170410800725222
920,5.321443495631684e-06
921,0.0004890274140052497
922,0.9999382495880127
923,0.9999269247055054
924,1.2474210052459966e-05
925,4.0628549413668225e-07
926,8.216382525461086e-07
927,1.214732947119046e-06
928,2.3202563170343637e-05
929,0.004524834919720888
930,0.9999973773956299
931,5.58905321668135e-06
932,0.0004197981033939868
933,2.190735585827497e-06
934,0.9384355545043945
935,0.9998111128807068
936,1.0850032595044468e-05
937,0.002658410929143429
938,3.858846685034223e-05
939,0.970757782459259
940,0.999872088432312
941,0.0633004754781723
942,4.5604672777699307e-05
943,0.00020620804571080953
944,0.9999749660491943
945,0.9998418092727661
946,0.9999632835388184
947,0.0006625268724747002
948,0.0038636685349047184
949,0.9998878240585327
950,0.999434769153595
951,4.092516519449418e-06
952,1.1313683899061289e-05
953,0.9999986886978149
954,0.030847344547510147
955,0.9926139116287231
956,0.9998880624771118
957,0.9982325434684753
958,0.9994478821754456
959,5.9364756452851e-05
960,0.9993607401847839
961,0.00019636361685115844
962,0.9998893737792969
963,0.9998639822006226
964,0.00039215764263644814
965,5.873771442566067e-07
966,0.9992231130599976
967,4.6355904487427324e-05
968,0.9998124241828918
969,0.999956488609314
970,0.9999877214431763
971,0.9955863952636719
972,0.990860104560852
973,5.2512423280859366e-05
974,0.9999905824661255
975,1.604360841156449e-05
976,0.002515314146876335
977,0.00013703072909265757
978,8.166591578628868e-05
979,0.9987945556640625
980,0.9996780157089233
981,0.9999794960021973
982,0.9781637191772461
983,0.9999524354934692
984,0.9908397793769836
985,0.005759435705840588
986,4.040201747557148e-05
987,4.76797140436247e-06
988,1.1794189049396664e-05
989,0.9995465874671936
990,5.4936870583333075e-05
991,8.632993626633834e-07
992,0.9996868371963501
993,0.9948903322219849
994,4.156132035859628e-06
995,0.9013274908065796
996,7.178779924288392e-05
997,0.9997209906578064
998,0.9996160268783569
999,8.590681659370603e-07
1000,0.9997965693473816
1001,1.1278328202024568e-05
1002,0.9999663829803467
1003,0.999890923500061
1004,0.9999971389770508
1005,3.785757508012466e-05
1006,0.9999635219573975
1007,0.9999940395355225
1008,5.416626663645729e-06
1009,0.9997465014457703
1010,0.9965053796768188
1011,2.247629890916869e-05
1012,0.9980545043945312
1013,1.4547293176292442e-05
1014,0.999994158744812
1015,8.199097464967053e-06
1016,0.03638801723718643
1017,0.003294322406873107
1018,0.9999700784683228
1019,0.9999794960021973
1020,3.2458760301778966e-07
1021,0.001642856397666037
1022,0.00021612492855638266
1023,2.2504373191623017e-05
1024,0.0006333593046292663
1025,1.1371901564416476e-05
1026,0.001619932008907199
1027,3.291921757409e-06
1028,2.425438424324966e-06
1029,0.00013136357301846147
1030,0.00012237361806910485
1031,1.0661542546586134e-06
1032,0.36994224786758423
1033,0.9393435120582581
1034,0.9999474287033081
1035,1.637879790905572e-06
1036,0.998645007610321
1037,0.9999706745147705
1038,0.9990105628967285
1039,0.00034013608819805086
1040,0.9999903440475464
1041,1.4050813661015127e-05
1042,0.8744519352912903
1043,3.0174066978361225e-07
1044,0.9972647428512573
1045,1.628042446100153e-05
1046,0.0019951360300183296
1047,0.0006598390755243599
1048,0.999634861946106
1049,1.3530326441468787e-06
1050,2.880757188350458e-09
1051,9.444730676477775e-05
1052,0.9999711513519287
1053,0.9998917579650879
1054,0.9999990463256836
1055,0.38845255970954895
1056,0.9998291730880737
1057,0.9999343156814575
1058,0.9999960660934448
1059,0.9980009198188782
1060,4.7367080696858466e-05
1061,8.390656347501135e-08
1062,3.6716844533657422e-06
1063,2.0723833586089313e-05
1064,7.73092597228242e-06
1065,3.9132950746534334e-07
1066,0.9992468357086182
1067,0.9999955892562866
1068,0.9993466734886169
1069,0.00010107382695423439
1070,0.9996023774147034
1071,5.451930337585509e-05
1072,0.7177149653434753
1073,1.3494114682544023e-05
1074,0.9999796152114868
1075,0.9990929365158081
1076,2.359051222811104e-06
1077,0.9501714110374451
1078,2.2942225768929347e-05
1079,0.9987598657608032
1080,0.9999988079071045
1081,0.9999880790710449
1082,0.9999873638153076
1083,0.9998277425765991
1084,0.00011719650501618162
1085,0.006626746151596308
1086,0.9995880722999573
1087,0.9899318218231201
1088,1.53810731262638e-06
1089,0.9999847412109375
1090,0.00523453438654542
1091,0.9976356029510498
1092,0.01262219063937664
1093,0.9995643496513367
1094,0.9997972846031189
1095,0.9995211362838745
1096,0.9983161687850952
1097,3.828219269053079e-05
1098,0.006089040543884039
1099,3.7398517633846495e-06
1100,0.9999719858169556
1101,0.9999350309371948
1102,6.005036112810558e-08
1103,0.0008397483034059405
1104,5.955684628133895e-06
1105,0.9860522747039795
1106,0.9995461106300354
1107,8.549337508156896e-06
1108,0.9994708895683289
1109,0.0003390471392776817
1110,6.453426522057271e-07
1111,9.917694114847109e-05
1112,4.883033284386329e-07
1113,5.0551502681628335e-06
1114,0.9997835755348206
1115,0.9997567534446716
1116,0.9996846914291382
1117,5.217403213464422e-06
1118,1.6476713426527567e-05
1119,2.1562573238043115e-06
1120,2.7563461117097177e-05
1121,0.9997395873069763
1122,0.999962329864502
1123,7.164138514781371e-05
1124,0.0003278314252384007
1125,3.578214818844572e-05
1126,1.1062836165365297e-05
1127,8.837719747134543e-07
1128,0.00014077391824685037
1129,0.9997130036354065
1130,0.9947823882102966
1131,0.9984198808670044
1132,9.53353719523875e-06
1133,0.00031122646760195494
1134,2.953039484054898e-06
1135,2.1446849132189527e-05
1136,0.9999911785125732
1137,1.1624446415225975e-05
1138,4.5725978452537674e-06
1139,0.025400245562195778
1140,9.779575339052826e-05
1141,1.933943531184923e-05
1142,8.90746832737932e-06
1143,1.3000726539758034e-06
1144,0.9994760155677795
1145,0.999994158744812
1146,0.9999974966049194
1147,0.9999781847000122
1148,1.8037279005511664e-05
1149,0.9994860887527466
1150,3.635500979726203e-05
1151,0.9999459981918335
1152,0.00017593234952073544
1153,1.9566371065593557e-06
1154,0.9999617338180542
1155,0.9992461204528809
1156,3.1637550819141325e-06
1157,0.999962568283081
1158,0.9998457431793213
1159,0.000578522274736315
1160,7.876691938690783e-07
1161,0.0002664979547262192
1162,1.2669970601564273e-05
1163,6.664435204584152e-05
1164,1.8505540992919123e-06
1165,0.9544045329093933
1166,0.9999833106994629
1167,0.9185370802879333
1168,0.0001680288405623287
1169,0.9603865742683411
1170,0.9997898936271667
1171,3.872560409945436e-05
1172,0.9999721050262451
1173,0.9978716373443604
1174,0.9998958110809326
1175,0.9964788556098938
1176,4.98407871418749e-07
1177,0.006059176288545132
1178,2.338854301342508e-06
1179,0.9986512064933777
1180,0.9999526739120483
1181,0.00317100016400218
1182,0.9999547004699707
1183,0.9632676839828491
1184,0.9999151229858398
1185,0.00010783710604300722
1186,0.9987205266952515
1187,7.045836537145078e-05
1188,0.9994738698005676
1189,0.14585116505622864
1190,0.2232830673456192
1191,0.9999830722808838
1192,0.0011789824347943068
1193,2.507554199837614e-06
1194,2.178347102699263e-07
1195,0.9999873638153076
1196,0.00015311629977077246
1197,0.9998243451118469
1198,0.000494538398925215
1199,0.0003694621264003217
1200,0.9998179078102112
1201,0.9999727010726929
1202,3.580553766369121e-06
1203,0.9999626874923706
1204,0.0001020471245283261
1205,0.9996212720870972
1206,0.00010753049718914554
1207,0.9999136924743652
1208,2.951153192043421e-06
1209,0.00011357902985764667
1210,0.9999994039535522
1211,0.9999994039535522
1212,1.9785476979450323e-05
1213,0.00022512658324558288
1214,0.99689781665802
1215,0.9987310767173767
1216,0.999845027923584
1217,0.9999195337295532
1218,0.00011883261322509497
1219,0.9998171925544739
1220,8.730862464290112e-05
1221,0.0316111296415329
1222,0.9775959253311157
1223,0.998989999294281
1224,0.9998973608016968
1225,0.00016588924336247146
1226,7.427429977724387e-07
1227,0.9999727010726929
1228,0.00019859430904034525
1229,3.317183427498094e-06
1230,2.533011134175922e-08
1231,0.01606856659054756
1232,0.9998735189437866
1233,7.386982048274149e-08
1234,2.080671038129367e-06
1235,0.9990780353546143
1236,0.9963765740394592
1237,0.9999964237213135
1238,0.9998200535774231
1239,0.0011075162328779697
1240,6.133829629106913e-06
1241,0.9999934434890747
1242,0.9999969005584717
1243,2.8249539809621638e-06
1244,7.885200261625869e-07
1245,0.9997262358665466
1246,3.968284545408096e-07
1247,4.190410891169449e-06
1248,0.999854326248169
1249,1.525369498267537e-06
1250,0.999842643737793
1251,0.0035973540507256985
1252,1.2268947102711536e-05
1253,0.9546945691108704
1254,1.8396602854409139e-06
1255,1.3075905371806584e-05
1256,2.2043363060220145e-05
1257,0.9980693459510803
1258,0.010739077813923359
1259,9.38985322136432e-05
1260,2.748226393123332e-07
1261,0.9998219609260559
1262,0.0002229027304565534
1263,0.001089030527509749
1264,8.088706522357825e-07
1265,3.872789420711342e-06
1266,6.183511686685961e-06
1267,0.3990139067173004
1268,3.939109228667803e-05
1269,0.9997405409812927
1270,6.603375368285924e-05
1271,0.999761164188385
1272,0.9999979734420776
1273,0.9999916553497314
1274,8.850473932398017e-06
1275,0.9999161958694458
1276,0.9991330504417419
1277,3.099579407717101e-05
1278,0.0016257439274340868
1279,0.9987095594406128
1280,0.9999995231628418
1281,4.861101842834614e-06
1282,0.0001783768821042031
1283,0.9999040365219116
1284,0.9967731833457947
1285,3.424467286095023e-05
1286,0.9999343156814575
1287,0.00012350900215096772
1288,7.995026862772647e-06
1289,0.9999688863754272
1290,0.9982671737670898
1291,3.5527780710253865e-05
1292,0.5070399641990662
1293,0.002765561919659376
1294,0.9993274211883545
1295,0.0001143616100307554
1296,0.010186750441789627
1297,0.0007932433509267867
1298,4.6143013605615124e-05
1299,3.829201523330994e-05
1300,0.00012899887224193662
1301,0.9999955892562866
1302,0.0012295469641685486
1303,6.671327719232067e-05
1304,0.9604633450508118
1305,0.9999980926513672
1306,0.9999464750289917
1307,3.410883073229343e-05
1308,0.9997367262840271
1309,6.2660823459737e-05
1310,0.00020569826301652938
1311,0.4246024787425995
1312,0.9995173215866089
1313,9.721390233607963e-05
1314,0.9980145692825317
1315,0.9993302822113037
1316,3.200487481080927e-05
1317,0.9999752044677734
1318,0.9997313618659973
1319,0.9994812607765198
1320,0.00015994440764188766
1321,9.166542440652847e-06
1322,9.152164238912519e-06
1323,1.0725468200689647e-05
1324,3.7580709886242403e-06
1325,0.0016450375551357865
1326,0.002097505144774914
1327,0.9996310472488403
1328,0.9984900951385498
1329,0.9998725652694702
1330,4.876938328379765e-05
1331,0.0017811887664720416
1332,0.9999979734420776
1333,0.9999603033065796
1334,0.8197312355041504
1335,5.8418980188434944e-05
1336,0.007183459587395191
1337,2.287871438966249e-06
1338,0.0005938329850323498
1339,0.000533333804924041
1340,0.9930288195610046
1341,3.2500929592060857e-06
1342,0.9999983310699463
1343,0.998997151851654
1344,0.0006954027339816093
1345,1.2890561151834845e-07
1346,0.010999706573784351
1347,0.0003089259553235024
1348,2.396801755821798e-05
1349,0.003697399515658617
1350,0.9999486207962036
1351,0.9997764229774475
1352,0.0020953493658453226
1353,0.9999765157699585
1354,2.8268723326618783e-05
1355,6.3176707953971345e-06
1356,0.9995855689048767
1357,0.0029796583112329245
1358,0.9999724626541138
1359,0.003919356036931276
1360,0.9996782541275024
1361,3.471420768619282e-07
1362,0.013924655504524708
1363,0.003182882908731699
1364,1.4853801076242235e-05
1365,0.03664523363113403
1366,0.9997473359107971
1367,0.15802569687366486
1368,0.00029125757282599807
1369,0.9894980192184448
1370,3.095540478170733e-06
1371,0.03370589762926102
1372,0.9998117089271545
1373,0.9999583959579468
1374,0.00011350843124091625
1375,3.6438486858969554e-05
1376,0.9999996423721313
1377,0.9999872446060181
1378,0.8995944857597351
1379,8.435613381152507e-06
1380,0.7248364686965942
1381,0.9999994039535522
1382,0.9993890523910522
1383,9.86849954642821e-07
1384,0.7476276755332947
1385,0.9997394680976868
1386,0.9999680519104004
1387,0.9986600875854492
1388,0.00042541493894532323
1389,0.9999721050262451
1390,3.2845114219526295e-06
1391,0.003043919801712036
1392,1.8023617940343684e-06
1393,0.997156023979187
1394,3.2701518648536876e-05
1395,0.9999707937240601
1396,3.674997788039036e-05
1397,9.271131773402885e-08
1398,1.0058092811959796e-05
1399,0.9999885559082031
1400,0.9999759197235107
1401,0.9999935626983643
1402,0.9994863271713257
1403,1.0660668294804054e-06
1404,1.0783513744172524e-06
1405,0.9994230270385742
1406,6.25893903816177e-07
1407,2.5238732632715255e-06
1408,3.3185955544468015e-05
1409,0.9992358684539795
1410,0.0001026030004140921
1411,0.9999642372131348
1412,0.013789676129817963
1413,0.9987078905105591
1414,0.9998588562011719
1415,1.2458792753022863e-06
1416,5.5283185247390065e-06
1417,6.3396637415280566e-06
1418,1.9001199689228088e-06
1419,0.0022365469485521317
1420,0.9999982118606567
1421,0.9988590478897095
1422,1.711569325379969e-06
1423,0.36295491456985474
1424,0.9999746084213257
1425,0.009750827215611935
1426,5.525977940123994e-06
1427,0.9999932050704956
1428,0.9938503503799438
1429,0.9998811483383179
1430,0.9999200105667114
1431,0.9999744892120361
1432,0.9997796416282654
1433,0.9992327690124512
1434,0.9999927282333374
1435,0.9998317956924438
1436,0.999956488609314
1437,0.9999958276748657
1438,5.107540710014291e-05
1439,0.0008852863684296608
1440,0.0002773809537757188
1441,3.163684596074745e-05
1442,0.9972245693206787
1443,0.9999904632568359
1444,0.9734135270118713
1445,0.9999884366989136
1446,0.00011581438593566418
1447,0.05114908888936043
1448,0.013224701397120953
1449,0.9999771118164062
1450,0.0008762129000388086
1451,0.002837260952219367
1452,0.9986348748207092
1453,0.00037173807504586875
1454,0.00035361183108761907
1455,3.22423547913786e-05
1456,1.9839022570522502e-05
1457,0.9999027252197266
1458,0.9994834661483765
1459,4.296472980058752e-06
1460,0.9948465824127197
1461,3.6800094676436856e-05
1462,0.02643636427819729
1463,5.459344174596481e-05
1464,0.0024288001004606485
1465,0.00019166087440680712
1466,0.01027596089988947
1467,0.01697598025202751
1468,0.9999603033065796
1469,0.9989941716194153
1470,0.9999781847000122
1471,0.999764621257782
1472,0.0013999782968312502
1473,2.0792924715351546e-06
1474,0.0026144038420170546
1475,7.038630656097666e-07
1476,0.9999357461929321
1477,0.9993966817855835
1478,6.297242634900613e-06
1479,0.9981765747070312
1480,8.230505045503378e-06
1481,0.9993956089019775
1482,0.9958193302154541
1483,0.9999905824661255
1484,1.6908186807995662e-05
1485,0.00010296348773408681
1486,0.9993056058883667
1487,0.0004857842286583036
1488,9.866463369689882e-05
1489,1.0451072967043729e-06
1490,0.9769712090492249
1491,1.0927738912869245e-05
1492,5.916072964851082e-09
1493,1.0
1494,6.617469807679299e-06
1495,0.9996249675750732
1496,0.9978729486465454
1497,0.9999905824661255
1498,0.9999840259552002
1499,8.355570025742054e-05
1500,2.252847224326615e-07
1501,0.9988860487937927
1502,4.031933713122271e-05
1503,0.000767972320318222
1504,0.0013988807331770658
1505,2.0359746486064978e-05
1506,0.9999982118606567
1507,0.00023813062580302358
1508,0.9980255365371704
1509,0.9987712502479553
1510,0.0013548718998208642
1511,0.00010297822154825553
1512,0.999966025352478
1513,0.00024279888020828366
1514,9.555428732710425e-06
1515,0.0013149111764505506
1516,0.9999786615371704
1517,0.00011151252692798153
1518,4.7378463932545856e-05
1519,0.9999899864196777
1520,0.0039305114187300205
1521,0.9998241066932678
1522,7.854372233850881e-05
1523,0.000205144751816988
1524,0.0014956488739699125
1525,0.9992406368255615
1526,0.9999771118164062
1527,4.765742050949484e-05
1528,3.262753125454765e-07
1529,0.9997978806495667
1530,0.9999761581420898
1531,0.9999992847442627
1532,1.3899090163249639e-06
1533,2.2702879505231977e-06
1534,0.0001959456130862236
1535,3.9213116309610996e-08
1536,0.9999839067459106
1537,0.9999215602874756
1538,0.9997277855873108
1539,0.00016353953105863184
1540,2.048004944299464e-06
1541,0.9999998807907104
1542,0.9987027645111084
1543,0.5188881754875183
1544,0.9999045133590698
1545,0.008103578351438046
1546,0.9993181228637695
1547,0.9999653100967407
1548,2.783218860713532e-06
1549,0.9994651675224304
1550,0.006064275279641151
1551,3.7080473703099415e-05
1552,0.001060952665284276
1553,0.9999860525131226
1554,0.999373733997345
1555,5.806392891827272e-06
1556,8.499758405378088e-05
1557,0.9999995231628418
1558,1.044444343278883e-05
1559,0.00042522556032054126
1560,0.03034556284546852
1561,0.0005627830978482962
1562,0.9974660873413086
1563,0.9999991655349731
1564,0.9999725818634033
1565,0.00016015133587643504
1566,0.0001046267498168163
1567,2.4293656863960678e-08
1568,0.9959076642990112
1569,0.9999467134475708
1570,9.589808905730024e-05
1571,0.7739269137382507
1572,0.9999127388000488
1573,0.9999836683273315
1574,0.9999697208404541
1575,0.9999880790710449
1576,0.9997084736824036
1577,0.998241662979126
1578,0.01791863702237606
1579,7.228078175103292e-06
1580,0.999087929725647
1581,0.9999706745147705
1582,1.1068967069149949e-05
1583,0.9999935626983643
1584,1.2562852134578861e-05
1585,0.00012875199900008738
1586,1.67891412274912e-05
1587,0.002867750357836485
1588,0.00013706627942156047
1589,2.7716525437426753e-05
1590,0.9998595714569092
1591,0.9999524354934692
1592,0.0531412698328495
1593,0.9969308972358704
1594,0.9997281432151794
1595,2.07189532375196e-05
1596,0.997814416885376
1597,0.0024205129593610764
1598,0.016923876479268074
1599,0.9953338503837585
1600,0.9991570711135864
1601,3.138454849249683e-05
1602,0.9999809265136719
1603,0.00010043098882306367
1604,1.2646853065234609e-05
1605,0.7105361223220825
1606,1.8646855096449144e-05
1607,9.523878361505922e-06
1608,1.414595800497409e-07
1609,0.9999728202819824
1610,0.9981141090393066
1611,0.0002375618787482381
1612,0.9998792409896851
1613,1.5271338270395063e-05
1614,0.16790978610515594
1615,6.121970363892615e-05
1616,0.030865639448165894
1617,0.9998747110366821
1618,1.2014379535685293e-05
1619,0.9992102384567261
1620,0.9999946355819702
1621,0.07390304654836655
1622,0.00019408245861995965
1623,8.145759977651323e-08
1624,0.01087621133774519
1625,0.9998025298118591
1626,5.34818400410586e-06
1627,8.064105827543244e-07
1628,0.9992623925209045
1629,0.9998261332511902
1630,0.9998736381530762
1631,1.4868757602926053e-07
1632,0.9999986886978149
1633,0.9999672174453735
1634,0.9996819496154785
1635,0.9998295307159424
1636,0.00013674708316102624
1637,0.9999146461486816
1638,0.9999860525131226
1639,0.9929941296577454
1640,0.9999445676803589
1641,0.00021179729083087295
1642,0.998363196849823
1643,0.9999772310256958
1644,0.9999725818634033
1645,0.9999983310699463
1646,1.3463841241900809e-05
1647,0.9999685287475586
1648,0.005718251224607229
1649,8.481751137878746e-05
1650,0.5851510763168335
1651,0.00012906655319966376
1652,0.9797378778457642
1653,0.9999953508377075
1654,0.9999624490737915
1655,0.7597370147705078
1656,5.758439874625765e-05
1657,9.278169841309136e-07
1658,0.9999681711196899
1659,0.9945172667503357
1660,0.0028386926278471947
1661,0.00010331460362067446
1662,0.9999327659606934
1663,0.019671235233545303
1664,2.3448151296179276e-06
1665,0.0005248744273558259
1666,4.240196358296089e-05
1667,0.9999922513961792
1668,0.005346285179257393
1669,0.9999971389770508
1670,5.157429404789582e-05
1671,0.99784255027771
1672,0.9994939565658569
1673,6.577858584932983e-05
1674,9.078577568288893e-05
1675,0.00017166972975246608
1676,0.9999011754989624
1677,0.9998507499694824
1678,0.9987393021583557
1679,0.00015633123985026032
1680,1.735539444780443e-05
1681,1.3691117601410951e-05
1682,0.9999624490737915
1683,1.153972880274523e-05
1684,0.999985933303833
1685,0.9831321835517883
1686,0.9999513626098633
1687,0.9995515942573547
1688,0.9903498888015747
1689,2.4636922262288863e-06
1690,0.9997032284736633
1691,0.9878339767456055
1692,0.9997383952140808
1693,0.999996542930603
1694,7.236134024424246e-06
1695,0.05353512987494469
1696,0.9999687671661377
1697,0.0001384061761200428
1698,2.564635678936611e-06
1699,0.9977723956108093
1700,2.882991248043254e-05
1701,0.9999960660934448
1702,0.9999544620513916
1703,0.9999881982803345
1704,0.9993168115615845
1705,0.9999362230300903
1706,0.9999945163726807
1707,6.3589736782887485e-06
1708,0.9449995756149292
1709,0.00024399562971666455
1710,8.066835107456427e-06
1711,0.9995529055595398
1712,7.643507706234232e-05
1713,0.00016681160195730627
1714,0.9939190149307251
1715,0.759692907333374
1716,0.9891507625579834
1717,0.9896560907363892
1718,9.005730134958867e-06
1719,0.9991905093193054
1720,0.9359590411186218
1721,2.7361356842448004e-05
1722,0.9999990463256836
1723,0.013077577576041222
1724,7.283523154910654e-05
1725,0.9992625117301941
1726,0.9997075200080872
1727,0.9999592304229736
1728,0.9981470108032227
1729,1.0183216545556206e-06
1730,0.999996542930603
1731,3.204479810392513e-07
1732,0.9991515874862671
1733,0.9999368190765381
1734,0.00044105673441663384
1735,0.005234214011579752
1736,4.5909357027085207e-07
1737,0.999998927116394
1738,2.16665484913392e-05
1739,0.9995551705360413
1740,2.4750218017288717e-06
1741,3.411727675484144e-06
1742,0.9999878406524658
1743,0.9989571571350098
1744,0.9999250173568726
1745,3.4259504900546744e-05
1746,0.9999589920043945
1747,9.726705684443004e-06
1748,0.001498475787229836
1749,0.006030386313796043
1750,0.0027622603811323643
1751,0.994878888130188
1752,0.00010103836393682286
1753,0.9997860789299011
1754,1.0272337931382935e-06
1755,0.9991087317466736
1756,0.0006440985598601401
1757,0.38291746377944946
1758,0.9998477697372437
1759,0.9999963045120239
1760,2.8522781576612033e-05
1761,0.9988957643508911
1762,0.999945878982544
1763,2.1337841644708533e-06
1764,0.9999512434005737
1765,5.51744997210335e-05
1766,0.9999972581863403
1767,0.9999772310256958
1768,0.9935051202774048
1769,0.9999990463256836
1770,0.012368898838758469
1771,0.00014117328100837767
1772,0.006154094822704792
1773,0.9999659061431885
1774,2.148621751985047e-05
1775,0.00019077824254054576
1776,0.9998351335525513
1777,2.5726345484144986e-05
1778,0.001773501979187131
1779,4.786409135704162e-06
1780,6.836130069132196e-06
1781,0.999607264995575
1782,0.9992514252662659
1783,0.00048078689724206924
1784,0.0010058647021651268
1785,1.672957296250388e-05
1786,0.9977914094924927
1787,0.9999964237213135
1788,0.9814192056655884
1789,0.9999983310699463
1790,0.00023338962637353688
1791,0.999982476234436
1792,2.559388303779997e-05
1793,0.0006624530651606619
1794,0.9999231100082397
1795,1.502026407251833e-05
1796,0.00015782751142978668
1797,0.9999384880065918
1798,3.0154871637932956e-05
1799,4.588482261169702e-05
1800,0.9999979734420776
1801,0.9999266862869263
1802,3.5720715914067114e-06
1803,0.9999831914901733
1804,3.4442285823388374e-07
1805,5.237538971414324e-06
1806,0.0038053651805967093
1807,0.9986864924430847
1808,0.05117420852184296
1809,0.9999845027923584
1810,0.5729340314865112
1811,0.9998575448989868
1812,0.00041141544352285564
1813,0.9999691247940063
1814,0.9999620914459229
1815,2.1196063244133256e-05
1816,0.9997455477714539
1817,0.9988922476768494
1818,2.093486546073109e-05
1819,0.45455047488212585
1820,2.53403795795748e-05
1821,0.9997847676277161
1822,1.7925206066138344e-06
1823,0.0017970504704862833
1824,0.000940841156989336
1825,0.9996318817138672
1826,0.029647963121533394
1827,8.245211574831046e-06
1828,0.9465499520301819
1829,0.9999996423721313
1830,5.7132539950544015e-05
1831,0.9977197051048279
1832,0.9999470710754395
1833,0.00031350465724244714
1834,2.619641691126162e-06
1835,2.3699155917711323e-06
1836,3.304526399006136e-05
1837,0.9999485015869141
1838,0.9999796152114868
1839,0.00011130293569294736
1840,0.9999583959579468
1841,0.999968409538269
1842,0.9964788556098938
1843,3.524415296851657e-05
1844,2.8662745535257272e-05
1845,0.9999488592147827
1846,0.9933463335037231
1847,2.4643239271426864e-07
1848,0.9997478127479553
1849,0.9999743700027466
1850,0.9999145269393921
1851,0.9983032941818237
1852,1.0533076988394896e-07
1853,0.9999151229858398
1854,1.2809865665985853e-06
1855,0.9999982118606567
1856,0.9999309778213501
1857,1.1209743888684898e-06
1858,3.032721807016969e-08
1859,0.9999531507492065
1860,0.999909520149231
1861,2.1289940832502907e-07
1862,0.0003735774371307343
1863,0.9996846914291382
1864,1.1351922921676305e-06
1865,0.9998846054077148
1866,0.9999914169311523
1867,4.563068796414882e-05
1868,8.403290507885686e-07
1869,0.0001464840752305463
1870,2.8918744646944106e-05
1871,0.9998354911804199
1872,0.999968409538269
1873,0.9292665123939514
1874,0.9997548460960388
1875,5.0200319492432754e-06
1876,1.0
1877,0.9999563694000244
1878,0.9999990463256836
1879,2.0659699657699093e-06
1880,9.276433411287144e-05
1881,0.9988031387329102
1882,0.9997802376747131
1883,0.00012283716932870448
1884,0.9993621706962585
1885,0.022874733433127403
1886,0.9566506147384644
1887,0.01163185853511095
1888,0.9999924898147583
1889,7.120450845832238e-06
1890,0.00012146946392022073
1891,0.9999803304672241
1892,0.9918943047523499
1893,2.691418558242731e-06
1894,1.3354040540036749e-08
1895,0.9990580677986145
1896,0.0022050575353205204
1897,0.00012194471491966397
1898,4.349280757764973e-08
1899,4.584732323564822e-06
1900,4.422557321959175e-05
1901,0.00045333735761232674
1902,0.9444959759712219
1903,0.9994664788246155
1904,0.9985364675521851
1905,0.9999517202377319
1906,0.9998362064361572
1907,0.007376603316515684
1908,0.994307816028595
1909,0.999764621257782
1910,0.9999678134918213
1911,0.5780158638954163
1912,0.9985455274581909
1913,7.0753085310570896e-06
1914,0.9998677968978882
1915,0.9996218681335449
1916,0.9999996423721313
1917,0.9999508857727051
1918,2.939686964964494e-06
1919,0.9952936768531799
1920,4.6209194692892197e-07
1921,4.333035758463666e-05
1922,0.9938200116157532
1923,1.0586057214823086e-05
1924,1.1257106052653398e-05
1925,0.9999427795410156
1926,1.7073884009732865e-05
1927,1.5384051948785782e-05
1928,0.9996731281280518
1929,1.5626732192686177e-06
1930,0.9885453581809998
1931,2.936570490419399e-05
1932,0.99446702003479
1933,0.8766611814498901
1934,4.290453944122419e-06
1935,4.0209770304500125e-06
1936,0.001241421909071505
1937,0.9991439580917358
1938,0.9999592304229736
1939,0.9999806880950928
1940,0.9996032118797302
1941,0.9999915361404419
1942,1.6108283489302266e-06
1943,0.7259926795959473
1944,0.00023317831801250577
1945,0.0029285887721925974
1946,1.7630144384384039e-06
1947,0.9999817609786987
1948,0.9999990463256836
1949,0.999993085861206
1950,0.9998118281364441
1951,0.00018669334531296045
1952,1.0691360330383759e-07
1953,0.00014209271466825157
1954,0.9999505281448364
1955,2.0288942323531955e-05
1956,0.9992650151252747
1957,1.9004244222742273e-06
1958,1.484107627902631e-07
1959,0.00023011605662759393
1960,6.067076355975587e-06
1961,6.529381607833784e-06
1962,0.9997175335884094
1963,2.7445596515462967e-06
1964,0.0011875960044562817
1965,3.2775105296423135e-07
1966,0.9999949932098389
1967,9.58990949584404e-06
1968,0.999984860420227
1969,0.0018622864736244082
1970,0.9981877207756042
1971,7.74171098782972e-07
1972,0.9987632036209106
1973,0.004154432564973831
1974,3.347852180013433e-05
1975,1.28350129671162e-05
1976,9.825771485338919e-07
1977,0.9992152452468872
1978,5.894849550713843e-07
1979,0.9998124241828918
1980,0.9999666213989258
1981,0.9999802112579346
1982,6.496649439213797e-05
1983,0.9999146461486816
1984,0.9999808073043823
1985,3.0473647711914964e-05
1986,0.9990041851997375
1987,0.9975711703300476
1988,1.2177116332168225e-05
1989,0.9999926090240479
1990,0.9999998807907104
1991,0.9999228715896606
1992,8.101158073259285e-07
1993,0.00016990820586215705
1994,0.998233437538147
1995,1.0770306744234404e-06
1996,0.9998157620429993
1997,0.999994158744812
1998,0.9997722506523132
1999,6.317507995845517e-06
2000,0.9491891264915466
2001,0.9999243021011353
2002,0.9998366832733154
2003,1.0356577604397899e-06
2004,0.9999557733535767
2005,0.9983265995979309
2006,0.001066251890733838
2007,0.9774317741394043
2008,0.9999992847442627
2009,0.9999980926513672
2010,0.9998440742492676
2011,0.8349838256835938
2012,1.744764631439466e-05
2013,0.004092650022357702
2014,1.3106480764690787e-05
2015,0.9999802112579346
2016,0.04101930931210518
2017,1.1416474990255665e-05
2018,0.00026031769812107086
2019,6.927485173946479e-06
2020,2.3423245920639602e-07
2021,0.0007675081724300981
2022,9.954374945664313e-06
2023,0.010314572602510452
2024,2.522614158806391e-05
2025,1.9253589925938286e-05
2026,0.00014889270823914558
2027,0.00023343948123510927
2028,3.747931987163611e-05
2029,7.110864430615038e-08
2030,0.006445085164159536
2031,0.00032623851438984275
2032,3.4561867323645856e-06
2033,0.9527720212936401
2034,0.0001754355034790933
2035,0.9999988079071045
2036,2.3106472326617222e-06
2037,0.0009061642340384424
2038,0.9998605251312256
2039,2.5390938390046358e-05
2040,0.9998605251312256
2041,0.9998132586479187
2042,0.9998879432678223
2043,0.002998117823153734
2044,5.002503530704416e-05
2045,0.999047577381134
2046,0.999459445476532
2047,0.00010350560478400439
2048,8.823836105875671e-05
2049,7.02966781318537e-06
2050,0.9998927116394043
2051,0.0181075818836689
2052,0.9986013770103455
2053,7.657709829800297e-06
2054,0.9968697428703308
2055,0.999992847442627
2056,0.9999651908874512
2057,0.9999146461486816
2058,6.566276715602726e-05
2059,0.9996320009231567
2060,0.9692307710647583
2061,0.9999431371688843
2062,0.9999990463256836
2063,0.9499291777610779
2064,0.9997075200080872
2065,0.9998512268066406
2066,1.2536844224086963e-05
2067,0.999977707862854
2068,7.416720472974703e-05
2069,0.9968997240066528
2070,0.9997007846832275
2071,0.9993495345115662
2072,0.00439516082406044
2073,4.181436906947056e-06
2074,0.0017571720527485013
2075,3.111425758106634e-05
2076,3.0310687293422234e-07
2077,0.9981352090835571
2078,0.9999982118606567
2079,8.608670214016456e-06
2080,0.9965368509292603
2081,0.9991579055786133
2082,0.9141032695770264
2083,0.9999902248382568
2084,0.9995936751365662
2085,0.9862124919891357
2086,0.9993811845779419
2087,0.0008934022625908256
2088,6.843089795438573e-05
2089,2.3964178126334446e-06
2090,0.00010651943739503622
2091,0.9999837875366211
2092,0.9999873638153076
2093,0.000228308723308146
2094,0.02171006053686142
2095,0.9999831914901733
2096,0.010574114508926868
2097,0.10553019493818283
2098,0.8749756813049316
2099,0.9999641180038452
2100,8.277055712824222e-06
2101,0.9999964237213135
2102,0.9988903403282166
2103,0.9995729327201843
2104,0.9999440908432007
2105,1.5250552678480744e-06
2106,0.00024151171965058893
2107,0.9999954700469971
2108,2.6109794362128014e-06
2109,0.9999624490737915
2110,0.9999252557754517
2111,0.9999266862869263
2112,5.814903829559626e-07
2113,0.0005221227766014636
2114,0.9998424053192139
2115,0.00660899979993701
2116,5.568642791331513e-07
2117,0.9999903440475464
2118,1.7049736925400794e-05
2119,0.9886809587478638
2120,0.9999498128890991
2121,0.9397178888320923
2122,0.9999914169311523
2123,0.999995231628418
2124,0.9694920778274536
2125,0.9075584411621094
2126,0.9999327659606934
2127,0.023078441619873047
2128,7.517210906371474e-05
2129,0.9995959401130676
2130,0.00022460261243395507
2131,3.771081765080453e-06
2132,5.624801269732416e-05
2133,8.356759281014092e-06
2134,0.9999932050704956
2135,0.9999997615814209
2136,0.9999792575836182
2137,0.041267987340688705
2138,0.9797056317329407
2139,6.785198638681322e-05
2140,0.8439866900444031
2141,8.071748015936464e-05
2142,2.581582884886302e-05
2143,0.9999727010726929
2144,0.0003096274449490011
2145,0.999457061290741
2146,0.9999761581420898
2147,0.0050993128679692745
2148,0.06141664832830429
2149,8.229125114667113e-07
2150,0.0002015146310441196
2151,4.609349161910359e-06
2152,2.06275799996547e-07
2153,0.00015733932377770543
2154,0.999993085861206
2155,0.9999876022338867
2156,8.659447485115379e-05
2157,0.9999719858169556
2158,0.9973313808441162
2159,0.9803507924079895
2160,0.9729204773902893
2161,7.53741041989997e-05
2162,8.397492479161883e-08
2163,0.9999896287918091
2164,0.0216553695499897
2165,0.000221964466618374
2166,7.256466574290243e-07
2167,2.435503847664222e-05
2168,1.199548933072947e-05
2169,1.479831917094998e-05
2170,6.086717348807724e-06
2171,0.9998902082443237
2172,0.002926994813606143
2173,0.9983097314834595
2174,0.9999896287918091
2175,0.9999376535415649
2176,0.7300557494163513
2177,0.9998703002929688
2178,0.9999885559082031
2179,0.9999995231628418
2180,0.9990472197532654
2181,0.019630935043096542
2182,0.9977420568466187
2183,3.0520043310389156e-06
2184,0.9996422529220581
2185,0.9999998807907104
2186,0.9995582699775696
2187,1.1594480611165636e-06
2188,2.8186996132717468e-05
2189,0.9999908208847046
2190,1.0684621884138323e-05
2191,4.3812278249788505e-08
2192,0.5152025818824768
2193,0.9996523857116699
2194,0.9988013505935669
2195,0.009776538237929344
2196,0.9999294281005859
2197,0.9999489784240723
2198,0.9994474053382874
2199,0.9955937266349792
2200,4.0975817682920024e-05
2201,0.9956198334693909
2202,0.9999997615814209
2203,9.529128874419257e-06
2204,0.9515628814697266
2205,1.5146785870001622e-07
2206,0.009618173353374004
2207,0.0010464953957125545
2208,5.062314357928699e-06
2209,0.9998863935470581
2210,0.9996674060821533
2211,0.9999946355819702
2212,0.9996433258056641
2213,3.448673305683769e-05
2214,0.9986708164215088
2215,0.9997267127037048
2216,0.9998735189437866
2217,0.9999735355377197
2218,1.3152042583897128e-06
2219,3.1465478400605207e-07
2220,0.9985766410827637
2221,0.9999880790710449
2222,0.9999942779541016
2223,0.999920129776001
2224,0.0036785246338695288
2225,0.00011138329864479601
2226,0.9994375109672546
2227,0.005007387604564428
2228,0.9999605417251587
2229,0.9998173117637634
2230,0.997794508934021
2231,3.08824673993513e-05
2232,0.9998443126678467
2233,2.9227858249214478e-06
2234,0.9923086166381836
2235,5.729067652282538e-06
2236,0.05926673486828804
2237,5.007940490031615e-05
2238,0.9989687204360962
2239,5.812674999106093e-07
2240,0.9998918771743774
2241,0.9999998807907104
2242,5.653095058733015e-07
2243,0.00030027321190573275
2244,0.9995774626731873
2245,1.322736352449283e-06
2246,0.9999806880950928
2247,0.0002897539234254509
2248,0.0036873992066830397
2249,0.5605169534683228
2250,0.9966078996658325
2251,0.00026086828438565135
2252,2.2050139705243055e-06
2253,0.9996587038040161
2254,0.9942513704299927
2255,0.9998995065689087
2256,1.0618215355862048e-06
2257,0.009718190878629684
2258,0.999893069267273
2259,0.9964654445648193
2260,0.9999493360519409
2261,0.9783853888511658
2262,0.000244809576543048
2263,0.9999306201934814
2264,0.236619770526886
2265,5.024011443310883e-06
2266,9.640466487326194e-07
2267,0.9999939203262329
2268,2.0108118405914865e-06
2269,0.00021464732708409429
2270,0.0023678874131292105
2271,0.999998927116394
2272,0.9999833106994629
2273,7.173450740083354e-06
2274,3.8063970464463637e-07
2275,0.9999362230300903
2276,0.9999841451644897
2277,0.22098149359226227
2278,3.2881594052014407e-06
2279,0.01051654014736414
2280,0.999995231628418
2281,0.9990161657333374
2282,0.00030383453122340143
2283,0.006702663376927376
2284,0.9999995231628418
2285,0.9999934434890747
2286,0.9934260845184326
2287,3.816228854702786e-06
2288,2.0998840000174823e-08
2289,1.1636352610366885e-06
2290,2.625178240123205e-05
2291,0.965013861656189
2292,3.205783514204086e-06
2293,0.00016341031005140394
2294,0.7440155744552612
2295,0.9998761415481567
2296,7.000219284236664e-06
2297,0.9999786615371704
2298,2.160235908377217e-06
2299,4.145299317315221e-05
2300,0.9999996423721313
2301,0.9997736811637878
2302,1.97435019799741e-05
2303,0.00016113380843307823
2304,0.9999966621398926
2305,0.9913609623908997
2306,0.9997099041938782
2307,9.545500688545872e-06
2308,0.9863924384117126
2309,0.014233493246138096
2310,0.9999769926071167
2311,0.999476969242096
2312,1.8765915228868835e-05
2313,0.9945764541625977
2314,0.004294544458389282
2315,0.7739720940589905
2316,0.9999581575393677
2317,1.4381353139469866e-06
2318,0.001932045677676797
2319,0.9999996423721313
2320,0.995851993560791
2321,1.5279947547242045e-05
2322,0.9999914169311523
2323,1.3578473954112269e-05
2324,0.9998331069946289
2325,0.9999916553497314
2326,0.04571738466620445
2327,0.9998764991760254
2328,0.00017511779151391238
2329,1.974167571461294e-05
2330,0.0012856795219704509
2331,1.0016328815254383e-05
2332,0.0002725329250097275
2333,0.9999483823776245
2334,0.9998600482940674
2335,7.939839861137443e-07
2336,0.9999632835388184
2337,5.435346679405484e-07
2338,2.0102327198401326e-06
2339,0.9943171143531799
2340,0.9947103261947632
2341,4.10133543482516e-06
2342,0.9998483657836914
2343,0.00012787728337571025
2344,4.1367773519596085e-05
2345,0.9997344613075256
2346,1.0293376817571698e-07
2347,0.15541422367095947
2348,2.8264408683753572e-05
2349,4.043969966005534e-06
2350,0.9999973773956299
2351,0.9999933242797852
2352,3.7006357160862535e-05
2353,1.5763431804316497e-07
2354,1.4079947504797019e-05
2355,0.9999145269393921
2356,0.02757238782942295
2357,0.999985933303833
2358,0.9997848868370056
2359,0.9998201727867126
2360,6.090630904509453e-06
2361,0.4212704598903656
2362,0.9988045692443848
2363,1.853760113590397e-05
2364,0.00014980483683757484
2365,0.9999014139175415
2366,0.9998061060905457
2367,1.8001012449531117e-06
2368,0.9999576807022095
2369,1.3108468920108862e-05
2370,7.498324703192338e-05
2371,5.7485642173560336e-05
2372,0.9983742237091064
2373,0.9999496936798096
2374,0.9999923706054688
2375,1.6469126649099053e-06
2376,0.9998599290847778
2377,2.077163799185655e-06
2378,0.9997331500053406
2379,0.006065982859581709
2380,1.6949572909652488e-06
2381,0.9999682903289795
2382,6.78741853334941e-05
2383,0.9997245669364929
2384,0.9975345134735107
2385,0.987255334854126
2386,0.9977228045463562
2387,0.0014494778588414192
2388,0.9997904896736145
2389,0.9999579191207886
2390,8.115943273878656e-06
2391,0.9988769888877869
2392,3.20676299452316e-05
2393,1.0
2394,2.93893918978938e-07
2395,1.1243427024965058e-06
2396,9.079011533685843e-07
2397,1.4667990910766093e-07
2398,0.9713022112846375
2399,9.079495066544041e-05
2400,0.9999979734420776
2401,5.103324269839504e-07
2402,0.9999580383300781
2403,0.9993104934692383
2404,0.9999527931213379
2405,3.854407168546459e-06
2406,0.9998596906661987
2407,7.416918492708646e-07
2408,2.333694283151999e-06
2409,0.9999631643295288
2410,0.003642852883785963
2411,1.3116308764438145e-05
2412,0.9999860525131226
2413,3.125575676676817e-05
2414,6.40366124571301e-05
2415,2.7948373826802708e-05
2416,0.9998550415039062
2417,0.00023256949498318136
2418,2.111077947120066e-06
2419,3.323400221688644e-08
2420,0.9258795976638794
2421,3.872789420711342e-06
2422,0.9999675750732422
2423,0.005376358516514301
2424,0.00028966498211957514
2425,2.3757388945000457e-08
2426,8.887180229066871e-06
2427,0.00021955840929877013
2428,0.9998736381530762
2429,6.625831156270579e-05
2430,0.9999712705612183
2431,0.9999223947525024
2432,0.999812662601471
2433,0.9990942478179932
2434,0.0017970504704862833
2435,1.031152714858763e-05
2436,0.0037977772299200296
2437,0.9999396800994873
2438,0.9999901056289673
2439,6.454657750509796e-07
2440,5.1636281028777375e-08
2441,0.003060719696804881
2442,0.9998825788497925
2443,0.00012078823056071997
2444,0.9997401833534241
2445,0.9997454285621643
2446,0.0019320062128826976
2447,0.9999904632568359
2448,0.9980717301368713
2449,0.003004625905305147
2450,0.9996285438537598
2451,0.9993830919265747
2452,0.9999690055847168
2453,2.8125986872851172e-08
2454,8.430088928434998e-05
2455,1.0884064067795407e-06
2456,0.9984610080718994
2457,0.9998227953910828
2458,0.0001344677002634853
2459,0.9999867677688599
2460,9.662192468340436e-08
2461,0.00013491195568349212
2462,0.9953333735466003
2463,0.00010664260480552912
2464,0.999992847442627
2465,0.9999682903289795
2466,0.9852877855300903
2467,0.9999864101409912
2468,0.8439605236053467
2469,0.9999914169311523
2470,0.9994175434112549
2471,0.9999910593032837
2472,0.9986940026283264
2473,0.0010501426877453923
2474,0.9999947547912598
2475,0.0008803264354355633
2476,0.9980081915855408
2477,1.111996425606776e-06
2478,0.9997172951698303
2479,8.158851301232062e-07
2480,8.621307642897591e-05
2481,0.9999994039535522
2482,0.9980120658874512
2483,0.9999678134918213
2484,0.9999866485595703
2485,1.8319481114303926e-06
2486,1.9720450836757664e-06
2487,0.9993128776550293
2488,3.898985232808627e-05
2489,0.9998737573623657
2490,0.999962568283081
2491,0.9999997615814209
2492,0.00013134903565514833
2493,5.6759145081741735e-06
2494,0.9999561309814453
2495,0.2427414357662201
2496,0.6345418095588684
2497,8.122949657263234e-05
2498,0.9999994039535522
2499,1.2711755061900476e-06
2500,3.2411662687081844e-05
2501,1.8764879428090353e-08
2502,4.553801045403816e-05
2503,0.003412473713979125
2504,0.9991346001625061
2505,0.9999971389770508
2506,0.9999967813491821
2507,0.9997051358222961
2508,0.00017688759544398636
2509,0.9999769926071167
2510,0.9978070855140686
2511,0.9999845027923584
2512,6.2466089730151e-05
2513,9.020901643452817e-07
2514,0.9963275790214539
2515,0.9771862030029297
2516,0.0022418471053242683
2517,2.3171899101726012e-06
2518,0.9989672899246216
2519,1.7798995031625964e-05
2520,0.9979782700538635
2521,0.9999622106552124
2522,1.282372750210925e-06
2523,0.9999603033065796
2524,0.00034559599589556456
2525,0.9973840117454529
2526,1.2946228707733098e-05
2527,0.9902785420417786
2528,0.2494201958179474
2529,0.9949392080307007
2530,9.005369975056965e-06
2531,6.68362005740164e-08
2532,0.9999135732650757
2533,0.9995809197425842
2534,8.634660844109021e-06
2535,4.344026820035651e-06
2536,5.8787143643712625e-05
2537,0.9999994039535522
2538,0.002814915496855974
2539,0.9999853372573853
2540,2.15778777601372e-06
2541,0.9999852180480957
2542,0.0002023566048592329
2543,0.9998683929443359
2544,0.98020339012146
2545,2.9669880063920573e-07
2546,0.9999960660934448
2547,0.9997270703315735
2548,3.563860900612781e-06
2549,3.247939503125963e-06
2550,1.8502170860301703e-05
2551,0.0003649141581263393
2552,1.0
2553,4.0049824747256935e-05
2554,2.456844231346622e-05
2555,0.9999872446060181
2556,0.999796450138092
2557,1.1302566917947843e-06
2558,1.1454076229711063e-05
2559,0.9999836683273315
2560,0.9999737739562988
2561,0.9999613761901855
2562,0.9999773502349854
2563,9.341241593574523e-07
2564,2.3320072273236292e-07
2565,2.544689436945191e-07
2566,0.9999386072158813
2567,5.472823613672517e-05
2568,0.9999592304229736
2569,0.9997186064720154
2570,0.9986622333526611
2571,1.226315725944005e-05
2572,0.08160404115915298
2573,0.9997475743293762
2574,4.886829856332042e-07
2575,0.9989534616470337
2576,1.3264123026601737e-06
2577,0.9999967813491821
2578,2.57966330536874e-05
2579,0.999860405921936
2580,0.0001576697250129655
2581,0.9997292160987854
2582,0.9999990463256836
2583,0.9999943971633911
2584,0.00020964689610991627
2585,0.00029929657466709614
2586,3.035772522252955e-07
2587,6.534225462928589e-07
2588,9.451947698835284e-05
2589,0.9989731311798096
2590,0.9999895095825195
2591,1.254185463039903e-05
2592,3.809140980592929e-05
2593,0.024033384397625923
2594,0.9999908208847046
2595,0.0022064479999244213
2596,0.009980619885027409
2597,2.9347877443797188e-06
2598,0.9997873902320862
2599,0.9997424483299255
2600,0.9976267218589783
2601,0.9923579096794128
2602,0.9999853372573853
2603,2.4604034479125403e-05
2604,0.01633167639374733
2605,0.9999141693115234
2606,0.9898165464401245
2607,0.0003880278381984681
2608,8.925035217544064e-07
2609,0.9999943971633911
2610,1.3602001445178757e-06
2611,0.0003271832247264683
2612,0.9999943971633911
2613,0.9999679327011108
2614,0.9998278617858887
2615,0.0020976138766855
2616,0.9961167573928833
2617,0.9999771118164062
2618,5.083703399577644e-06
2619,1.1807097507698927e-05
2620,7.329339041461935e-06
2621,4.7525670510140117e-08
2622,0.0003511289833113551
2623,4.7040754225236014e-07
2624,0.9998615980148315
2625,2.5867232125165174e-06
2626,0.9999808073043823
2627,0.9994757771492004
2628,0.9999735355377197
2629,0.9888681173324585
2630,1.0193850386031045e-07
2631,0.12780781090259552
2632,9.638729534344748e-05
2633,0.02414604090154171
2634,0.9999938011169434
2635,0.9999396800994873
2636,0.21297529339790344
2637,2.8237791411811486e-05
2638,0.9999992847442627
2639,1.116791622735036e-06
2640,2.0372579001559643e-06
2641,0.9968360662460327
2642,0.9999605417251587
2643,0.9990631937980652
2644,0.9949427247047424
2645,0.7692958116531372
2646,2.6293680548405973e-06
2647,0.0029986209701746702
2648,0.999998927116394
2649,9.797272650757805e-05
2650,0.00022421980975195765
2651,0.9999991655349731
2652,0.00023885304108262062
2653,1.1019128578482196e-05
2654,0.6072896122932434
2655,2.1300927983247675e-05
2656,0.9999613761901855
2657,0.00445760041475296
2658,4.29485089625814e-06
2659,0.8801637291908264
2660,2.5071426534850616e-07
2661,0.9999998807907104
2662,0.06024041399359703
2663,0.9998701810836792
2664,0.999994158744812
2665,0.002064688829705119
2666,5.9304688875272404e-06
2667,1.4131994248600677e-05
2668,0.009015902876853943
2669,2.9565983368229354e-06
2670,4.806683136848733e-05
2671,0.9977207779884338
2672,2.8873544124508044e-06
2673,0.9912063479423523
2674,0.0038512451574206352
2675,3.35564800479915e-05
2676,0.0002593977842479944
2677,0.44074976444244385
2678,0.9999988079071045
2679,0.9999668598175049
2680,0.9991557598114014
2681,1.2318046174186748e-05
2682,0.9999485015869141
2683,0.999982476234436
2684,0.9993294477462769
2685,0.00014916369400452822
2686,0.0004506975819822401
2687,3.246948608648381e-06
2688,3.5951504742115503e-06
2689,0.9997469782829285
2690,5.021458491683006e-06
2691,0.9993990659713745
2692,0.9999308586120605
2693,0.008372923359274864
2694,0.011093178763985634
2695,0.9999779462814331
2696,1.3095196891299565e-06
2697,0.999964714050293
2698,4.3113109313708264e-06
2699,7.803145308571402e-06
2700,0.9989833235740662
2701,0.003900696989148855
2702,0.9999872446060181
2703,1.4149362868920434e-05
2704,0.9999423027038574
2705,3.7282068205968244e-06
2706,0.6478590369224548
2707,0.0042983489111065865
2708,4.8634745326125994e-05
2709,0.9999516010284424
2710,0.9998934268951416
2711,5.746457645727787e-06
2712,0.9906653165817261
2713,0.028345497325062752
2714,0.9973199963569641
2715,6.868012292216008e-07
2716,0.9999464750289917
2717,0.9969944953918457
2718,0.9997825026512146
2719,0.99994957447052
2720,0.9995403289794922
2721,0.999679684638977
2722,0.9999924898147583
2723,1.4706721458424e-06
2724,0.9992246627807617
2725,0.0014340953202918172
2726,9.177422180073336e-05
2727,0.9999585151672363
2728,0.009577849879860878
2729,0.00021207999088801444
2730,0.9997525811195374
2731,1.4971297787269577e-05
2732,0.999962568283081
2733,6.203683005878702e-05
2734,0.00026767340023070574
2735,1.6527846469216456e-07
2736,3.736369762918912e-05
2737,0.9995220899581909
2738,0.9965143799781799
2739,0.999987006187439
2740,0.9996101260185242
2741,0.002368619665503502
2742,4.557771535473876e-05
2743,0.9999982118606567
2744,0.9999784231185913
2745,0.9998646974563599
2746,2.9513395816138654e-07
2747,3.2752341212471947e-06
2748,0.997603714466095
2749,1.944720828817026e-09
2750,7.548904977738857e-05
2751,0.9999593496322632
2752,0.9969202280044556
2753,0.0028973896987736225
2754,1.643989207877894e-06
2755,0.9811540246009827
2756,0.9999985694885254
2757,0.999997615814209
2758,0.048123206943273544
2759,0.9995476603507996
2760,4.568489748635329e-05
2761,0.9710972309112549
2762,0.0007609471795149148
2763,0.9997500777244568
2764,0.00023961854458320886
2765,1.0460950761626009e-05
2766,0.999940037727356
2767,0.9987679123878479
2768,0.9998700618743896
2769,2.5077812097151764e-05
2770,0.9996645450592041
2771,0.9995450377464294
2772,0.6549295783042908
2773,0.21665970981121063
2774,0.9994152784347534
2775,0.9999970197677612
2776,0.9999680519104004
2777,0.9984569549560547
2778,0.9999911785125732
2779,3.852845111396164e-06
2780,2.0622734155040234e-05
2781,3.506726716295816e-05
2782,0.0001716106489766389
2783,5.042655175202526e-06
2784,4.6188670239644125e-06
2785,5.7705114159034565e-05
2786,0.9915645122528076
2787,0.9998437166213989
2788,0.9999533891677856
2789,0.9999029636383057
2790,0.0003338699461892247
2791,0.9998036026954651
2792,0.9984014630317688
2793,1.7925532347362605e-06
2794,1.3641996702062897e-05
2795,0.9999945163726807
2796,0.9999978542327881
2797,3.802840001299046e-05
2798,0.99940025806427
2799,0.0016384233022108674
2800,0.9998842477798462
2801,0.9982296824455261
2802,0.9988448619842529
2803,2.0687539290520363e-06
2804,0.9999768733978271
2805,5.16145519213751e-06
2806,0.9999504089355469
2807,7.237336103571579e-05
2808,2.819963924594049e-07
2809,0.00041761461761780083
2810,3.599826641220716e-06
2811,0.012378687970340252
2812,0.017020806670188904
2813,0.9999998807907104
2814,0.00032997806556522846
2815,1.1083416211477015e-06
2816,0.0001727208582451567
2817,3.4141470678150654e-05
2818,0.00010861390182981268
2819,3.4045870052068494e-06
2820,0.9999673366546631
2821,0.005561975296586752
2822,0.9994658827781677
2823,2.7862117804033915e-06
2824,0.9993258714675903
2825,6.684139952994883e-05
2826,0.9998756647109985
2827,0.9998493194580078
2828,1.9753784727072343e-05
2829,0.9999401569366455
2830,0.9999961853027344
2831,0.0005512491334229708
2832,0.999724805355072
2833,0.9996479749679565
2834,0.9995359182357788
2835,0.9974451065063477
2836,0.0008386472472921014
2837,3.704862319864333e-05
2838,2.356185177632142e-05
2839,0.02818630263209343
2840,8.6667313325961e-09
2841,3.997206295025535e-05
2842,0.9998112320899963
2843,0.9993119239807129
2844,0.9939071536064148
2845,0.9999524354934692
2846,0.9985761642456055
2847,0.9999933242797852
2848,9.949961167876609e-06
2849,3.35911590809701e-06
2850,1.4501515011033916e-07
2851,1.9481209164950997e-05
2852,5.550474816118367e-05
2853,7.908848601800855e-06
2854,3.352903149789199e-05
2855,0.9996869564056396
2856,0.9985038042068481
2857,7.067357728374191e-06
2858,0.00045475352089852095
2859,4.599486601364333e-06
2860,0.6934768557548523
2861,0.9990001320838928
2862,0.9778841733932495
2863,0.01492753904312849
2864,0.9999613761901855
2865,0.009540348313748837
2866,4.50074958280311e-06
2867,0.9999691247940063
2868,0.9999532699584961
2869,0.00011349750275257975
2870,0.9999357461929321
2871,0.9999995231628418
2872,7.172473601713136e-07
2873,1.815679388528224e-05
2874,4.4620141125051305e-05
2875,0.9999431371688843
2876,0.9999473094940186
2877,0.9999685287475586
2878,0.9999185800552368
2879,0.9999920129776001
2880,7.0142918957571965e-06
2881,0.9999970197677612
2882,0.9999556541442871
2883,7.012729474809021e-05
2884,0.9985563158988953
2885,0.9998836517333984
2886,2.361661870509124e-07
2887,1.3000530429962964e-08
2888,0.015970636159181595
2889,0.999864935874939
2890,0.00018835657101590186
2891,0.9999182224273682
2892,0.9999921321868896
2893,0.00027519435388967395
2894,0.9825789928436279
2895,0.9999964237213135
2896,2.02400670445968e-07
2897,3.335175642860122e-05
2898,0.0008220616145990789
2899,0.9948087930679321
2900,0.9997343420982361
2901,7.158116659411462e-07
2902,9.990402031689882e-05
2903,0.14050450921058655
2904,0.9983373880386353
2905,0.9982884526252747
2906,0.0013081664219498634
2907,0.9999251365661621
2908,0.0025894937571138144
2909,0.00026711661485023797
2910,0.9999620914459229
2911,0.9999315738677979
2912,0.9997196793556213
2913,0.9993675351142883
2914,0.08936358243227005
2915,5.7147978793636867e-08
2916,0.9999521970748901
2917,2.2280175926425727e-07
2918,0.006639826111495495
2919,0.9999910593032837
2920,2.4466688046231866e-05
2921,0.0008637123391963542
2922,2.6944542696583085e-05
2923,0.9975494742393494
2924,0.9999536275863647
2925,0.9999957084655762
2926,0.9978614449501038
2927,0.9995099306106567
2928,0.9999897480010986
2929,0.06291475147008896
2930,0.0163721963763237
2931,0.9997221827507019
2932,5.8835041272686794e-05
2933,0.0002072651986964047
2934,8.549426274839789e-05
2935,1.5896267768766847e-06
2936,0.9999703168869019
2937,4.934984190185787e-07
2938,3.765946166822687e-05
2939,0.9999868869781494
2940,0.9999850988388062
2941,5.511451945494628e-06
2942,7.5522817496676e-05
2943,0.00013894740550313145
2944,1.6913185390876606e-05
2945,0.9999842643737793
2946,0.999855637550354
2947,0.00014025646669324487
2948,0.9999216794967651
2949,0.9962877035140991
2950,0.9999361038208008
2951,0.9999370574951172
2952,0.9998711347579956
2953,2.0606846646842314e-06
2954,1.7556625664383319e-07
2955,0.00023310161486733705
2956,0.999884843826294
2957,0.002869523363187909
2958,0.9996392726898193
2959,0.00010247901809634641
2960,0.027095485478639603
2961,0.9951039552688599
2962,4.00878207074129e-06
2963,0.0004899157211184502
2964,0.9999990463256836
2965,0.00016768551722634584
2966,1.2459157005650923e-05
2967,1.6021401734178653e-06
2968,3.0808630981482565e-05
2969,0.7976186275482178
2970,0.0002691027766559273
2971,0.9998682737350464
2972,0.9998612403869629
2973,0.0037101528141647577
2974,0.9992351531982422
2975,0.9999955892562866
2976,0.027962148189544678
2977,8.321584573423024e-06
2978,0.026057986542582512
2979,0.0010835339780896902
2980,3.017100789293181e-05
2981,0.9991791844367981
2982,0.9982470273971558
2983,1.4533786270476412e-05
2984,0.999834418296814
2985,1.0077106082917453e-07
2986,0.0003180817293468863
2987,2.2119409095466835e-06
2988,0.9999951124191284
2989,1.6924464944167994e-05
2990,0.9999861717224121
2991,6.380776085279649e-06
2992,0.9999696016311646
2993,5.54376629224862e-06
2994,0.006872832775115967
2995,1.4190998626872897e-05
2996,0.9999920129776001
2997,8.257105946540833e-05
2998,0.9999943971633911
2999,7.202618689916562e-06
3000,0.9936603903770447
3001,0.9999910593032837
3002,0.9997219443321228
3003,5.4462498155771755e-06
3004,1.8036444089375436e-06
3005,0.0001332006067968905
3006,0.9999419450759888
3007,0.9998675584793091
3008,2.4450531554975896e-07
3009,0.9999828338623047
3010,0.0021778116934001446
3011,0.9996936321258545
3012,0.00039407057920470834
3013,0.00015298830112442374
3014,1.2165984117018525e-05
3015,0.897283673286438
3016,0.9980182647705078
3017,0.017560135573148727
3018,0.999916672706604
3019,0.9999713897705078
3020,0.9999136924743652
3021,0.9999465942382812
3022,4.3456843741296325e-06
3023,0.00015171269478742033
3024,0.9999954700469971
3025,2.267194213345647e-05
3026,1.0319741704734042e-05
3027,7.428768003592268e-05
3028,0.9999772310256958
3029,0.9998832941055298
3030,0.0005752695724368095
3031,0.0018038635607808828
3032,0.999976396560669
3033,0.00011646390339592472
3034,1.5939592685754178e-06
3035,5.560014528782631e-07
3036,3.0603640510662444e-08
3037,0.987726628780365
3038,0.9994727969169617
3039,0.9998385906219482
3040,0.00010078846389660612
3041,0.9999849796295166
3042,2.6864898927669856e-07
3043,0.9998964071273804
3044,0.9999275207519531
3045,0.9999568462371826
3046,0.00013179706002119929
3047,2.4244409360107966e-05
3048,6.121842307038605e-05
3049,0.038633912801742554
3050,0.8323361277580261
3051,0.9999876022338867
3052,0.9999566078186035
3053,0.00046746880980208516
3054,7.634471330675296e-06
3055,0.13749714195728302
3056,6.840081823611399e-06
3057,0.9922881126403809
3058,0.0001256364193977788
3059,0.9978179931640625
3060,0.9997425675392151
3061,0.9992817044258118
3062,0.9969274401664734
3063,7.283437071237131e-07
3064,0.9760481715202332
3065,0.9999957084655762
3066,0.9995641112327576
3067,0.00014535275113303214
3068,0.9999207258224487
3069,0.9969347715377808
3070,0.9999829530715942
3071,7.273106803040719e-06
3072,0.9999594688415527
3073,0.9896489381790161
3074,0.9975964426994324
3075,0.9999985694885254
3076,0.9999253749847412
3077,7.808949042953373e-09
3078,0.9931038022041321
3079,1.6340463560027274e-07
3080,4.303033711039461e-05
3081,0.0018528088694438338
3082,0.9971202611923218
3083,0.9994021654129028
3084,5.030311058362713e-06
3085,0.9981458187103271
3086,0.9972023963928223
3087,2.923097781604156e-05
3088,1.2662456356338225e-05
3089,0.999976396560669
3090,6.324928108369932e-05
3091,0.00031046956428326666
3092,0.9997162222862244
3093,4.429015916684875e-06
3094,0.9998416900634766
3095,0.9997350573539734
3096,0.998068630695343
3097,1.727466241163711e-07
3098,6.182364131745999e-07
3099,0.9983787536621094
3100,3.8818308212285046e-07
3101,0.9999997615814209
3102,0.9088271260261536
3103,0.9999773502349854
3104,0.0035979540552943945
3105,0.9995864033699036
3106,1.2171787602710538e-05
3107,0.0014374986058101058
3108,0.00015128178347367793
3109,0.8289430737495422
3110,0.9981889128684998
3111,0.0015135853318497539
3112,0.9945564270019531
3113,1.5228274605760816e-05
3114,0.9999814033508301
3115,0.9995099306106567
3116,0.9999996423721313
3117,0.9995008707046509
3118,0.00011714723223121837
3119,0.9999889135360718
3120,0.9926260113716125
3121,1.9511126936322398e-07
3122,4.755841587211762e-07
3123,0.0017215359257534146
3124,0.9997351765632629
3125,0.9998047947883606
3126,0.010680871084332466
3127,0.007040672469884157
3128,0.9999650716781616
3129,0.993771493434906
3130,4.025218731840141e-05
3131,9.764830366520982e-08
3132,1.0128175063073286e-06
3133,0.9992315769195557
3134,0.9999337196350098
3135,8.439137309323996e-05
3136,0.9953827261924744
3137,0.98466956615448
3138,0.9991323351860046
3139,0.9990817308425903
3140,0.3383646309375763
3141,0.9999983310699463
3142,0.15535514056682587
3143,0.9999561309814453
3144,4.816998284695728e-07
3145,0.9987855553627014
3146,2.8869523660546292e-08
3147,0.9999542236328125
3148,0.9999773502349854
3149,0.9999943971633911
3150,0.9944062232971191
3151,0.9999979734420776
3152,0.9935213923454285
3153,5.9583278925856575e-05
3154,0.00044639321276918054
3155,0.9953662157058716
3156,0.9979709982872009
3157,0.9999982118606567
3158,3.2437021673104027e-06
3159,0.9919943809509277
3160,0.9994668364524841
3161,6.648718408541754e-05
3162,0.9348549842834473
3163,6.060035957489163e-05
3164,3.622126953928273e-08
3165,1.1483720072646975e-06
3166,0.9999438524246216
3167,1.278092476297843e-08
3168,4.811617486666364e-07
3169,0.0005201812600716949
3170,0.9999516010284424
3171,5.631504609482363e-05
3172,4.236437234794721e-05
3173,5.2920449888915755e-06
3174,3.764779103221372e-05
3175,2.639578440266632e-07
3176,0.9999004602432251
3177,1.2973837328900117e-06
3178,0.9993613362312317
3179,0.00024759426014497876
3180,5.0030950660584494e-05
3181,0.9997854828834534
3182,0.9999990463256836
3183,2.7789734303951263e-05
3184,0.9999765157699585
3185,0.011239764280617237
3186,0.0006720959208905697
3187,0.9999796152114868
3188,0.0007937291520647705
3189,0.999975323677063
3190,1.32581790239783e-05
3191,0.0004182969278190285
3192,0.999816358089447
3193,8.084079468062555e-07
3194,7.069994580888306e-07
3195,0.9768233299255371
3196,0.9999752044677734
3197,0.00017545356240589172
3198,0.9978209733963013
3199,7.855287975644387e-09
3200,0.999873161315918
3201,0.998259961605072
3202,1.9738570244953735e-06
3203,0.9994925260543823
3204,0.9990578293800354
3205,7.783931437188585e-07
3206,0.9998431205749512
3207,6.991966188252263e-07
3208,3.5357214756004396e-07
3209,0.9999581575393677
3210,0.9400287866592407
3211,5.5331831390503794e-05
3212,0.9990527033805847
3213,2.496775414329022e-05
3214,0.0017800608184188604
3215,0.9981295466423035
3216,0.9997866749763489
3217,0.9985587000846863
3218,0.00034701579716056585
3219,0.043886397033929825
3220,9.611442510504276e-05
3221,0.000252113415626809
3222,0.9836114048957825
3223,0.9999998807907104
3224,0.9998881816864014
3225,0.00016891701670829207
3226,0.9999719858169556
3227,0.04621172696352005
3228,0.00034316827077418566
3229,0.9993591904640198
3230,0.0008861467940732837
3231,2.523333387216553e-05
3232,8.989024536276702e-06
3233,0.00016112736193463206
3234,0.050754960626363754
3235,0.9995280504226685
3236,2.304456756974105e-06
3237,0.99998939037323
3238,0.9999457597732544
3239,0.9999810457229614
3240,0.9644573330879211
3241,0.973839282989502
3242,1.3816227237839485e-06
3243,0.9987295269966125
3244,0.999504566192627
3245,0.9932268261909485
3246,0.001205861335620284
3247,0.9998494386672974
3248,0.9998185038566589
3249,0.05046374350786209
3250,0.0007896153838373721
3251,0.00042461190605536103
3252,0.8323361277580261
3253,0.9978885054588318
3254,0.9998262524604797
3255,4.329343141762365e-07
3256,0.0003475758421700448
3257,7.55128130549565e-05
3258,0.99915611743927
3259,0.13746683299541473
3260,0.999987006187439
3261,0.9988197684288025
3262,0.9999756813049316
3263,3.419220229261555e-05
3264,0.5617477297782898
3265,9.501197200734168e-05
3266,0.0006413072696886957
3267,0.3520512878894806
3268,6.975369046813285e-07
3269,0.9991756081581116
3270,0.021226583048701286
3271,1.6960560969891958e-05
3272,0.9997525811195374
3273,0.999079704284668
3274,0.9999916553497314
3275,0.004705948755145073
3276,0.8104543685913086
3277,0.9999972581863403
3278,4.4542171963257715e-05
3279,0.9826604723930359
3280,0.00016559781215619296
3281,0.009706179611384869
3282,1.3731528270000126e-06
3283,8.562462880945532e-07
3284,0.9980008006095886
3285,2.609453417790064e-07
3286,4.533557148533873e-05
3287,0.999212384223938
3288,0.999988317489624
3289,8.468249689030927e-06
3290,2.4524948457838036e-05
3291,0.9998830556869507
3292,0.9969609379768372
3293,0.9999557733535767
3294,0.9998883008956909
3295,0.08055762201547623
3296,3.898793181633664e-07
3297,0.00010007058881456032
3298,0.9999568462371826
3299,7.643577191629447e-06
3300,3.375355163370841e-06
3301,0.999967098236084
3302,0.9999958276748657
3303,0.999984860420227
3304,0.9890497922897339
3305,0.00011715225991792977
3306,4.6974767542451445e-07
3307,0.0007705765892751515
3308,0.9998989105224609
3309,0.999914288520813
3310,0.9972041845321655
3311,0.04033263027667999
3312,0.997305154800415
3313,0.021079547703266144
3314,0.999984622001648
3315,0.9999923706054688
3316,2.9638016712851822e-05
3317,0.945593535900116
3318,1.989254769796389e-06
3319,0.0017059100791811943
3320,0.0020169606432318687
3321,0.9999979734420776
3322,0.00012106002395739779
3323,0.9995980858802795
3324,1.4405737935874185e-08
3325,0.9927858114242554
3326,3.3565115131750645e-07
3327,0.999987006187439
3328,0.9999939203262329
3329,0.9999806880950928
3330,3.037639362446498e-05
3331,0.9999547004699707
3332,0.0003345004515722394
3333,8.293580435747572e-07
3334,0.9999998807907104
3335,0.010928659699857235
3336,0.9999204874038696
3337,0.22429509460926056
3338,0.9919402003288269
3339,0.992743968963623
3340,0.9999996423721313
3341,0.0003627173136919737
3342,2.381727063038852e-05
3343,0.0017691481625661254
3344,0.9999773502349854
3345,0.9927546381950378
3346,0.4275677502155304
3347,1.8185066892328905e-06
3348,7.809121598256752e-05
3349,2.7419146135798655e-06
3350,0.0003616746689658612
3351,0.9995465874671936
3352,4.5307348045753315e-05
3353,4.3467437649269414e-07
3354,0.9999991655349731
3355,0.1116790696978569
3356,0.9998936653137207
3357,0.9989895224571228
3358,0.9964633584022522
3359,0.9996458292007446
3360,2.8952439379281714e-07
3361,0.9975523352622986
3362,0.9999686479568481
3363,0.9982909560203552
3364,0.9999845027923584
3365,0.522279679775238
3366,0.9999721050262451
3367,0.9999799728393555
3368,8.235552377300337e-05
3369,0.0008405644330196083
3370,0.0002681142359506339
3371,3.712622128659859e-05
3372,0.999987006187439
3373,0.3529341518878937
3374,0.9999998807907104
3375,0.9993411898612976
3376,5.064651304564904e-06
3377,4.434844413481187e-06
3378,0.9999910593032837
3379,0.0003928405058104545
3380,0.9999169111251831
3381,0.0001820250618038699
3382,0.011264139786362648
3383,0.9999988079071045
3384,0.9973886609077454
3385,0.9999290704727173
3386,4.513549720286392e-05
3387,3.681224825413665e-06
3388,1.4112722055870108e-05
3389,1.0804332305269782e-05
3390,4.157880084676435e-06
3391,0.9997542500495911
3392,8.955842645264056e-08
3393,6.223623131518252e-06
3394,8.945068657340016e-06
3395,0.999618411064148
3396,0.9995085000991821
3397,2.0487570964178303e-06
3398,2.4237313482444733e-05
3399,0.999977707862854
3400,0.9999445676803589
3401,0.9998660087585449
3402,2.2707902189722518e-06
3403,0.019001144915819168
3404,5.776072157459566e-06
3405,0.0004669453192036599
3406,0.001900835894048214
3407,0.9993378520011902
3408,0.9998918771743774
3409,0.999992847442627
3410,0.999913215637207
3411,9.266288003573209e-08
3412,0.9994506239891052
3413,0.9999995231628418
3414,0.9998167157173157
3415,0.0012667170958593488
3416,0.9996836185455322
3417,0.9999769926071167
3418,1.9582748223001545e-07
3419,0.9999769926071167
3420,0.9999873638153076
3421,0.9999697208404541
3422,0.9999980926513672
3423,8.0238004329658e-07
3424,0.991378664970398
3425,0.9996115565299988
3426,0.9999992847442627
3427,0.9984586238861084
3428,0.003573402762413025
3429,5.907499144086614e-05
3430,0.9998600482940674
3431,0.11559050530195236
3432,0.9998370409011841
3433,0.99996018409729
3434,0.9999862909317017
3435,0.9995021820068359
3436,0.9991222023963928
3437,0.9997425675392151
3438,0.0001125101262005046
3439,2.0571584173012525e-05
3440,0.0026786141097545624
3441,0.9999862909317017
3442,0.9998407363891602
3443,3.792514689848758e-05
3444,0.0001180211256723851
3445,0.9999417066574097
3446,0.9998798370361328
3447,7.364848715951666e-05
3448,9.120266440731939e-06
3449,3.3323299248877447e-06
3450,0.016374284401535988
3451,2.5342460503452457e-05
3452,0.9998596906661987
3453,1.8593211734696524e-06
3454,0.9998514652252197
3455,0.999972939491272
3456,2.3051250082062325e-06
3457,2.0161442293442633e-08
3458,6.671733832064319e-09
3459,0.999829888343811
3460,0.0015310439048334956
3461,7.984299736563116e-05
3462,2.1149169526779588e-08
3463,8.81000523804687e-05
3464,0.9998935461044312
3465,0.00945193786174059
3466,0.08680032193660736
3467,0.999873161315918
3468,0.9996598958969116
3469,0.9997958540916443
3470,0.9980233907699585
3471,0.9999845027923584
3472,1.0855952496058308e-05
3473,3.91075991501566e-05
3474,2.5041676053660922e-05
3475,0.00014255834685172886
3476,1.0617233101584134e-06
3477,0.03672273829579353
3478,0.9999984502792358
3479,0.9999819993972778
3480,0.0012493559624999762
3481,0.804469883441925
3482,0.9988975524902344
3483,3.0263656753959367e-06
3484,0.9989829659461975
3485,0.9999548196792603
3486,0.9999818801879883
3487,0.00727056572213769
3488,0.9999887943267822
3489,2.4528471840312704e-06
3490,0.9999939203262329
3491,0.9999960660934448
3492,8.765558959566988e-06
3493,3.696649946505204e-05
3494,0.9993150234222412
3495,0.9989016056060791
3496,1.4554133542787895e-07
3497,0.9999805688858032
3498,1.2314322702877689e-05
3499,4.223800260660937e-06
3500,0.9961417317390442
3501,4.26013184551266e-06
3502,4.016730144940084e-06
3503,0.00011805420945165679
3504,0.9999957084655762
3505,0.9999886751174927
3506,0.9808084964752197
3507,0.9999569654464722
3508,0.9999716281890869
3509,0.9999473094940186
3510,1.4177210516663763e-07
3511,0.9975887537002563
3512,0.9993313550949097
3513,1.8776298020384274e-05
3514,0.0010457010939717293
3515,0.9999997615814209
3516,2.535323983465787e-05
3517,0.00031446226057596505
3518,2.1651407223544084e-05
3519,0.999982476234436
3520,0.9939058423042297
3521,0.9590405821800232
3522,0.9999938011169434
3523,0.9999997615814209
3524,0.9922882914543152
3525,0.00011748775432351977
3526,0.9999387264251709
3527,0.9999821186065674
3528,0.9826566576957703
3529,0.9998804330825806
3530,0.9734674096107483
3531,0.03299059346318245
3532,0.9984159469604492
3533,1.437636115042551e-06
3534,0.018284548074007034
3535,0.9999773502349854
3536,0.9995002746582031
3537,0.20402224361896515
3538,0.9999115467071533
3539,0.9994522929191589
3540,1.635366970731411e-05
3541,0.000459794100606814
3542,0.9990585446357727
3543,5.367073299566982e-06
3544,0.9994738698005676
3545,4.0018712752498686e-05
3546,0.999930739402771
3547,2.202401083195582e-05
3548,2.96270712851765e-07
3549,0.003272520611062646
3550,0.9999343156814575
3551,2.183029437219375e-06
3552,0.9999383687973022
3553,0.00010474075679667294
3554,0.9999350309371948
3555,5.6630302424309775e-05
3556,0.0005297467578202486
3557,0.9999918937683105
3558,0.999963641166687
3559,6.163012585602701e-06
3560,0.007061364129185677
3561,8.556006036997132e-07
3562,0.99994957447052
3563,0.9999954700469971
3564,0.045843105763196945
3565,4.8150559450732544e-05
3566,0.011346069164574146
3567,0.9996507167816162
3568,0.9995766282081604
3569,0.9993398785591125
3570,0.9999985694885254
3571,0.9994966983795166
3572,0.9999724626541138
3573,2.0593452063621953e-05
3574,0.9987001419067383
3575,1.8020205970969982e-05
3576,4.8655434511601925e-05
3577,0.0005777923506684601
3578,1.092189108931052e-06
3579,0.0011077435920014977
3580,0.9999222755432129
3581,0.007704565767198801
3582,0.9999579191207886
3583,3.2392348657594994e-05
3584,5.003600745112635e-05
3585,0.9998196959495544
3586,0.0003847438783850521
3587,0.9815654754638672
3588,0.9999104738235474
3589,6.823755393270403e-05
3590,1.5226997675199527e-05
3591,0.00014671207463834435
3592,0.9983964562416077
3593,0.999990701675415
3594,1.8138165387426852e-06
3595,0.9998032450675964
3596,0.9749564528465271
3597,1.1041680636481033e-06
3598,0.021400855854153633
3599,0.0009775427170097828
3600,0.9999537467956543
3601,0.9999938011169434
3602,0.0002017220394918695
3603,1.0594889090498327e-06
3604,5.935085937380791e-06
3605,4.635405730368802e-06
3606,0.999984622001648
3607,9.27227665670216e-06
3608,0.9995900988578796
3609,9.419261914445087e-06
3610,0.9999912977218628
3611,1.2107303518860135e-05
3612,7.874267993202011e-08
3613,0.9999909400939941
3614,0.00010342312452849001
3615,0.9998266100883484
3616,0.10673009604215622
3617,0.00019566816627047956
3618,0.00015230494318529963
3619,0.24022312462329865
3620,8.469554018120107e-07
3621,0.9999585151672363
3622,7.442949572578073e-05
3623,0.9997913241386414
3624,3.71380997421511e-06
3625,0.32442888617515564
3626,0.9999556541442871
3627,0.9990841150283813
3628,4.474740762816509e-06
3629,3.726789873326197e-05
3630,0.8175195455551147
3631,0.9998551607131958
3632,0.9987087249755859
3633,0.9999529123306274
3634,0.999982476234436
3635,6.315248901955783e-05
3636,2.3812044673832133e-06
3637,0.9965344667434692
3638,1.7350510006508557e-06
3639,6.107212539063767e-05
3640,0.3517224192619324
3641,0.9997318387031555
3642,0.9942891597747803
3643,0.018369680270552635
3644,2.6583926228340715e-05
3645,0.9980990290641785
3646,0.9997979998588562
3647,2.086081167362863e-06
3648,0.9999854564666748
3649,4.9290484582797944e-08
3650,0.9999994039535522
3651,0.016189802438020706
3652,1.2773773960361723e-05
3653,0.9999977350234985
3654,0.00025995634496212006
3655,0.9999991655349731
3656,0.0057347905822098255
3657,3.2586870020168135e-06
3658,0.9999853372573853
3659,0.9998331069946289
3660,0.1424552947282791
3661,0.9787654280662537
3662,0.04602156952023506
3663,0.045136310160160065
3664,0.9999785423278809
3665,4.552754035103135e-05
3666,1.921812327054795e-06
3667,4.462273864191957e-05
3668,0.00425482913851738
3669,0.9996587038040161
3670,7.782344255247153e-06
3671,0.24711287021636963
3672,2.780744034680538e-05
3673,2.1885628598283802e-07
3674,0.9998390674591064
3675,0.9999686479568481
3676,0.9999645948410034
3677,0.9986311793327332
3678,2.9042229243714246e-07
3679,9.938815492205322e-05
3680,0.999365508556366
3681,3.866040424327366e-05
3682,0.9999921321868896
3683,0.00013661949196830392
3684,0.25207898020744324
3685,3.583283387342817e-06
3686,1.780502134351991e-05
3687,1.037228139466606e-05
3688,0.9996310472488403
3689,0.0006368011818267405
3690,0.9992125034332275
3691,0.005205633118748665
3692,2.1419791096377594e-07
3693,0.9995986819267273
3694,0.004984258208423853
3695,5.782266725873342e-06
3696,7.769448529870715e-06
3697,0.9998593330383301
3698,2.5984175522353326e-07
3699,6.778236638638191e-06
3700,4.141677891311701e-06
3701,0.9999779462814331
3702,5.674793555954238e-06
3703,5.167457857169211e-05
3704,1.570369568071328e-05
3705,5.220889534029993e-07
3706,0.99993896484375
3707,0.9999792575836182
3708,0.9765563011169434
3709,0.00029843009542673826
3710,0.9998821020126343
3711,7.165408896980807e-05
3712,4.5024782480140857e-07
3713,0.9999370574951172
3714,0.08152568340301514
3715,0.9999734163284302
3716,0.9987886548042297
3717,0.9999926090240479
3718,0.9996600151062012
3719,0.9999966621398926
3720,8.517769856553059e-06
3721,0.004418588243424892
3722,0.9997616410255432
3723,0.0005220543825998902
3724,0.02293584495782852
3725,2.0185834728181362e-06
3726,5.015390911466966e-07
3727,0.003472454147413373
3728,7.987186108948663e-05
3729,0.00016356557898689061
3730,0.003764902241528034
3731,1.7507385052795144e-07
3732,0.006647633388638496
3733,1.1295808690192644e-05
3734,0.9977647066116333
3735,0.9307184219360352
3736,0.9994346499443054
3737,3.2757074222899973e-05
3738,4.28432940680068e-06
3739,0.9999955892562866
3740,1.328413645751425e-06
3741,0.9999992847442627
3742,0.9995755553245544
3743,2.9334327336982824e-05
3744,0.9997274279594421
3745,7.454096930814558e-07
3746,5.724163656850578e-06
3747,1.2796514056390151e-05
3748,0.04213239997625351
3749,0.9999815225601196
3750,0.9922600388526917
3751,0.9997285008430481
3752,0.9995655417442322
3753,8.522117241227534e-06
3754,0.9999537467956543
3755,0.9995403289794922
3756,0.9998985528945923
3757,0.9982726573944092
3758,0.9993417859077454
3759,2.3061847969074734e-06
3760,4.128102943923295e-07
3761,0.9999393224716187
3762,3.1944434653041753e-08
3763,2.080095509882085e-05
3764,0.0004089915892109275
3765,0.9999934434890747
3766,5.627870268654078e-05
3767,2.0202360246912576e-06
3768,0.9624480605125427
3769,6.450412183767185e-05
3770,0.9990295171737671
3771,0.9935166835784912
3772,0.9999358654022217
3773,0.0014992821961641312
3774,0.9999866485595703
3775,0.9991102814674377
3776,0.0019395854324102402
3777,0.0008944873698055744
3778,0.9999375343322754
3779,6.541730268594392e-09
3780,0.9999948740005493
3781,0.0009974022395908833
3782,0.7307466864585876
3783,0.999101996421814
3784,0.9999709129333496
3785,0.9999738931655884
3786,5.615846134787716e-07
3787,0.9999537467956543
3788,0.9992758631706238
3789,0.9988986253738403
3790,1.76314715645276e-05
3791,7.851449481677264e-06
3792,0.9999995231628418
3793,0.9969909191131592
3794,0.9997618794441223
3795,0.999954342842102
3796,1.433193938282784e-05
3797,0.9985357522964478
3798,0.006787372753024101
3799,0.999995231628418
3800,0.9988142251968384
3801,0.9999984502792358
3802,0.9852114915847778
3803,0.9994528889656067
3804,2.025186586251948e-05
3805,0.9893050193786621
3806,0.9999830722808838
3807,0.9999974966049194
3808,0.9999973773956299
3809,0.9999030828475952
3810,0.9999964237213135
3811,0.999834418296814
3812,0.9978238344192505
3813,0.9996936321258545
3814,0.9999945163726807
3815,5.631078693113523e-06
3816,0.9995586276054382
3817,0.9989719390869141
3818,0.9998618364334106
3819,0.9996156692504883
3820,0.9998505115509033
3821,2.7861113267135806e-05
3822,5.814238647872116e-06
3823,0.9999140501022339
3824,0.06608894467353821
3825,0.001336891669780016
3826,0.9999979734420776
3827,0.9993569254875183
3828,0.9998922348022461
3829,0.9999889135360718
3830,3.360115078976378e-05
3831,2.4519928842892114e-07
3832,1.844991129473783e-05
3833,0.9988825917243958
3834,9.184885243485041e-07
3835,0.00012154570868005976
3836,0.9941927790641785
3837,0.059823375195264816
3838,0.9984973669052124
3839,2.5189938241965137e-05
3840,2.835053237504326e-06
3841,5.270025667414302e-06
3842,3.0402967240661383e-05
3843,7.075606163198245e-07
3844,0.9999836683273315
3845,0.00481045339256525
3846,0.17378155887126923
3847,0.0012145835207775235
3848,0.9923925399780273
3849,0.9994645714759827
3850,1.047239379659004e-06
3851,0.47448745369911194
3852,0.013158964924514294
3853,0.005912072025239468
3854,0.0006541293696500361
3855,0.9999545812606812
3856,0.00017357822798658162
3857,1.679939123278018e-05
3858,0.9999418258666992
3859,6.556397238455247e-07
3860,0.9998466968536377
3861,2.1697936972486787e-05
3862,0.9937562942504883
3863,0.0001265854516532272
3864,1.0992017450917047e-05
3865,0.002256750827655196
3866,5.777416390628787e-06
3867,0.9989939332008362
3868,0.00032623481820337474
3869,3.4409861200401792e-06
3870,0.09217532724142075
3871,0.024563996121287346
3872,9.196926839649677e-06
3873,6.532028055517003e-05
3874,0.9999734163284302
3875,0.9999847412109375
3876,3.402020956855267e-05
3877,0.9995226860046387
3878,2.27511895900534e-06
3879,0.00017950229812413454
3880,8.181158773368225e-05
3881,0.00012040415458614007
3882,0.9999704360961914
3883,3.4426959700795123e-06
3884,0.9999523162841797
3885,2.142526318493765e-05
3886,2.1569816453848034e-05
3887,2.4949773802518393e-08
3888,5.4604684009973425e-06
3889,5.978727131150663e-07
3890,0.000396058545447886
3891,0.999994158744812
3892,5.985760708426824e-06
3893,0.9999992847442627
3894,0.9999297857284546
3895,2.8573364033945836e-05
3896,0.9999505281448364
3897,0.9999555349349976
3898,1.5670857465011068e-05
3899,0.9999172687530518
3900,1.0931905762845417e-06
3901,9.995939365126105e-08
3902,0.0024316112976521254
3903,9.39206438488327e-05
3904,0.9999850988388062
3905,0.9999932050704956
3906,0.0924120545387268
3907,0.9995794892311096
3908,0.9947614073753357
3909,0.9999891519546509
3910,0.9996023774147034
3911,0.0012131966650485992
3912,4.3096617446281016e-05
3913,0.9998995065689087
3914,0.9993284940719604
3915,0.9999715089797974
3916,0.0002528919721953571
3917,0.9999972581863403
3918,0.999997615814209
3919,0.9999841451644897
3920,1.0733424460340757e-06
3921,0.9999985694885254
3922,0.27253273129463196
3923,0.999933123588562
3924,0.999996542930603
3925,0.9999390840530396
3926,0.9996745586395264
3927,0.999640703201294
3928,0.9999902248382568
3929,0.9999979734420776
3930,0.026326540857553482
3931,0.9735248684883118
3932,1.0353395737183746e-05
3933,0.9998754262924194
3934,0.07269277423620224
3935,0.004746866412460804
3936,0.00014896300854161382
3937,0.9978775978088379
3938,0.014597935602068901
3939,0.9997066855430603
3940,0.9999287128448486
3941,0.9696614146232605
3942,0.999997615814209
3943,0.9999853372573853
3944,0.006027303170412779
3945,0.9998705387115479
3946,0.9999494552612305
3947,0.9996881484985352
3948,0.9994080066680908
3949,0.9995439648628235
3950,0.9920786023139954
3951,0.001081128022633493
3952,0.9999465942382812
3953,0.0025502792559564114
3954,0.9999759197235107
3955,0.9999523162841797
3956,0.999990701675415
3957,2.7195287657377776e-06
3958,4.735475158668123e-07
3959,1.7567093379966536e-07
3960,0.9809371829032898
3961,0.9994632601737976
3962,0.9999502897262573
3963,8.228330261772498e-05
3964,8.614848047727719e-05
3965,0.9999836683273315
3966,0.999994158744812
3967,0.9997068047523499
3968,0.9999169111251831
3969,0.9999980926513672
3970,0.9602184891700745
3971,1.20128443086287e-05
3972,0.9992973804473877
3973,0.9996302127838135
3974,0.9941447377204895
3975,0.4610910713672638
3976,0.0004815154243260622
3977,2.9468606953741983e-05
3978,0.023055465891957283
3979,0.9998741149902344
3980,0.12698520720005035
3981,0.9999537467956543
3982,1.0827003279700875e-05
3983,4.359109152574092e-05
3984,0.9998237490653992
3985,0.9999978542327881
3986,0.9986329674720764
3987,0.004386864136904478
3988,0.9999977350234985
3989,0.9991617202758789
3990,0.999981164932251
3991,0.03392144292593002
3992,3.3124299079645425e-05
3993,5.384949326980859e-05
3994,4.983058533980511e-05
3995,3.28307159236374e-08
3996,0.9998089671134949
3997,0.9999568462371826
3998,0.9532235264778137
3999,0.9968346953392029
4000,3.616085814428516e-05
4001,0.9997307658195496
4002,9.442884766031057e-05
4003,8.67950620886404e-06
4004,0.0004457182076293975
4005,0.032395634800195694
4006,0.9994575381278992
4007,0.003796882461756468
4008,0.0023594910744577646
4009,0.9921247363090515
4010,0.00020224454056005925
4011,1.3381584722083062e-05
4012,5.719198270526249e-06
4013,0.10663214325904846
4014,7.568739590624318e-08
4015,5.311049790179823e-06
4016,5.929256440140307e-05
4017,0.14556357264518738
4018,3.4709705687419046e-07
4019,9.793103572519612e-07
4020,0.003570137545466423
4021,0.9999856948852539
4022,4.2334114880304696e-08
4023,0.9999990463256836
4024,0.9999767541885376
4025,0.9999991655349731
4026,0.9978038668632507
4027,0.9998548030853271
4028,0.0036303906235843897
4029,4.134637947572628e-06
4030,0.023047231137752533
4031,0.999249279499054
4032,0.9998620748519897
4033,0.9999639987945557
4034,7.2005350375548e-05
4035,1.2330505342106335e-05
4036,0.9826653003692627
4037,2.79436873640293e-09
4038,1.4622248272644356e-05
4039,0.00020695890998467803
4040,0.9990190267562866
4041,0.23699605464935303
4042,0.9995390176773071
4043,0.9994964599609375
4044,0.9999589920043945
4045,1.018887928694312e-06
4046,9.696494089439511e-05
4047,6.521282784888172e-07
4048,0.0004502881201915443
4049,0.9999809265136719
4050,0.9999361038208008
4051,3.1558238333673216e-06
4052,0.00041150234756059945
4053,0.9990179538726807
4054,0.9999992847442627
4055,0.993767499923706
4056,0.0002731124695856124
4057,0.9996991157531738
4058,6.2506696849595755e-06
4059,0.06018669530749321
4060,2.1338195438147523e-05
4061,9.917694114847109e-05
4062,0.9998621940612793
4063,0.9998568296432495
4064,1.242663415723655e-06
4065,0.0005910454783588648
4066,0.747147262096405
4067,0.9994300007820129
4068,2.559478707553353e-05
4069,0.9991636276245117
4070,1.3613577038995572e-06
4071,1.0
4072,0.9999333620071411
4073,0.9999738931655884
4074,8.192486689040379e-07
4075,0.0017339553451165557
4076,9.834807860897854e-05
4077,0.9999315738677979
4078,0.00020592138753272593
4079,3.9833553273638245e-06
4080,0.9731742143630981
4081,0.1364576369524002
4082,0.9965775609016418
4083,0.9993060827255249
4084,9.767289157025516e-06
4085,2.4079452487058006e-05
4086,0.9999924898147583
4087,2.0656196284107864e-05
4088,0.0006133789429441094
4089,0.9943411350250244
4090,0.9999947547912598
4091,0.9999977350234985
4092,0.999977707862854
4093,3.7723696095781634e-06
4094,1.7327442947134841e-06
4095,0.9999047517776489
4096,0.023527350276708603
4097,1.9595408957684413e-05
4098,2.3164543563325424e-06
4099,0.9999682903289795
4100,0.00014671165263280272
4101,6.477214355982142e-07
4102,0.9999262094497681
4103,0.9999910593032837
4104,0.9997954964637756
4105,1.8982544816026348e-06
4106,5.5547323427163064e-05
4107,0.9988914132118225
4108,0.9998149275779724
4109,0.15159986913204193
4110,0.9999397993087769
4111,7.084842309268424e-06
4112,1.8299700968782417e-05
4113,0.9997833371162415
4114,0.0009153668652288616
4115,5.394566323957406e-05
4116,0.9997559189796448
4117,1.526164123788476e-05
4118,0.015475137159228325
4119,3.6294157013117e-08
4120,1.594082306155542e-07
4121,0.9997170567512512
4122,0.9996278285980225
4123,9.306735591962934e-05
4124,1.8420919900563604e-07
4125,0.9999572038650513
4126,0.999588668346405
4127,1.9264443835709244e-05
4128,1.8727158021647483e-05
4129,0.05941573530435562
4130,0.9999500513076782
4131,0.9999943971633911
4132,0.9999645948410034
4133,0.00010350560478400439
4134,6.499682569938159e-08
4135,0.9994713664054871
4136,0.999997615814209
4137,1.4256471558837802e-07
4138,0.9999563694000244
4139,1.764306034601759e-05
4140,0.02607172541320324
4141,0.9999474287033081
4142,0.999866247177124
4143,0.9999151229858398
4144,0.9999791383743286
4145,0.9999607801437378
4146,0.0001814379938878119
4147,5.369017890188843e-05
4148,1.3482064105119207e-06
4149,3.912733154720627e-05
4150,4.230869308230467e-07
4151,3.28411670125206e-06
4152,0.9967635869979858
4153,3.870518776238896e-05
4154,0.0008434010669589043
4155,0.9998168349266052
4156,0.0001286193437408656
4157,3.777470556087792e-05
4158,1.1213860489078797e-06
4159,1.540119143328411e-08
4160,4.140902092331089e-05
4161,0.9999762773513794
4162,2.3805823730072007e-06
4163,2.4723743763388484e-07
4164,0.9991917014122009
4165,0.9999707937240601
4166,0.9999953508377075
4167,1.0804094927152619e-05
4168,0.03748538717627525
4169,2.2755891393444472e-07
4170,0.9999984502792358
4171,0.9999493360519409
4172,0.00018741890380624682
4173,0.9999817609786987
4174,0.99882572889328
4175,0.9999884366989136
4176,0.9999599456787109
4177,0.9999725818634033
4178,0.9999909400939941
4179,0.49727609753608704
4180,0.9988958835601807
4181,3.249119617976248e-05
4182,3.882133751176298e-05
4183,4.408859240356833e-05
4184,1.3157588909962215e-05
4185,3.028084893941241e-09
4186,0.994199275970459
4187,9.84835423878394e-06
4188,3.8446269172709435e-06
4189,5.553207227393386e-09
4190,0.9998564720153809
4191,0.9185983538627625
4192,0.9999980926513672
4193,0.001961217960342765
4194,0.9999649524688721
4195,0.9993767142295837
4196,0.9993359446525574
4197,1.541575875307899e-05
4198,0.9821422696113586
4199,0.9998433589935303
4200,0.2469199001789093
4201,4.290487049729563e-05
4202,5.953765139565803e-06
4203,0.9990777969360352
4204,5.473017608892405e-06
4205,0.0004884788068011403
4206,0.9999226331710815
4207,0.0030527899507433176
4208,0.9977432489395142
4209,1.9931192127842223e-06
4210,0.9994385838508606
4211,1.7785441741580144e-06
4212,0.020655153319239616
4213,0.00017855828627943993
4214,4.763839740462572e-07
4215,0.999980092048645
4216,0.9963843822479248
4217,0.11480339616537094
4218,0.9999918937683105
4219,0.9999997615814209
4220,8.289453035104088e-07
4221,0.0001385841896990314
4222,1.5954753962432733e-06
4223,0.997817873954773
4224,0.9992339611053467
4225,0.00034626497654244304
4226,0.007672733161598444
4227,4.681635914494109e-07
4228,6.32677142675675e-07
4229,0.9999610185623169
4230,0.9999608993530273
4231,0.9999767541885376
4232,0.0005226817447692156
4233,0.9994140863418579
4234,0.011137678287923336
4235,0.9995692372322083
4236,4.415886905917432e-06
4237,0.9999876022338867
4238,0.4821172058582306
4239,0.0006023946334607899
4240,0.999932050704956
4241,0.0002900524123106152
4242,0.9999715089797974
4243,0.9999932050704956
4244,0.00031192603637464345
4245,0.9999996423721313
4246,0.9997860789299011
4247,0.9999351501464844
4248,0.9886278510093689
4249,2.33126070270373e-06
4250,2.809867055475479e-06
4251,0.9999959468841553
4252,0.9994575381278992
4253,2.8694879805613027e-09
4254,9.243433964911674e-07
4255,0.9999867677688599
4256,0.00250614364631474
4257,0.9994171857833862
4258,0.9999821186065674
4259,0.9999995231628418
4260,0.999991774559021
4261,0.9766865968704224
4262,0.2943846881389618
4263,1.75720670085866e-05
4264,0.9999547004699707
4265,0.9998295307159424
4266,0.00032571921474300325
4267,0.9999970197677612
4268,0.9997438788414001
4269,8.78843309237709e-07
4270,3.877900599036366e-05
4271,2.2061554773245007e-05
4272,0.999523401260376
4273,0.00013582984684035182
4274,0.999907374382019
4275,0.23287902772426605
4276,0.9995540976524353
4277,1.5486637039430207e-06
4278,2.2439868189394474e-05
4279,0.00013970320287626237
4280,0.17717599868774414
4281,0.0005831086891703308
4282,0.9999998807907104
4283,1.3380869859247468e-05
4284,0.0024258452467620373
4285,0.023821959272027016
4286,4.228542456985451e-05
4287,0.9998434782028198
4288,3.2841810025274754e-05
4289,0.9999849796295166
4290,0.9999884366989136
4291,7.091669885994634e-06
4292,0.008326398208737373
4293,3.802524588536471e-05
4294,0.9999995231628418
4295,0.9999804496765137
4296,5.962072577858635e-07
4297,0.9999351501464844
4298,6.559737084899098e-05
4299,0.9998940229415894
4300,0.9998897314071655
4301,4.416299361764686e-06
4302,0.996862530708313
4303,0.9999654293060303
4304,0.9998869895935059
4305,0.7885149717330933
4306,0.005051246378570795
4307,0.9999030828475952
4308,2.367127507341138e-07
4309,0.9999915361404419
4310,0.005016230512410402
4311,0.04106391593813896
4312,0.0002166336780646816
4313,2.0679569843196077e-06
4314,0.9999977350234985
4315,0.9999939203262329
4316,0.9999756813049316
4317,0.9994766116142273
4318,0.00013466145901475102
4319,0.9998918771743774
4320,0.009281639941036701
4321,0.9775456786155701
4322,0.9990494847297668
4323,2.267808304168284e-05
4324,1.2199940613299987e-07
4325,0.9992374181747437
4326,1.5026611436042003e-05
4327,0.999503493309021
4328,0.9999761581420898
4329,3.5172990919818403e-06
4330,0.9999140501022339
4331,3.368726027019875e-07
4332,0.000402456265874207
4333,0.9999713897705078
4334,0.9990909099578857
4335,0.999782145023346
4336,0.9999293088912964
4337,4.581112875712279e-07
4338,0.9999268054962158
4339,7.97412496922334e-07
4340,0.9910633563995361
4341,0.9998867511749268
4342,0.9982587695121765
4343,0.999943733215332
4344,0.9999918937683105
4345,1.0174575436394662e-05
4346,1.870716550911311e-05
4347,0.9998518228530884
4348,0.005459538660943508
4349,0.998333752155304
4350,0.9981539845466614
4351,0.9960170388221741
4352,0.9992210865020752
4353,0.9939297437667847
4354,0.999954342842102
4355,9.4747229013592e-06
4356,0.0011670535895973444
4357,0.9989314675331116
4358,0.9990732669830322
4359,0.00024201907217502594
4360,0.9999175071716309
4361,3.7176514524617232e-06
4362,0.9999998807907104
4363,0.14990009367465973
4364,5.566996605921304e-07
4365,0.00043364596785977483
4366,0.00024815270444378257
4367,0.9999806880950928
4368,9.337413212051615e-05
4369,0.9999374151229858
4370,0.9999253749847412
4371,9.712177870824235e-07
4372,4.6427712163676915e-07
4373,5.710242589884729e-07
4374,6.471014785347506e-05
4375,0.9999866485595703
4376,7.19647723599337e-05
4377,0.006073847878724337
4378,0.9998661279678345
4379,2.8152610411780188e-06
4380,2.7467422114568762e-05
4381,0.00029663252644240856
4382,8.138215343933553e-05
4383,0.9928843975067139
4384,1.1968838862230768e-06
4385,0.9999713897705078
4386,0.00348885590210557
4387,0.0003225862456019968
4388,0.9999924898147583
4389,2.556035951783997e-06
4390,0.999982476234436
4391,0.9998180270195007
4392,8.850050221553829e-07
4393,0.9995949864387512
4394,0.00018698017811402678
4395,1.1619779797911178e-05
4396,0.9994980096817017
4397,0.9999690055847168
4398,0.0003126957162749022
4399,0.0027597604785114527
4400,0.9974755644798279
4401,0.9996981620788574
4402,0.00038720230804756284
4403,1.0163971353449597e-07
4404,0.9988262057304382
4405,0.99996018409729
4406,0.9999020099639893
4407,0.9979230761528015
4408,0.9999891519546509
4409,0.9999752044677734
4410,0.9998869895935059
4411,0.9999593496322632
4412,4.955187478117296e-07
4413,0.9998261332511902
4414,3.041532409042702e-06
4415,0.9963065385818481
4416,0.9903489351272583
4417,0.9999479055404663
4418,2.6031450033769943e-05
4419,0.00042446862789802253
4420,0.9980087876319885
4421,0.9999977350234985
4422,0.9999936819076538
4423,3.359160109539516e-05
4424,0.9999912977218628
4425,2.0044876691827085e-06
4426,1.0
4427,0.9982725381851196
4428,2.036137811955996e-05
4429,0.9999904632568359
4430,0.9999998807907104
4431,1.2355825447230018e-06
4432,0.9999750852584839
4433,0.0005521812126971781
4434,0.9998780488967896
4435,3.9696958992863074e-05
4436,0.9998494386672974
4437,0.9992964267730713
4438,0.00010118838690686971
4439,0.9999992847442627
4440,2.8557631139847217e-06
4441,3.521699454722693e-06
4442,0.003947654273360968
4443,0.9999958276748657
4444,8.807261338006356e-07
4445,5.090074773761444e-05
4446,0.019097836688160896
4447,0.9999948740005493
4448,0.00033098188578151166
4449,5.200830401008716e-06
4450,3.0485945899272338e-05
4451,0.9639099836349487
4452,0.998492956161499
4453,5.985641109873541e-05
4454,6.821829447289929e-05
4455,1.0973194548569154e-06
4456,0.9994581341743469
4457,0.999997615814209
4458,0.00042713904986158013
4459,0.002606721129268408
4460,0.0002778865455184132
4461,0.0017077348893508315
4462,0.0007439871551468968
4463,1.0965257388306782e-05
4464,0.9994457364082336
4465,0.9994826316833496
4466,0.9999879598617554
4467,0.9999998807907104
4468,0.99986732006073
4469,0.9908946752548218
4470,5.911242624279112e-07
4471,0.997917115688324
4472,0.9999970197677612
4473,0.9999988079071045
4474,1.1852234820253216e-05
4475,1.4039383131603245e-06
4476,0.00014006815035827458
4477,3.852254303637892e-05
4478,0.9982494115829468
4479,3.801850107265636e-05
4480,0.917956531047821
4481,4.578267180477269e-05
4482,0.002127336570993066
4483,0.9992640614509583
4484,3.4641061574802734e-06
4485,3.2963804130758945e-08
4486,0.0009227268164977431
4487,1.3770970326731913e-05
4488,0.006245412398129702
4489,1.064698153641075e-06
4490,0.0002682714839465916
4491,0.995506763458252
4492,0.9999972581863403
4493,2.348716179767507e-06
4494,0.9998352527618408
4495,9.571735972713213e-06
4496,0.00013205608411226422
4497,6.530331688736624e-07
4498,0.9894772171974182
4499,0.9999998807907104
4500,9.910849257721566e-06
4501,0.9999839067459106
4502,0.999972939491272
4503,0.037834424525499344
4504,5.3835542530578095e-06
4505,5.112686949360068e-07
4506,1.8708984498516656e-05
4507,1.7294989447691478e-05
4508,0.00011726771481335163
4509,0.018356993794441223
4510,0.00015007432375568897
4511,0.9976356029510498
4512,0.983066201210022
4513,0.008552300743758678
4514,1.1554047887329943e-06
4515,0.9993151426315308
4516,0.999964714050293
4517,5.690535908797756e-05
4518,0.9949936270713806
4519,4.051351425005123e-05
4520,0.9999452829360962
4521,6.544653530227151e-08
4522,1.4443835425481666e-05
4523,4.48475475423038e-06
4524,2.825489718816243e-05
4525,5.7674693380249664e-05
4526,0.9999949932098389
4527,0.11344238370656967
4528,0.0005496064550243318
4529,1.0958830642948669e-07
4530,5.180178959562909e-06
4531,0.999951958656311
4532,4.267085751052946e-05
4533,6.236040007934207e-06
4534,0.00014617055421695113
4535,0.9992995262145996
4536,1.3023289284319617e-05
4537,0.9995985627174377
4538,9.34831696213223e-05
4539,0.9999295473098755
4540,0.006253440864384174
4541,0.999992847442627
4542,0.0006006176699884236
4543,0.9997261166572571
4544,0.004535429645329714
4545,2.4899476258610775e-08
4546,0.999977707862854
4547,0.9070881605148315
4548,0.9999328851699829
4549,1.6281695707220933e-06
4550,0.00011662960605463013
4551,0.9996021389961243
4552,1.715030703053344e-05
4553,6.958206358831376e-05
4554,0.999998927116394
4555,7.938832823128905e-06
4556,4.7020030535804835e-08
4557,0.0006769726169295609
4558,0.9984880685806274
4559,0.9999086856842041
4560,2.6994466679752804e-05
4561,1.2484205399232451e-05
4562,0.9999923706054688
4563,0.00013408256927505136
4564,0.9999780654907227
4565,7.518361599068157e-06
4566,0.9988798499107361
4567,0.9999279975891113
4568,1.7736996369421831e-06
4569,2.223430601588916e-05
4570,0.9794532656669617
4571,0.9989147186279297
4572,4.7146124416030943e-05
4573,0.9989268183708191
4574,0.981857180595398
4575,0.9999217987060547
4576,4.535240350378444e-06
4577,0.9999916553497314
4578,0.9999109506607056
4579,0.00017994905647356063
4580,0.13912896811962128
4581,0.9996922016143799
4582,2.3520498871221207e-05
4583,0.00038616813253611326
4584,9.090633312780483e-08
4585,2.0963800579920644e-06
4586,0.9984410405158997
4587,7.40270434107515e-06
4588,0.999966025352478
4589,7.95160849520471e-06
4590,0.9999446868896484
4591,9.918564319377765e-05
4592,0.028778482228517532
4593,0.9996663331985474
4594,0.9999992847442627
4595,5.756709015258821e-06
4596,0.9997348189353943
4597,1.5784789866302162e-05
4598,0.9999997615814209
4599,0.9998635053634644
4600,0.0007320881122723222
4601,4.232622814015485e-06
4602,0.9999847412109375
4603,0.9989714622497559
4604,1.4366603409143863e-06
4605,0.0013978752540424466
4606,0.9999972581863403
4607,0.04065471887588501
4608,5.891690761927748e-06
4609,1.2133912605349906e-05
4610,1.1774246786444564e-06
4611,5.113398628964205e-07
4612,9.17788638616912e-05
4613,3.848570486297831e-06
4614,6.29243459115969e-06
4615,0.9998936653137207
4616,0.9999963045120239
4617,0.04118423908948898
4618,0.9999529123306274
4619,0.006526087876409292
4620,0.0076524908654391766
4621,1.7929514797287993e-06
4622,0.9999884366989136
4623,0.9999958276748657
4624,0.9996230602264404
4625,0.016348285600543022
4626,0.9999969005584717
4627,0.9999834299087524
4628,0.9999788999557495
4629,5.846886051585898e-05
4630,0.9990873336791992
4631,0.9973475933074951
4632,0.00030016928212717175
4633,0.000488375429995358
4634,4.036791523276406e-08
4635,0.9998698234558105
4636,0.9997397065162659
4637,0.9999409914016724
4638,3.82431011303197e-07
4639,3.2631371595925884e-06
4640,0.9999996423721313
4641,0.9988672733306885
4642,0.9835330247879028
4643,0.9999538660049438
4644,0.0054599326103925705
4645,7.709368787800486e-08
4646,0.9978758096694946
4647,0.9999996423721313
4648,1.217947374243522e-05
4649,0.9998729228973389
4650,0.997870922088623
4651,0.997916042804718
4652,0.9995315074920654
4653,0.00043781616841442883
4654,0.9995144605636597
4655,1.094520598599047e-06
4656,0.9618635177612305
4657,2.8302714838446263e-08
4658,9.398971201335371e-08
4659,4.3463533074827865e-05
4660,0.00021916248078923672
4661,3.5736655263463035e-05
4662,6.069941264286172e-06
4663,0.0003696880885399878
4664,0.9998354911804199
4665,0.9999873638153076
4666,0.9999016523361206
4667,0.9999947547912598
4668,0.999932050704956
4669,0.9543378949165344
4670,1.6353091041310108e-06
4671,0.9999951124191284
4672,1.7066753571270965e-05
4673,0.06954740732908249
4674,0.9994656443595886
4675,0.9999892711639404
4676,0.9999462366104126
4677,0.9999985694885254
4678,7.186152288340963e-06
4679,0.9977850914001465
4680,0.9998975992202759
4681,1.277600404137047e-05
4682,1.4833904060651548e-06
4683,0.00010492359433555976
4684,0.18477877974510193
4685,0.9999344348907471
4686,1.5339353467425099e-06
4687,0.008607471361756325
4688,0.00024215802841354162
4689,0.9981158971786499
4690,4.882278972218046e-07
4691,0.9999947547912598
4692,1.3297876648721285e-06
4693,0.9999451637268066
4694,4.120306229538073e-08
4695,4.0658697741946526e-08
4696,0.04753590002655983
4697,9.371025271320832e-07
4698,0.9983921647071838
4699,0.9996126294136047
4700,0.9997938275337219
4701,2.8855025448137894e-05
4702,0.9828053116798401
4703,5.5332991905743256e-05
4704,0.00016035488806664944
4705,0.005174967925995588
4706,5.893797947464918e-07
4707,1.0822925105458125e-05
4708,0.9301984906196594
4709,0.9369499087333679
4710,0.9999830722808838
4711,0.999910831451416
4712,2.320583735127002e-05
4713,0.9981889128684998
4714,0.8943492770195007
4715,0.9995136260986328
4716,1.426419839845039e-05
4717,0.9990254640579224
4718,0.9979814291000366
4719,0.008874399587512016
4720,0.9999873638153076
4721,0.00010148602450499311
4722,4.009853284969722e-07
4723,0.9998819828033447
4724,0.9999874830245972
4725,0.034017156809568405
4726,0.9998877048492432
4727,0.002219895599409938
4728,1.0561321687418967e-05
4729,0.9999996423721313
4730,0.9932432770729065
4731,0.9999985694885254
4732,0.996310293674469
4733,0.9940130114555359
4734,0.9995438456535339
4735,0.00915940385311842
4736,0.9999181032180786
4737,0.999750554561615
4738,0.9991217255592346
4739,0.01053179893642664
4740,1.2092289125575917e-06
4741,9.99381995825388e-07
4742,3.8051887258916395e-06
4743,0.6156485676765442
4744,0.9937841892242432
4745,0.9986034035682678
4746,0.992203950881958
4747,0.998940646648407
4748,0.9326152205467224
4749,4.458437956600392e-07
4750,0.9999651908874512
4751,0.05436992645263672
4752,2.338862032047473e-05
4753,0.00150947249494493
4754,2.6463019821676426e-05
4755,0.9995821118354797
4756,0.9999253749847412
4757,0.9929457306861877
4758,4.665343658416532e-05
4759,0.0013027720851823688
4760,0.0003871139488182962
4761,2.780167960736435e-06
4762,0.00036265471135266125
4763,0.9997040629386902
4764,0.00012560180039145052
4765,0.9999377727508545
4766,0.0007362766191363335
4767,0.9999878406524658
4768,0.009243076667189598
4769,3.5214652598369867e-05
4770,0.00025417457800358534
4771,0.999946117401123
4772,0.9999992847442627
4773,0.999998927116394
4774,0.9992663264274597
4775,0.09962213784456253
4776,0.0010201474651694298
4777,0.0003855369286611676
4778,0.9989945292472839
4779,2.904554776250734e-06
4780,0.999972939491272
4781,4.74543048767373e-06
4782,0.9999836683273315
4783,0.9996154308319092
4784,0.9991669654846191
4785,0.003204138483852148
4786,0.9998167157173157
4787,0.996964156627655
4788,0.9999995231628418
4789,0.0009465994080528617
4790,0.9979701638221741
4791,0.9997108578681946
4792,0.9987902045249939
4793,1.9388371583772823e-05
4794,0.9995827078819275
4795,0.5990527868270874
4796,1.298498045798624e-05
4797,0.9999902248382568
4798,1.3611227132059867e-06
4799,0.9981021285057068
4800,5.86716578254709e-06
4801,0.9998350143432617
4802,0.9999165534973145
4803,0.9999963045120239
4804,0.9999486207962036
4805,0.9998414516448975
4806,8.975079254014418e-06
4807,1.8399341570329852e-05
4808,0.9996219873428345
4809,0.00029167134198360145
4810,2.8269887479837053e-06
4811,0.17849473655223846
4812,0.9991596937179565
4813,1.4987383110565133e-05
4814,0.9999806880950928
4815,0.9943912625312805
4816,0.9995222091674805
4817,3.0463797884294763e-05
4818,0.9784626960754395
4819,9.411797509528697e-05
4820,0.9999877214431763
4821,0.9997652173042297
4822,0.9978081583976746
4823,0.9999934434890747
4824,0.9998051524162292
4825,0.9993143081665039
4826,0.9998252987861633
4827,0.995482325553894
4828,0.9997982382774353
4829,1.4741385712113697e-05
4830,5.8407813412486576e-06
4831,0.001035882392898202
4832,0.9999916553497314
4833,6.353000208036974e-05
4834,0.9998571872711182
4835,0.999881386756897
4836,0.9974291920661926
4837,5.368045591369608e-11
4838,0.9889843463897705
4839,1.77248857653467e-05
4840,0.9999736547470093
4841,0.00035564249265007675
4842,0.9993696808815002
4843,0.998992383480072
4844,0.026471413671970367
4845,0.00015916697157081217
4846,0.9984763264656067
4847,0.999958872795105
4848,2.3857096493884455e-06
4849,0.99968421459198
4850,0.9998912811279297
4851,7.054536399664357e-05
4852,0.9998780488967896
4853,2.395661431364715e-05
4854,0.9999699592590332
4855,7.110490400918934e-07
4856,0.9999227523803711
4857,0.9999979734420776
4858,0.9999055862426758
4859,4.073220338796091e-08
4860,0.9999898672103882
4861,0.9582020044326782
4862,0.7438238859176636
4863,2.5939662009477615e-05
4864,7.985708361957222e-05
4865,0.9999237060546875
4866,0.999996542930603
4867,0.9999918937683105
4868,0.12564736604690552
4869,5.8436755352886394e-05
4870,0.9999659061431885
4871,0.9999558925628662
4872,0.9998589754104614
4873,0.9999257326126099
4874,0.9992645382881165
4875,0.9606080651283264
4876,0.6454595327377319
4877,1.0891562851611525e-05
4878,0.0007694443338550627
4879,0.9976006150245667
4880,5.95949757098424e-07
4881,1.801950202207081e-05
4882,2.5749219275894575e-05
4883,0.9990025162696838
4884,0.00013054902956355363
4885,0.0004777283756993711
4886,2.0658427501984988e-07
4887,0.9995396137237549
4888,0.00042427991866134107
4889,0.9999767541885376
4890,0.9999387264251709
4891,0.0034474730491638184
4892,2.0310483250796096e-06
4893,0.002930860500782728
4894,0.9999874830245972
4895,0.9999150037765503
4896,3.788207152410905e-07
4897,0.9986819624900818
4898,0.997239351272583
4899,8.427471698269073e-07
4900,0.005135714076459408
4901,0.9991143345832825
4902,0.9999630451202393
4903,5.340641291695647e-05
4904,0.0002894386416301131
4905,0.0017338563920930028
4906,1.7949661923921667e-05
4907,6.464495783120583e-08
4908,0.9954627156257629
4909,0.9994755387306213
4910,2.9920315682829823e-06
4911,0.9999990463256836
4912,0.9998877048492432
4913,0.9999896287918091
4914,0.0002845201233867556
4915,0.9996280670166016
4916,0.015563507564365864
4917,7.753453246550635e-06
4918,0.3602674603462219
4919,0.9974938631057739
4920,0.0003403965674806386
4921,0.0007147585274651647
4922,0.00019027538655791432
4923,0.004609493538737297
4924,0.9935076236724854
4925,1.3624508937937208e-05
4926,0.9999994039535522
4927,0.9998258948326111
4928,6.457138806581497e-05
4929,0.999996542930603
4930,9.005015400020966e-09
4931,0.9999701976776123
4932,1.3360992170419195e-06
4933,7.433034625137225e-05
4934,9.900788427330554e-06
4935,0.9999828338623047
4936,5.3099633078090847e-05
4937,0.999974250793457
4938,0.998979389667511
4939,0.9999009370803833
4940,0.9998842477798462
4941,0.9969636797904968
4942,0.9999866485595703
4943,0.00014393545279745013
4944,6.574033614015207e-05
4945,0.00013374851550906897
4946,0.9996294975280762
4947,0.00020694726845249534
4948,3.0882306418789085e-06
4949,2.0928411004206282e-07
4950,0.9999701976776123
4951,5.442433575808536e-06
4952,0.9998816251754761
4953,0.9999579191207886
4954,0.9999821186065674
4955,0.9972904920578003
4956,2.483022581145633e-05
4957,0.00012947530194651335
4958,2.1467045371537097e-05
4959,0.6180631518363953
4960,0.7420121431350708
4961,0.0001646787131903693
4962,0.9999713897705078
4963,0.9999159574508667
4964,3.981585450674174e-06
4965,0.9997742772102356
4966,0.9999006986618042
4967,4.281135261408053e-06
4968,1.3012128874834161e-05
4969,0.9999942779541016
4970,0.00037965321098454297
4971,0.9991531372070312
4972,1.1346844985382631e-05
4973,0.999964714050293
4974,0.9988455772399902
4975,0.00013182885595597327
4976,0.9967888593673706
4977,0.09843334555625916
4978,3.1485480576520786e-05
4979,0.9981841444969177
4980,0.9999932050704956
4981,7.453542139046476e-07
4982,0.9999959468841553
4983,1.5000895473349374e-05
4984,0.9999426603317261
4985,0.9915781021118164
4986,0.9999939203262329
4987,2.707389796796633e-07
4988,0.9999654293060303
4989,0.9998518228530884
4990,5.157429404789582e-05
4991,6.617672624997795e-05
4992,0.9999969005584717
4993,0.9706206321716309
4994,9.151275298791006e-05
4995,5.150269316800404e-06
4996,0.9999498128890991
4997,0.0016003120690584183
4998,0.99997878074646
4999,0.9999086856842041
5000,0.9999991655349731
5001,0.005495598539710045
5002,0.0022300335112959146
5003,0.9997652173042297
5004,0.9995997548103333
5005,2.266449428134365e-07
5006,7.208981969597517e-06
5007,2.6827622150449315e-06
5008,7.024715614534216e-06
5009,7.4155568654532544e-06
5010,1.9645298721115978e-07
5011,0.999729573726654
5012,1.763397904142039e-06
5013,0.010832194238901138
5014,0.004622241947799921
5015,0.9999960660934448
5016,0.9966771602630615
5017,0.9992446899414062
5018,6.562834460055456e-05
5019,0.9998748302459717
5020,0.0001452726573916152
5021,0.9999936819076538
5022,0.9999982118606567
5023,5.9378682635724545e-05
5024,0.9999940395355225
5025,0.00033149251248687506
5026,0.00010909802949754521
5027,1.5251674994942732e-05
5028,0.0012938306899741292
5029,5.514291387953563e-06
5030,0.9925991296768188
5031,0.9957160353660583
5032,0.022735457867383957
5033,0.9999710321426392
5034,8.01524802085396e-09
5035,0.9999974966049194
5036,0.99998939037323
5037,3.773527714656666e-05
5038,1.9511232949298574e-06
5039,0.00017339130863547325
5040,0.9995362758636475
5041,0.024153439328074455
5042,0.0008137018885463476
5043,1.7537278836243786e-05
5044,7.977425298122398e-07
5045,0.9999610185623169
5046,0.9999895095825195
5047,5.758460702054435e-06
5048,0.9982251524925232
5049,0.999932050704956
5050,0.0014471544418483973
5051,9.382129064761102e-05
5052,0.9999167919158936
5053,1.5832292774575762e-05
5054,7.765242480672896e-05
5055,0.0008207040373235941
5056,0.9967513084411621
5057,0.002110107336193323
5058,0.00013330949877854437
5059,1.7183880345328362e-06
5060,0.999985933303833
5061,0.8411664366722107
5062,0.9994495511054993
5063,0.9926169514656067
5064,0.9999572038650513
5065,3.6625149277824676e-06
5066,0.9854447245597839
5067,0.9999196529388428
5068,0.9999926090240479
5069,0.9994668364524841
5070,0.9999958276748657
5071,0.9999442100524902
5072,0.9999940395355225
5073,0.9999617338180542
5074,5.5467979109380394e-05
5075,3.2025375684696655e-09
5076,2.274034522997681e-05
5077,0.9999784231185913
5078,0.9974783062934875
5079,2.7926846087211743e-05
5080,0.9999555349349976
5081,0.999902606010437
5082,0.0019591583404690027
5083,1.1151398666697787e-06
5084,2.473512176948134e-05
5085,6.188401791007436e-09
5086,0.9332195520401001
5087,2.9986455047037452e-05
5088,0.0003112988779321313
5089,0.9999953508377075
5090,0.9996083378791809
5091,0.00010831085819518194
5092,0.9998364448547363
5093,0.3528730273246765
5094,0.9760028719902039
5095,0.015659164637327194
5096,0.999550998210907
5097,3.5859018225892214e-06
5098,0.9994322657585144
5099,8.431961759924889e-06
5100,0.9999864101409912
5101,0.9999085664749146
5102,4.690492971803906e-08
5103,2.7032903744839132e-05
5104,8.221349708037451e-05
5105,2.9191476642154157e-05
5106,0.00386573513969779
5107,0.9999997615814209
5108,1.5371527979368693e-06
5109,9.68681852100417e-05
5110,0.0015785739524289966
5111,0.9999758005142212
5112,1.3479515473591164e-05
5113,0.9652477502822876
5114,0.999626874923706
5115,0.004701845347881317
5116,0.9986801743507385
5117,0.9997894167900085
5118,0.999961256980896
5119,1.7419948562746868e-05
5120,0.9999858140945435
5121,0.9991176724433899
5122,1.310105517404736e-06
5123,0.9999995231628418
5124,0.0001648732286412269
5125,1.0930153848676127e-06
5126,4.894242374575697e-05
5127,0.9995613694190979
5128,0.9998805522918701
5129,5.1603419706225395e-05
5130,0.9999948740005493
5131,5.4476789955515414e-05
5132,1.0617809493851382e-06
5133,5.2618647714552935e-06
5134,6.33189642940124e-07
5135,0.9997625946998596
5136,2.202733048761729e-05
5137,6.199903509696014e-06
5138,1.707540718598466e-06
5139,5.967589459032752e-06
5140,0.000538215390406549
5141,0.9987192153930664
5142,8.270430953416508e-07
5143,0.9985081553459167
5144,8.229290529015998e-07
5145,0.9999967813491821
5146,0.9999675750732422
5147,0.9999998807907104
5148,0.9999719858169556
5149,3.0779723658724834e-08
5150,0.9999904632568359
5151,0.00014201253361534327
5152,2.2563039237866178e-05
5153,0.0005117254331707954
5154,0.00019572397286538035
5155,0.9993152618408203
5156,0.9996386766433716
5157,0.99997878074646
5158,0.999945878982544
5159,0.9998040795326233
5160,2.4329272491740994e-05
5161,2.5261272185161943e-06
5162,0.9999979734420776
5163,0.9994513392448425
5164,0.8299782276153564
5165,0.999919056892395
5166,0.6086652278900146
5167,1.1618045618888573e-06
5168,0.0014131455682218075
5169,4.005593655165285e-05
5170,0.00020245656196493655
5171,0.9999961853027344
5172,0.9999357461929321
5173,0.9986428618431091
5174,4.624702341970988e-06
5175,0.9876614809036255
5176,0.9999996423721313
5177,0.999998927116394
5178,0.001780401449650526
5179,7.991954771568999e-05
5180,0.9999997615814209
5181,2.976036921609193e-05
5182,1.735077785269823e-05
5183,5.3978128562448546e-05
5184,0.005028278101235628
5185,1.8424925656290725e-05
5186,0.00013576549827121198
5187,0.9993694424629211
5188,0.9999382495880127
5189,0.9999936819076538
5190,0.003962134476751089
5191,0.9998155236244202
5192,0.00028765268507413566
5193,4.080089183844393e-06
5194,0.9999154806137085
5195,2.2329279545374447e-06
5196,8.287905473025603e-08
5197,0.00019672962662298232
5198,0.9994237422943115
5199,0.07408548146486282
5200,0.9998205304145813
5201,9.020565812534187e-06
5202,3.005419273449661e-07
5203,0.9996464252471924
5204,2.672932623681845e-06
5205,3.9887346758860076e-08
5206,0.00023919511295389384
5207,1.0719281817728188e-05
5208,1.0259393093292601e-05
5209,0.072415791451931
5210,1.3397546354099177e-05
5211,4.213191004964756e-06
5212,0.9980764389038086
5213,2.2440151958846855e-09
5214,2.1045316600520891e-07
5215,0.9997640252113342
5216,0.5819369554519653
5217,0.9982442855834961
5218,0.9999128580093384
5219,4.348625589045696e-05
5220,0.9999997615814209
5221,2.8976081011933275e-05
5222,0.9983636736869812
5223,8.869855037119123e-07
5224,0.9999725818634033
5225,0.9999995231628418
5226,0.9999560117721558
5227,8.19190900074318e-05
5228,0.9999797344207764
5229,0.0001235689560417086
5230,0.07323066145181656
5231,0.999941349029541
5232,0.999758780002594
5233,0.9989086389541626
5234,0.9998613595962524
5235,0.9937955141067505
5236,0.9999992847442627
5237,0.9998358488082886
5238,0.9995094537734985
5239,0.9974306225776672
5240,9.20936327020172e-06
5241,0.9999958276748657
5242,0.9998694658279419
5243,0.9999864101409912
5244,0.9964107871055603
5245,1.5364895133984646e-08
5246,0.00013101118383929133
5247,6.884607137180865e-05
5248,0.00045926979510113597
5249,8.994966265163384e-06
5250,7.920258940430358e-05
5251,0.9999862909317017
5252,0.00024292089801747352
5253,0.4228423237800598
5254,8.082722615654347e-07
5255,0.00010476242459844798
5256,0.9999721050262451
5257,3.044951427000342e-06
5258,0.9999083280563354
5259,0.00026382022770121694
5260,9.690023944131099e-06
5261,0.0018575468566268682
5262,3.486027708277106e-05
5263,1.7045900676748715e-05
5264,0.9999043941497803
5265,2.2523245206684805e-05
5266,0.999955415725708
5267,2.5981989892898127e-08
5268,0.7899078130722046
5269,1.2262163409104687e-06
5270,4.9527400847182435e-08
5271,0.9999923706054688
5272,1.163175420515472e-05
5273,0.9996693134307861
5274,0.9999980926513672
5275,0.03696882724761963
5276,0.999893069267273
5277,0.999632716178894
5278,0.9992449283599854
5279,0.9998469352722168
5280,0.0017938166856765747
5281,0.9992929697036743
5282,2.2028274543117732e-05
5283,0.9473099708557129
5284,3.4997847251361236e-05
5285,6.25632537776255e-07
5286,0.0006071085808798671
5287,0.00043956568697467446
5288,0.9998512268066406
5289,0.8397761583328247
5290,2.1139628643140895e-06
5291,0.998897910118103
5292,0.9999667406082153
5293,0.9999758005142212
5294,3.1450879760086536e-05
5295,0.015828164294362068
5296,1.0628989912220277e-05
5297,4.348959464550717e-06
5298,0.0035013731103390455
5299,0.9891158938407898
5300,0.0001024903540383093
5301,0.9913222789764404
5302,0.9999091625213623
5303,2.8945205485797487e-05
5304,0.9999759197235107
5305,0.9999942779541016
5306,0.9999951124191284
5307,0.9999889135360718
5308,0.9997904896736145
5309,4.022810117021436e-06
5310,0.9999219179153442
5311,0.0003648221318144351
5312,2.2137086489237845e-05
5313,0.4157651364803314
5314,0.9947762489318848
5315,0.9998761415481567
5316,2.1681098587578163e-06
5317,0.9973682761192322
5318,0.9999977350234985
5319,2.723097395573859e-06
5320,0.9999885559082031
5321,2.91921151074348e-06
5322,0.9987612962722778
5323,7.538046702393331e-06
5324,0.9817589521408081
5325,4.6515942813130096e-05
5326,0.8361186385154724
5327,0.9997161030769348
5328,0.9999959468841553
5329,3.264587576268241e-06
5330,2.894564204325434e-06
5331,0.9994502663612366
5332,0.999975323677063
5333,0.9545382261276245
5334,6.38159735899535e-06
5335,0.0006414824165403843
5336,0.9981691837310791
5337,0.9999966621398926
5338,9.5770128609729e-06
5339,0.999991774559021
5340,0.033312875777482986
5341,9.168063115794212e-06
5342,1.8452091126164305e-06
5343,0.9999982118606567
5344,0.999733030796051
5345,5.984773451928049e-06
5346,0.9929672479629517
5347,0.9992637038230896
5348,0.9999774694442749
5349,0.9989950060844421
5350,0.9994877576828003
5351,0.9999862909317017
5352,0.0016501882346346974
5353,2.2643653210252523e-06
5354,0.0002144652680726722
5355,4.103791798115708e-05
5356,0.0011513468343764544
5357,0.9991428852081299
5358,0.9999918937683105
5359,3.370699778315611e-05
5360,4.373381671030074e-06
5361,0.9999849796295166
5362,0.9834838509559631
5363,0.00015407691535074264
5364,0.00013918224431108683
5365,9.813905990085914e-07
5366,0.9942525029182434
5367,0.9998513460159302
5368,3.11907242576126e-05
5369,0.9694685935974121
5370,0.9997072815895081
5371,0.9999995231628418
5372,6.099752170030115e-08
5373,0.0030549587681889534
5374,1.110288167183171e-06
5375,0.9999097585678101
5376,0.9999440908432007
5377,0.9998941421508789
5378,0.9874261617660522
5379,4.053071097587235e-05
5380,0.9999933242797852
5381,0.9999964237213135
5382,0.9996194839477539
5383,0.999232292175293
5384,2.108077569573652e-05
5385,0.9998401403427124
5386,6.173449219204485e-05
5387,0.00023822920047678053
5388,0.9999830722808838
5389,4.226579039823264e-05
5390,0.9999431371688843
5391,0.999442994594574
5392,2.1348270820453763e-05
5393,0.9995588660240173
5394,0.9999505281448364
5395,0.9999474287033081
5396,0.9998860359191895
5397,7.491794740133173e-09
5398,3.545036975083349e-07
5399,0.9999682903289795
5400,0.9995343685150146
5401,5.12363023119633e-08
5402,0.99997878074646
5403,0.9999030828475952
5404,0.999667763710022
5405,3.447377821430564e-05
5406,0.9999961853027344
5407,0.9998438358306885
5408,7.421826012432575e-06
5409,0.9999315738677979
5410,0.9997374415397644
5411,0.9994101524353027
5412,2.3236287233885378e-05
5413,0.9999997615814209
5414,0.9999504089355469
5415,3.210259365005186e-06
5416,0.0006212918669916689
5417,0.0004971002344973385
5418,0.9915736317634583
5419,0.9872179627418518
5420,0.9999096393585205
5421,0.9966500401496887
5422,0.9959278702735901
5423,8.275053460238269e-07
5424,0.00022365059703588486
5425,0.9995538592338562
5426,0.9999901056289673
5427,0.9999878406524658
5428,0.9999990463256836
5429,3.7103640352142975e-05
5430,0.0002678209275472909
5431,0.9823989272117615
5432,0.999997615814209
5433,0.9999971389770508
5434,0.9999834299087524
5435,0.003008916974067688
5436,0.9987082481384277
5437,0.9999862909317017
5438,0.9999406337738037
5439,0.025512170046567917
5440,0.9990673661231995
5441,0.9982378482818604
5442,0.9999357461929321
5443,0.9998937845230103
5444,0.9999290704727173
5445,6.121500746303354e-07
5446,0.9999336004257202
5447,0.9922937154769897
5448,0.9973891377449036
5449,0.9999921321868896
5450,0.999987006187439
5451,0.9996906518936157
5452,2.8672971893684007e-05
5453,1.4048396224097814e-06
5454,0.9999847412109375
5455,0.9997232556343079
5456,1.5849424016778357e-05
5457,0.9981499910354614
5458,0.9987133741378784
5459,0.9998407363891602
5460,6.614442099817097e-05
5461,1.984206937777344e-05
5462,3.6535355320665985e-05
5463,0.9999947547912598
5464,0.9998499155044556
5465,0.999996542930603
5466,0.00031260924879461527
5467,0.9999874830245972
5468,0.9995710253715515
5469,0.796488881111145
5470,0.9990567564964294
5471,0.8638550043106079
5472,1.0142006431124173e-05
5473,0.9937717318534851
5474,5.357249847293133e-06
5475,0.9960964322090149
5476,6.210728997757542e-07
5477,4.9224294343730435e-05
5478,0.999963641166687
5479,0.9999310970306396
5480,0.00017703323101159185
5481,0.9999672174453735
5482,3.5791133541351883e-06
5483,5.7136079703923315e-05
5484,0.9999823570251465
5485,0.9999141693115234
5486,2.5168596948788036e-06
5487,0.9999998807907104
5488,0.9999498128890991
5489,0.9999784231185913
5490,0.9999982118606567
5491,0.9998359680175781
5492,0.17815673351287842
5493,0.9999576807022095
5494,0.9990516304969788
5495,0.9995425939559937
5496,0.9993294477462769
5497,0.9963687658309937
5498,0.0007711440557613969
5499,2.1564695998677053e-05
5500,1.325041739619337e-05
5501,0.9985993504524231
5502,0.0014471744652837515
5503,0.9996079802513123
5504,0.9998579025268555
5505,0.9194599986076355
5506,0.4183589816093445
5507,0.9991503953933716
5508,0.9999531507492065
5509,0.9999268054962158
5510,0.9999994039535522
5511,0.9897915124893188
5512,0.9990882873535156
5513,0.9999855756759644
5514,0.9999483823776245
5515,0.9997642636299133
5516,0.9970932006835938
5517,3.582181662409312e-08
5518,8.443486798626054e-09
5519,0.9999598264694214
5520,0.9999872446060181
5521,0.9980736970901489
5522,0.999958872795105
5523,7.994995939952787e-06
5524,0.999832034111023
5525,2.2667769371764734e-05
5526,0.9999878406524658
5527,0.9999877214431763
5528,0.9987284541130066
5529,4.978978540748358e-05
5530,0.04132740944623947
5531,0.9999552965164185
5532,0.9998146891593933
5533,5.551738126996497e-07
5534,0.9999948740005493
5535,1.9038365053347661e-06
5536,0.9997286200523376
5537,3.2558045859332196e-06
5538,0.0004728560452349484
5539,0.9999891519546509
5540,7.88471970736282e-06
5541,1.3973655768495519e-05
5542,0.001311090192757547
5543,0.9995322227478027
5544,2.152243041564361e-06
5545,9.917694114847109e-05
5546,0.027872910723090172
5547,2.1960026970191393e-06
5548,0.9998056292533875
5549,4.347638693502631e-08
5550,0.998855471611023
5551,0.997163712978363
5552,1.1748102224373724e-06
5553,0.029975514858961105
5554,0.9982478618621826
5555,0.9963016510009766
5556,8.221349708037451e-05
5557,0.0012856017565354705
5558,0.9994093179702759
5559,0.9999648332595825
5560,0.999976396560669
5561,0.9998915195465088
5562,0.9999985694885254
5563,0.0037925345823168755
5564,0.00021017425751779228
5565,0.9999912977218628
5566,7.742066372884437e-06
5567,0.9999051094055176
5568,0.9998793601989746
5569,0.06042970344424248
5570,0.9996448755264282
5571,0.9994025230407715
5572,0.9999125003814697
5573,0.9981289505958557
5574,0.9997515082359314
5575,0.999958872795105
5576,2.444039409965626e-06
5577,0.9997932314872742
5578,0.9990335702896118
5579,5.647003126796335e-05
5580,0.9999995231628418
5581,0.9948723912239075
5582,4.7540896048303694e-05
5583,0.08114718645811081
5584,0.9999935626983643
5585,0.9997120499610901
5586,0.9998512268066406
5587,0.9999972581863403
5588,0.9996737241744995
5589,0.0009585314546711743
5590,0.9999834299087524
5591,0.9999873638153076
5592,0.9999464750289917
5593,0.9999916553497314
5594,0.9999936819076538
5595,0.00680747302249074
5596,0.499134361743927
5597,0.9737922549247742
5598,3.431145387366996e-06
5599,9.23540653730015e-07
5600,0.9999957084655762
5601,0.9993650317192078
5602,0.9998646974563599
5603,1.2843167496612296e-05
5604,0.9999896287918091
5605,9.459170655645721e-07
5606,1.065673359335051e-06
5607,0.9994723200798035
5608,0.9999618530273438
5609,4.033736189512638e-08
5610,0.9999598264694214
5611,2.2849799279356375e-06
5612,7.90535850114793e-08
5613,0.9997274279594421
5614,0.9999858140945435
5615,1.9804449038929306e-05
5616,0.0029637725092470646
5617,0.9996730089187622
5618,0.9999991655349731
5619,0.9997228980064392
5620,0.9999566078186035
5621,5.063551498096786e-07
5622,1.7516083516966319e-06
5623,0.00045368060818873346
5624,7.17330124189175e-07
5625,0.9999972581863403
5626,0.0003380711132194847
5627,0.0008959723636507988
5628,0.9999923706054688
5629,0.9999743700027466
5630,0.9999446868896484
5631,0.9997155070304871
5632,0.0005059359245933592
5633,0.996968686580658
5634,0.7535505294799805
5635,0.9996509552001953
5636,1.0250151717627887e-05
5637,1.5068168977450114e-05
5638,5.6588678489788435e-06
5639,0.9187644720077515
5640,0.9995893836021423
5641,0.9997292160987854
5642,0.9977498650550842
5643,2.4834414489305345e-06
5644,0.9882845878601074
5645,4.285915201762691e-05
5646,0.0007126395357772708
5647,1.6713976947357878e-05
5648,0.19905008375644684
5649,0.9999889135360718
5650,0.9998881816864014
5651,0.9999178647994995
5652,3.5369021134101786e-07
5653,0.9984725117683411
5654,5.0193193601444364e-08
5655,0.9999500513076782
5656,0.9974269270896912
5657,0.0013079552445560694
5658,0.9196541905403137
5659,3.4773727293213597e-06
5660,0.9995664954185486
5661,3.710661999889453e-08
5662,0.9999809265136719
5663,1.9473057477625844e-07
5664,0.0006359647959470749
5665,0.9999985694885254
5666,5.0982558605028316e-05
5667,0.9999873638153076
5668,0.0004978383076377213
5669,0.3545827567577362
5670,0.9995556473731995
5671,0.00012663810048252344
5672,0.9997262358665466
5673,2.1049825136287836e-06
5674,0.0008408640860579908
5675,0.9973777532577515
5676,0.9671257734298706
5677,0.9999996423721313
5678,3.6098513191973325e-06
5679,2.6878403787122807e-06
5680,0.999983549118042
5681,1.1486806215543766e-05
5682,7.165855890889361e-07
5683,4.764114783029072e-05
5684,0.9991464614868164
5685,2.5487554466963047e-06
5686,1.0070396001538029e-06
5687,0.00010008185199694708
5688,0.9999737739562988
5689,0.9999661445617676
5690,0.999921441078186
5691,0.9991401433944702
5692,0.9993276596069336
5693,0.9996970891952515
5694,0.9997525811195374
5695,0.999813973903656
5696,0.318686306476593
5697,0.9997710585594177
5698,0.9998364448547363
5699,2.8324862455519906e-07
5700,0.999998927116394
5701,0.9999892711639404
5702,1.4961637262445038e-08
5703,0.9996893405914307
5704,6.043129815225257e-06
5705,0.9962473511695862
5706,0.9999959468841553
5707,0.016603630036115646
5708,0.9987167119979858
5709,8.846556056596455e-07
5710,1.617713314772118e-05
5711,0.5617477297782898
5712,7.341156015172601e-05
5713,1.0690074304875452e-05
5714,1.8501939393900102e-06
5715,0.9999979734420776
5716,6.1903620007797144e-06
5717,0.9842793345451355
5718,0.9769435524940491
5719,0.004418961238116026
5720,0.029083766043186188
5721,5.6518572819186375e-05
5722,0.07964027673006058
5723,0.00041971690370701253
5724,0.001269179512746632
5725,1.4582504093141324e-07
5726,5.846867225045571e-06
5727,2.3418665762164892e-07
5728,2.5498663944745203e-06
5729,2.2217179207473237e-07
5730,0.994126558303833
5731,0.36910194158554077
5732,0.9999983310699463
5733,0.9999096393585205
5734,7.569041713395563e-07
5735,0.9999896287918091
5736,0.001757187070325017
5737,0.9996445178985596
5738,0.9989637136459351
5739,0.9999969005584717
5740,0.9999961853027344
5741,0.0008558252011425793
5742,0.9952549934387207
5743,1.2120415703975596e-05
5744,0.00013240787666290998
5745,6.050182037142804e-06
5746,2.686923289729748e-05
5747,0.999214768409729
5748,0.9999196529388428
5749,0.978119969367981
5750,0.029053010046482086
5751,0.9999642372131348
5752,0.9999113082885742
5753,0.034206703305244446
5754,0.00020612076332326978
5755,0.9966804385185242
5756,0.9838247299194336
5757,3.5260950426163618e-06
5758,0.0010820465395227075
5759,0.9997270703315735
5760,0.8752363324165344
5761,1.1863146937685087e-05
5762,3.081929753534496e-05
5763,0.00022366830671671778
5764,3.824236955551896e-06
5765,0.9999678134918213
5766,0.95838862657547
5767,2.043430504272692e-05
5768,0.9127020239830017
5769,0.00014149659546092153
5770,7.655244553461671e-05
5771,0.9998480081558228
5772,0.9999991655349731
5773,7.142888080124976e-06
5774,5.1684463642232e-07
5775,5.541134214581689e-06
5776,0.9999980926513672
5777,0.9999520778656006
5778,0.9990590214729309
5779,0.9998515844345093
5780,0.9985149502754211
5781,3.360858318046667e-05
5782,0.9999971389770508
5783,0.9999268054962158
5784,0.9999994039535522
5785,7.889503467595205e-05
5786,2.213499499248428e-07
5787,0.9995970129966736
5788,0.0005121409776620567
5789,0.9999796152114868
5790,5.84368608542718e-05
5791,8.635451376903802e-05
5792,0.00017410964937880635
5793,0.0015817530220374465
5794,0.9997826218605042
5795,0.9987071752548218
5796,0.9996256828308105
5797,0.002215595915913582
5798,0.9998992681503296
5799,0.9994857311248779
5800,7.061947599140694e-06
5801,0.9872708320617676
5802,3.0853077532810858e-06
5803,1.2914176750200568e-06
5804,0.9999914169311523
5805,0.9999740123748779
5806,1.939062258315971e-06
5807,0.9999706745147705
5808,0.9998552799224854
5809,0.9999302625656128
5810,0.18313251435756683
5811,1.3806448805553373e-05
5812,0.000816668092738837
5813,0.9989745616912842
5814,6.33733634458622e-06
5815,0.9999855756759644
5816,1.576934209879255e-07
5817,4.452127905096859e-05
5818,5.3983996622264385e-05
5819,0.9936983585357666
5820,0.9999606609344482
5821,0.9999977350234985
5822,0.004944768268615007
5823,3.626641031928557e-08
5824,0.9998915195465088
5825,0.9999409914016724
5826,0.8769556879997253
5827,0.8385955691337585
5828,0.9995798468589783
5829,0.9998853206634521
5830,8.762398647377267e-05
5831,0.9999923706054688
5832,0.0001239495468325913
5833,0.9975147247314453
5834,0.9999788999557495
5835,1.1475100336610922e-07
5836,0.9762676358222961
5837,3.832410655491003e-08
5838,0.009308038279414177
5839,0.9992382526397705
5840,2.244838651677128e-05
5841,0.005686742719262838
5842,0.0008784516248852015
5843,0.9999991655349731
5844,4.61977870145347e-05
5845,0.999697208404541
5846,4.184556473774137e-06
5847,5.248774414212676e-06
5848,0.6812348961830139
5849,0.9959515333175659
5850,6.995924195507541e-05
5851,4.818666275241412e-05
5852,0.9999743700027466
5853,9.957839210983366e-07
5854,0.0019365646876394749
5855,8.769504347583279e-05
5856,9.194129233947024e-06
5857,0.0008032794576138258
5858,0.9996968507766724
5859,7.70879523770418e-06
5860,0.9999567270278931
5861,0.00011965219891862944
5862,0.9999654293060303
5863,1.2991293942832272e-06
5864,0.1764582395553589
5865,5.7618453865870833e-05
5866,8.866609277902171e-06
5867,1.2632315815608308e-07
5868,2.6223310669593047e-06
5869,0.9999536275863647
5870,0.11831548810005188
5871,0.04402710869908333
5872,0.00019993948808405548
5873,0.9999995231628418
5874,0.9998273253440857
5875,0.0009101228206418455
5876,8.086561820164206e-07
5877,0.9014664888381958
5878,0.999998927116394
5879,3.713640353453229e-06
5880,0.9999651908874512
5881,0.9999785423278809
5882,0.9980719089508057
5883,0.9999215602874756
5884,0.9999203681945801
5885,0.0017765589291229844
5886,0.9999692440032959
5887,1.312640688411193e-05
5888,2.040583012785646e-06
5889,0.00020644610049203038
5890,0.9998261332511902
5891,1.2309980093050399e-06
5892,0.9998884201049805
5893,0.9998692274093628
5894,2.6321797122363932e-05
5895,0.06077089533209801
5896,1.8487375541553774e-07
5897,0.318111389875412
5898,0.9977352619171143
5899,6.995680905674817e-06
5900,1.106848003473715e-06
5901,0.9999498128890991
5902,1.5128787708817981e-05
5903,1.573782242303423e-07
5904,0.9999916553497314
5905,0.9999021291732788
5906,0.00015111712855286896
5907,0.0002914820215664804
5908,0.9991687536239624
5909,0.0001109184231609106
5910,0.014572057873010635
5911,0.9999998807907104
5912,1.3482064105119207e-06
5913,0.03646617755293846
5914,9.341393365502881e-07
5915,0.9998570680618286
5916,0.999987006187439
5917,0.9999754428863525
5918,3.330541176183033e-06
5919,0.9998219609260559
5920,9.712477549328469e-06
5921,0.0003772124764509499
5922,0.998347282409668
5923,0.9896149635314941
5924,0.9999958276748657
5925,0.999998927116394
5926,3.521857252053451e-06
5927,8.578960660088342e-06
5928,0.9999563694000244
5929,0.9999984502792358
5930,0.999988317489624
5931,0.999998927116394
5932,2.1961545826343354e-07
5933,7.736948464298621e-05
5934,0.006316809449344873
5935,0.9999958276748657
5936,0.9996191263198853
5937,0.020285923033952713
5938,0.9998406171798706
5939,1.1130116945423651e-05
5940,0.0019237127853557467
5941,1.9807914952707506e-07
5942,9.5322699053213e-05
5943,0.9997711777687073
5944,0.9999783039093018
5945,1.0127334917342523e-06
5946,0.9999459981918335
5947,2.799363869598892e-07
5948,0.9997965693473816
5949,3.297952488878764e-08
5950,3.5632726280709903e-07
5951,0.9999779462814331
5952,0.999822199344635
5953,2.267080034812352e-08
5954,0.00025781732983887196
5955,0.9968109726905823
5956,0.007454078644514084
5957,0.9984276294708252
5958,0.9994361996650696
5959,0.007179930340498686
5960,8.504801371600479e-05
5961,0.00023236028209794313
5962,4.285158865968697e-05
5963,1.488961061113514e-05
5964,1.030365524457011e-06
5965,0.999897837638855
5966,0.9999498128890991
5967,0.002704491140320897
5968,0.9978652596473694
5969,0.9993649125099182
5970,0.9998334646224976
5971,0.9999998807907104
5972,0.9999852180480957
5973,0.9998165965080261
5974,1.8178172467742115e-05
5975,0.9999997615814209
5976,0.99793940782547
5977,0.0011189485667273402
5978,0.18936343491077423
5979,0.9983360171318054
5980,0.00035444716922938824
5981,9.695754243921328e-08
5982,1.2298351066419855e-06
5983,0.9994679093360901
5984,0.9991552829742432
5985,0.9996330738067627
5986,0.0007363524055108428
5987,1.4324124094855506e-05
5988,0.9893982410430908
5989,0.9999964237213135
5990,0.9476637840270996
5991,8.367610280402005e-05
5992,0.9995143413543701
5993,0.9603997468948364
5994,1.4752079096069792e-06
5995,0.9993667006492615
5996,0.00021263255621306598
5997,0.9998992681503296
5998,0.006868739612400532
5999,0.9999278783798218
6000,0.9999270439147949
6001,6.851003126939759e-05
6002,0.0003767700691241771
6003,3.8852111174492165e-05
6004,0.9999680519104004
6005,0.011616513133049011
6006,0.000138465577038005
6007,0.9999969005584717
6008,0.00011531683412613347
6009,0.0005103924195282161
6010,0.9979302883148193
6011,4.506758341449313e-05
6012,0.9997652173042297
6013,1.3980947187519632e-05
6014,2.6085726858582348e-05
6015,1.2920061465138133e-07
6016,0.9999995231628418
6017,0.9999599456787109
6018,1.7755040460087912e-07
6019,0.9998144507408142
6020,0.9999915361404419
6021,4.611288386513479e-05
6022,0.999371349811554
6023,0.00045790569856762886
6024,8.166580869328754e-07
6025,0.9998862743377686
6026,0.9996249675750732
6027,0.9999302625656128
6028,0.9999973773956299
6029,0.0015813872450962663
6030,0.9997773766517639
6031,3.9278442272916436e-05
6032,3.5120333450322505e-06
6033,1.7190289725022012e-07
6034,1.7776992535800673e-05
6035,0.00012755722855217755
6036,1.937275374075398e-05
6037,0.0026114266365766525
6038,0.9999642372131348
6039,1.0891752566521973e-07
6040,0.9991488456726074
6041,0.9969841837882996
6042,0.9999552965164185
6043,9.00414124771487e-06
6044,2.468339289407595e-06
6045,0.9993194341659546
6046,0.9999707937240601
6047,0.9991201758384705
6048,4.72291048936313e-07
6049,0.9999622106552124
6050,1.974595079445862e-06
6051,0.9996967315673828
6052,5.495736331795342e-05
6053,0.00025878738961182535
6054,0.0007010544650256634
6055,0.9998363256454468
6056,8.562912989873439e-05
6057,0.0020893586333841085
6058,5.012263954995433e-07
6059,7.380010060842324e-07
6060,2.6141660214307194e-07
6061,0.999133288860321
6062,4.408051972859539e-05
6063,2.3616674297954887e-05
6064,0.9995452761650085
6065,0.7071430683135986
6066,0.9887577891349792
6067,0.9999914169311523
6068,1.7434538222005358e-06
6069,0.025725608691573143
6070,0.9999797344207764
6071,0.00011422820534789935
6072,0.9999957084655762
6073,0.9999597072601318
6074,8.918972889659926e-05
6075,0.9781134128570557
6076,1.2656529179366771e-05
6077,0.0021305091213434935
6078,0.9993532299995422
6079,0.9998735189437866
6080,0.9999939203262329
6081,0.00536321708932519
6082,0.9999969005584717
6083,1.3805058642901713e-06
6084,0.9999799728393555
6085,0.9957757592201233
6086,0.9999985694885254
6087,0.9999451637268066
6088,0.9989222288131714
6089,0.9999812841415405
6090,0.9972901344299316
6091,0.999812662601471
6092,4.651054155146994e-07
6093,0.9998236298561096
6094,0.999976396560669
6095,0.0014665107009932399
6096,0.004201896954327822
6097,0.020138416439294815
6098,2.871529432013631e-07
6099,0.0015656464966014028
6100,0.00013845170906279236
6101,0.0008080924744717777
6102,0.0001051478466251865
6103,0.9963244795799255
6104,0.9871073365211487
6105,0.9999544620513916
6106,0.9999508857727051
6107,0.9999951124191284
6108,0.9998077750205994
6109,0.5134637951850891
6110,2.2286762032308616e-05
6111,0.9999605417251587
6112,0.0022142839152365923
6113,7.905560778453946e-06
6114,0.000589516363106668
6115,1.526874621049501e-05
6116,0.999947190284729
6117,0.9949091076850891
6118,0.9985809326171875
6119,0.00922156497836113
6120,0.9999736547470093
6121,0.9949862957000732
6122,1.9806244381470606e-05
6123,0.9957507848739624
6124,1.8715017091608388e-08
6125,0.9999957084655762
6126,0.998685896396637
6127,9.294983465224504e-05
6128,0.9999263286590576
6129,0.0005268960376270115
6130,0.9905053973197937
6131,2.929670245066518e-06
6132,0.0006141686462797225
6133,0.00090337626170367
6134,0.9998674392700195
6135,2.3234048057929613e-05
6136,0.000578474544454366
6137,0.99989914894104
6138,2.8844012831541477e-06
6139,0.9981575608253479
6140,0.9915491342544556
6141,0.999815046787262
6142,0.9999815225601196
6143,3.953318355343072e-06
6144,4.279955828678794e-05
6145,1.967838898053742e-06
6146,1.0892578075072379e-06
6147,5.965456750800513e-08
6148,0.9999892711639404
6149,3.4310542105231434e-05
6150,5.220150342211127e-06
6151,0.9482980966567993
6152,1.7956339434022084e-05
6153,1.0245519661111757e-05
6154,0.9999489784240723
6155,0.9999842643737793
6156,0.002784546697512269
6157,0.9996631145477295
6158,2.0595041860360652e-05
6159,6.823065632488579e-05
6160,0.9948133230209351
6161,5.770951975136995e-05
6162,0.9998416900634766
6163,0.9999690055847168
6164,0.0004954473697580397
6165,1.8299318981007673e-05
6166,3.3807402360253036e-05
6167,0.004526461008936167
6168,4.118039214517921e-06
6169,0.9965018033981323
6170,4.4324966438580304e-05
6171,1.8573735360405408e-05
6172,3.725112662777974e-09
6173,0.6367874145507812
6174,3.655759064713493e-05
6175,0.9998868703842163
6176,0.9999364614486694
6177,0.999946117401123
6178,0.000163832024554722
6179,2.6984092983184382e-05
6180,0.9999840259552002
6181,0.00016502453945577145
6182,8.247513324022293e-05
6183,0.999941349029541
6184,0.00011334456212352961
6185,4.828823512070812e-05
6186,0.9786078333854675
6187,0.9998884201049805
6188,0.999985933303833
6189,0.000330297218170017
6190,0.00031316111562773585
6191,0.000570086354855448
6192,0.999691367149353
6193,0.9995131492614746
6194,0.00038747131475247443
6195,0.001562350895255804
6196,0.2870786190032959
6197,4.1743569454411045e-05
6198,2.0867726391315955e-07
6199,0.9999971389770508
6200,0.9999902248382568
6201,0.999528169631958
6202,9.269793963539996e-07
6203,0.9999775886535645
6204,2.1742303943028674e-05
6205,0.000664693012367934
6206,0.9999971389770508
6207,0.9971638321876526
6208,0.9999103546142578
6209,0.9999327659606934
6210,7.537707347182732e-08
6211,5.8612942666513845e-05
6212,9.377694709655771e-07
6213,5.430370583781041e-05
6214,0.9999911785125732
6215,0.9936145544052124
6216,3.9871153489912103e-07
6217,0.9997945427894592
6218,0.9970302581787109
6219,0.9999904632568359
6220,7.85977817940875e-07
6221,0.9999920129776001
6222,0.9987758994102478
6223,0.9997095465660095
6224,0.981646716594696
6225,0.9999761581420898
6226,0.9999868869781494
6227,0.00547889294102788
6228,8.596937732363585e-06
6229,0.9965651631355286
6230,0.9640927910804749
6231,0.999992847442627
6232,0.9999799728393555
6233,2.386776941420976e-05
6234,0.041142504662275314
6235,0.00014144762826617807
6236,0.9999531507492065
6237,0.9999008178710938
6238,0.0026550537440925837
6239,0.9997910857200623
6240,5.334934758138843e-05
6241,0.993575394153595
6242,0.9521401524543762
6243,6.379108981491299e-06
6244,0.9997997879981995
6245,0.9999946355819702
6246,0.9999891519546509
6247,4.610905307345092e-06
6248,0.999627947807312
6249,0.999996542930603
6250,1.1055009963456541e-05
6251,0.0002774896565824747
6252,5.7093281213838054e-08
6253,0.9999759197235107
6254,0.9999947547912598
6255,0.9978353381156921
6256,3.4316431992920116e-05
6257,0.999945878982544
6258,0.0001497936900705099
6259,5.858370855094108e-08
6260,0.9993615746498108
6261,0.0026683334726840258
6262,3.412468174701644e-08
6263,1.152574986917898e-05
6264,0.999866247177124
6265,0.9999816417694092
6266,0.9966101050376892
6267,6.754179935342108e-07
6268,7.655738045286853e-06
6269,4.999493512514164e-07
6270,5.698013774235733e-05
6271,5.762785076512955e-05
6272,0.00012703939864877611
6273,0.9999594688415527
6274,4.2538817979220767e-07
6275,5.395589255385858e-07
6276,0.0003483656910248101
6277,0.9999973773956299
6278,0.002034274861216545
6279,0.9948282837867737
6280,0.999723494052887
6281,0.9999910593032837
6282,0.00933711789548397
6283,0.9981186985969543
6284,0.9999998807907104
6285,0.9771862030029297
6286,3.224505780963227e-05
6287,0.9999921321868896
6288,0.9998164772987366
6289,0.9999041557312012
6290,0.9998379945755005
6291,0.006029282696545124
6292,0.9766085147857666
6293,0.999347984790802
6294,0.9988939166069031
6295,0.9999659061431885
6296,0.01197312492877245
6297,6.584471066162223e-06
6298,4.803919728146866e-05
6299,1.499318045716791e-06
6300,0.000695869093760848
6301,0.9997100234031677
6302,0.9999929666519165
6303,7.458862683051848e-08
6304,0.006585387513041496
6305,0.9998762607574463
6306,0.9970690608024597
6307,0.9990665316581726
6308,2.6939017061522463e-07
6309,0.9999982118606567
6310,0.16043876111507416
6311,5.448587671708083e-06
6312,0.09129353612661362
6313,0.9996869564056396
6314,4.234607331454754e-05
6315,0.9999268054962158
6316,4.7506782721029595e-06
6317,0.9993575215339661
6318,0.9999305009841919
6319,0.9999966621398926
6320,0.012158830650150776
6321,0.9998970031738281
6322,0.8065308332443237
6323,0.9999728202819824
6324,0.00023993539798539132
6325,0.004473968409001827
6326,0.001238692901097238
6327,0.999976634979248
6328,2.173904977098573e-05
6329,3.4227412015752634e-08
6330,4.025794260087423e-05
6331,0.9999879598617554
6332,0.9997350573539734
6333,5.1333914598217234e-05
6334,0.0159943625330925
6335,0.00014781167556066066
6336,0.00023879976652096957
6337,0.00015921994054224342
6338,5.789615897811018e-05
6339,0.001270701177418232
6340,0.999526858329773
6341,0.9995773434638977
6342,1.2668509441482456e-07
6343,9.470917916587496e-08
6344,1.0171092981181573e-05
6345,2.6595031158649363e-05
6346,9.437964763492346e-06
6347,0.9543651342391968
6348,0.9933920502662659
6349,0.9999865293502808
6350,1.829052416724153e-05
6351,0.9998476505279541
6352,1.1739472938643303e-05
6353,0.00017394537280779332
6354,0.9998449087142944
6355,0.9999802112579346
6356,0.9338730573654175
6357,0.006337632890790701
6358,1.759764018061105e-05
6359,3.6137848837825004e-06
6360,2.718209088925505e-06
6361,0.9999496936798096
6362,6.283495167735964e-05
6363,0.9621369242668152
6364,1.2196757097626687e-06
6365,0.9999722242355347
6366,0.5558502078056335
6367,0.9998480081558228
6368,0.9999847412109375
6369,1.4013124882694683e-06
6370,1.3833400771545712e-05
6371,0.00012535353016573936
6372,4.848308890359476e-05
6373,0.007156911306083202
6374,0.007361733354628086
6375,0.9999749660491943
6376,1.2851261317337048e-06
6377,0.9999125003814697
6378,0.0015708639984950423
6379,0.9999966621398926
6380,8.907942969926808e-07
6381,1.3125706573191565e-05
6382,5.847090505994856e-06
6383,3.872789420711342e-06
6384,0.9998067021369934
6385,0.9999986886978149
6386,0.00041360914474353194
6387,0.9999746084213257
6388,0.9995282888412476
6389,0.9997475743293762
6390,7.234908849795829e-08
6391,0.9999700784683228
6392,0.00040522441850043833
6393,0.999925971031189
6394,0.9999747276306152
6395,0.9998959302902222
6396,3.341584306326695e-05
6397,0.9999208450317383
6398,0.9999979734420776
6399,0.9990715980529785
6400,0.9993976354598999
6401,1.381709171255352e-05
6402,0.999966025352478
6403,0.00014001473027747124
6404,0.9959222078323364
6405,7.2045004344545305e-06
6406,0.9999802112579346
6407,7.413750040541345e-07
6408,0.002326094312593341
6409,0.9997941851615906
6410,1.7836568986240309e-06
6411,1.4628974440711318e-06
6412,1.9214134226785973e-05
6413,8.674342666381563e-08
6414,6.231741735973628e-06
6415,0.7848372459411621
6416,0.00016756691911723465
6417,0.1917521059513092
6418,2.0691946645001735e-07
6419,4.5740488729961726e-08
6420,0.9999502897262573
6421,0.9990511536598206
6422,0.9999823570251465
6423,1.1702335989127732e-08
6424,0.0012141764163970947
6425,0.0010538276983425021
6426,0.9999885559082031
6427,1.3227717090558144e-06
6428,0.9999991655349731
6429,0.999988317489624
6430,5.343514203559607e-06
6431,0.6316163539886475
6432,0.9999423027038574
6433,0.9999583959579468
6434,0.0004815709835384041
6435,0.9999754428863525
6436,0.9999959468841553
6437,4.8941066779661924e-05
6438,0.9999980926513672
6439,0.9998133778572083
6440,0.0004442905483301729
6441,9.581581252859905e-06
6442,4.4227144826436415e-06
6443,0.9953372478485107
6444,0.9609419107437134
6445,0.9999246597290039
6446,0.9999079704284668
6447,0.9999992847442627
6448,0.9331676363945007
6449,0.999962329864502
6450,0.9999855756759644
6451,1.306693138758419e-05
6452,4.9164762458531186e-05
6453,0.9975132942199707
6454,8.290520054288208e-05
6455,0.9982964396476746
6456,4.296714541851543e-05
6457,0.9998303651809692
6458,1.667204560362734e-05
6459,5.593615787802264e-05
6460,0.9997450709342957
6461,0.6213188767433167
6462,0.9996064305305481
6463,1.7658433648648497e-07
6464,0.9999710321426392
6465,9.118892876358586e-07
6466,0.9999687671661377
6467,0.9996275901794434
6468,0.9940600991249084
6469,0.9999122619628906
6470,9.688683348940685e-06
6471,9.195451275445521e-05
6472,0.001536075258627534
6473,0.9999969005584717
6474,1.3389690138865262e-05
6475,0.9903351068496704
6476,0.9992097616195679
6477,6.235730779735604e-06
6478,0.9999462366104126
6479,1.9270912162028253e-05
6480,0.9998835325241089
6481,0.9983615279197693
6482,1.0
6483,1.7873409888125025e-05
6484,3.0047769541852176e-05
6485,0.9999922513961792
6486,0.0070164320059120655
6487,8.018069638637826e-05
6488,4.6482296056638006e-07
6489,0.7949066758155823
6490,2.964345412692637e-06
6491,0.9997881054878235
6492,0.9999586343765259
6493,0.9990160465240479
6494,0.014058120548725128
6495,0.0004288773925509304
6496,1.3736343134951312e-05
6497,0.9965434670448303
6498,7.160895734159567e-07
6499,0.999992847442627
6500,0.9995236396789551
6501,9.835983291850425e-06
6502,0.9999840259552002
6503,0.9999992847442627
6504,0.07395845651626587
6505,3.0485077786579495e-06
6506,0.9999954700469971
6507,0.9999198913574219
6508,1.836855517467484e-05
6509,5.811843948322348e-06
6510,0.9999555349349976
6511,0.9999735355377197
6512,0.9990687966346741
6513,2.347034524063929e-06
6514,0.999452531337738
6515,0.0003430361393839121
6516,1.0
6517,0.9627515077590942
6518,0.0630074068903923
6519,7.923388693598099e-06
6520,2.354934076720383e-05
6521,2.090964699164033e-05
6522,1.8370378995768988e-07
6523,0.9998564720153809
6524,0.9999996423721313
6525,0.9999889135360718
6526,0.9999299049377441
6527,0.48439911007881165
6528,0.0013047228567302227
6529,0.9998433589935303
6530,0.9966529011726379
6531,6.121553042248706e-07
6532,0.9999924898147583
6533,0.00010210611071670428
6534,4.6676991161120895e-08
6535,3.63660177526981e-08
6536,1.0
6537,0.01928427256643772
6538,0.0001769123919075355
6539,0.9999972581863403
6540,0.9999828338623047
6541,0.0010337992571294308
6542,0.9997727274894714
6543,0.0014624489704146981
6544,0.9999558925628662
6545,0.9999867677688599
6546,0.999995231628418
6547,7.429633228639432e-07
6548,0.0003960917529184371
6549,0.9997703433036804
6550,0.0014444594271481037
6551,0.9999608993530273
6552,0.03602055832743645
6553,0.0005059682298451662
6554,0.9999864101409912
6555,8.22516085463576e-05
6556,0.999910831451416
6557,8.207030623452738e-05
6558,0.00034539689659141004
6559,1.350638626718137e-06
6560,0.9973539113998413
6561,0.00421526376157999
6562,0.00803525559604168
6563,0.0001768872607499361
6564,0.9996944665908813
6565,6.375681493864249e-08
6566,0.9980917572975159
6567,0.9999969005584717
6568,1.222601167683024e-05
6569,0.9997991919517517
6570,2.4415512598352507e-06
6571,0.0014739526668563485
6572,0.9999914169311523
6573,0.9999409914016724
6574,0.9982921481132507
6575,0.0001244078011950478
6576,0.00015881449508015066
6577,0.9999326467514038
6578,3.166579335811548e-05
6579,0.00012155035801697522
6580,0.9819952249526978
6581,0.00020942192350048572
6582,0.9884995818138123
6583,0.9996607303619385
6584,2.8767761250492185e-05
6585,0.9998493194580078
6586,0.9998005032539368
6587,1.380384128424339e-05
6588,0.9977256655693054
6589,0.9999418258666992
6590,0.9999719858169556
6591,0.9999082088470459
6592,0.9999991655349731
6593,0.9992536902427673
6594,0.05167858302593231
6595,8.607356903667096e-06
6596,0.999982476234436
6597,1.2482003512559459e-05
6598,0.0024243248626589775
6599,0.9996825456619263
6600,0.9998811483383179
6601,8.625143550489156e-07
6602,0.9999822378158569
6603,1.8664790331968106e-05
6604,1.4234385162126273e-05
6605,0.0001656549866311252
6606,0.9996497631072998
6607,0.999933123588562
6608,0.999976634979248
6609,0.0037015648558735847
6610,0.9999949932098389
6611,0.9996838569641113
6612,0.004205160308629274
6613,1.2656396393140312e-05
6614,0.002862178720533848
6615,0.9992318153381348
6616,0.0006499639130197465
6617,0.00042138039134442806
6618,5.595398033619858e-05
6619,0.999997615814209
6620,0.9998965263366699
6621,0.9998764991760254
6622,0.9999898672103882
6623,0.0016074160812422633
6624,6.1961736719240434e-06
6625,0.9991267323493958
6626,4.008510586572811e-06
6627,0.997711181640625
6628,0.9999202489852905
6629,0.9999940395355225
6630,0.9872117638587952
6631,0.9992367029190063
6632,0.9903262257575989
6633,0.0003446451446507126
6634,0.0002521545102354139
6635,0.9993634819984436
6636,0.9999823570251465
6637,0.9999969005584717
6638,4.9023135943571106e-05
6639,2.889908864744939e-05
6640,0.999982476234436
6641,0.6969302296638489
6642,0.00020000163931399584
6643,0.9999969005584717
6644,5.323541336110793e-05
6645,9.014297575049568e-06
6646,0.9962854385375977
6647,0.02358797937631607
6648,0.9822906851768494
6649,0.9988173842430115
6650,0.700291633605957
6651,0.9985767602920532
6652,0.9999988079071045
6653,0.9999979734420776
6654,0.9996788501739502
6655,9.525847133318166e-08
6656,4.883113797404803e-05
6657,1.9439855805103434e-06
6658,5.437501022242941e-05
6659,0.9998121857643127
6660,7.807029760442674e-05
6661,0.9978207349777222
6662,0.9999885559082031
6663,0.999967098236084
6664,0.9999688863754272
6665,0.9997923970222473
6666,0.009768573567271233
6667,3.402228685445152e-05
6668,0.997713565826416
6669,1.2260416326626e-07
6670,0.9999634027481079
6671,0.9985169768333435
6672,0.9999967813491821
6673,9.619749471312389e-05
6674,0.999870777130127
6675,0.9958250522613525
6676,0.9999754428863525
6677,2.0910543753416277e-05
6678,1.3370994622619037e-07
6679,0.999956488609314
6680,1.2366882401693147e-05
6681,4.507604899117723e-06
6682,3.699850140037597e-06
6683,9.850495189311914e-06
6684,0.006090780254453421
6685,0.999993085861206
6686,2.4476828457409283e-06
6687,2.468339289407595e-06
6688,0.9999973773956299
6689,1.8775062926579267e-05
6690,9.212372970068827e-05
6691,1.2058899301337078e-07
6692,3.046083656954579e-05
6693,0.0003894770343322307
6694,0.0011647375067695975
6695,0.00024503658642061055
6696,1.8707645722315647e-05
6697,0.00034323829459026456
6698,8.366368092538323e-06
6699,0.9999313354492188
6700,0.9999970197677612
6701,0.9997555613517761
6702,0.0010136376367881894
6703,0.9974263310432434
6704,0.9999744892120361
6705,6.698293145745993e-05
6706,0.002146890852600336
6707,0.9999597072601318
6708,0.9999984502792358
6709,0.00020879229123238474
6710,0.9999996423721313
6711,4.022056964458898e-05
6712,0.999902606010437
6713,3.3289948078163434e-06
6714,0.00011334629380144179
6715,0.9917535781860352
6716,0.9999943971633911
6717,9.451460937270895e-05
6718,0.9994895458221436
6719,0.9734922647476196
6720,0.9992656111717224
6721,0.9999998807907104
6722,0.9971739053726196
6723,9.800988891583984e-07
6724,3.1142988063947996e-06
6725,0.9986401200294495
6726,4.532451384875458e-06
6727,0.0010533288586884737
6728,0.99998939037323
6729,0.9999982118606567
6730,1.3793287507724017e-05
6731,0.9997085928916931
6732,0.9999223947525024
6733,0.9999755620956421
6734,0.9999991655349731
6735,0.9950238466262817
6736,1.0327437394153094e-07
6737,0.9999923706054688
6738,0.9966662526130676
6739,3.972695139964344e-06
6740,0.00015578481543343514
6741,0.9999886751174927
6742,0.9984153509140015
6743,2.3429764041793533e-05
6744,0.00021897241822443902
6745,0.999729335308075
6746,0.0006401577265933156
6747,0.00013064665836282074
6748,0.0002641955215949565
6749,0.00012132142001064494
6750,0.00011034506314899772
6751,0.9999771118164062
6752,7.981125236256048e-05
6753,0.9999984502792358
6754,0.999997615814209
6755,2.1989428660162957e-06
6756,0.013580157421529293
6757,0.9999784231185913
6758,2.1273621314321645e-05
6759,0.999995231628418
6760,0.0008562143193557858
6761,0.9999287128448486
6762,9.94987431113259e-07
6763,0.9983267188072205
6764,0.08329617977142334
6765,0.00019875152793247253
6766,0.9975935816764832
6767,0.9916493892669678
6768,9.036692972586025e-06
6769,3.5764511267188936e-05
6770,3.440569344093092e-05
6771,0.9999122619628906
6772,0.9999740123748779
6773,0.9999492168426514
6774,0.9999995231628418
6775,0.999686598777771
6776,1.182266805699328e-05
6777,0.1276237517595291
6778,2.605584086268209e-05
6779,0.11261758208274841
6780,0.0011797717306762934
6781,2.9602566428366117e-05
6782,2.5577378437446896e-06
6783,1.1956918569921982e-05
6784,4.273523245501565e-06
6785,6.295352068264037e-05
6786,0.9999860525131226
6787,0.11078996956348419
6788,2.2656368514617498e-07
6789,1.7421274378648377e-06
6790,0.9992660880088806
6791,0.999998927116394
6792,0.9999510049819946
6793,0.0001745791087159887
6794,0.9997358918190002
6795,0.0008531634812243283
6796,1.995782028529902e-08
6797,0.9999594688415527
6798,4.4841573981102556e-05
6799,0.9999243021011353
6800,0.9997172951698303
6801,2.3257549401023425e-05
6802,0.9999867677688599
6803,0.9999979734420776
6804,0.9999465942382812
6805,0.0004975144984200597
6806,0.9855901598930359
6807,0.00024769885931164026
6808,3.2359097531298175e-05
6809,0.9837263226509094
6810,0.0014445625711232424
6811,0.9995282888412476
6812,0.009112224914133549
6813,0.9995139837265015
6814,0.9999767541885376
6815,0.9973674416542053
6816,0.9998444318771362
6817,0.00014491846377495676
6818,0.9998854398727417
6819,0.9999557733535767
6820,0.999213695526123
6821,0.0002937212702818215
6822,0.999283492565155
6823,0.9999932050704956
6824,0.999988317489624
6825,0.9999781847000122
6826,8.409341535298154e-05
6827,0.9994086027145386
6828,0.9990867376327515
6829,1.3534943718696013e-05
6830,1.609532773727551e-05
6831,0.9997944235801697
6832,0.9997685551643372
6833,0.4966459274291992
6834,0.9999978542327881
6835,0.9999130964279175
6836,0.00013404741184785962
6837,0.0017638551071286201
6838,6.628838633560008e-08
6839,0.9928642511367798
6840,0.9999901056289673
6841,2.549290229580947e-06
6842,0.9998626708984375
6843,0.9998279809951782
6844,0.9999834299087524
6845,1.81849354703445e-05
6846,0.9969173669815063
6847,0.9999974966049194
6848,1.2813610737794079e-05
6849,0.9999501705169678
6850,0.9999997615814209
6851,1.1108644685009494e-05
6852,0.9999998807907104
6853,0.9999995231628418
6854,0.9997901320457458
6855,7.042027573334053e-05
6856,0.9997641444206238
6857,0.9962312579154968
6858,0.9999740123748779
6859,0.9985247254371643
6860,9.38203083933331e-06
6861,1.2252355190867092e-05
6862,0.9998133778572083
6863,7.949299470055848e-05
6864,4.5777930779422604e-08
6865,5.045171292294981e-06
6866,0.9999740123748779
6867,1.0319721695850603e-05
6868,0.999422550201416
6869,0.9997342228889465
6870,0.9999135732650757
6871,5.0937537707795855e-06
6872,0.9999699592590332
6873,3.410717181395739e-05
6874,1.5322746548918076e-05
6875,0.9219995141029358
6876,0.9990580677986145
6877,7.276050268956169e-07
6878,1.0755496759884409e-06
6879,0.9999836683273315
6880,0.00010653162462403998
6881,2.1659025151166134e-06
6882,2.028216385951964e-06
6883,0.9990072846412659
6884,0.016916736960411072
6885,0.9965360164642334
6886,0.9999361038208008
6887,0.9976068735122681
6888,2.007763200140289e-08
6889,1.2642440196941607e-05
6890,0.0003863283200189471
6891,5.653420521412045e-05
6892,0.927541971206665
6893,1.9370352674741298e-05
6894,5.459395833895542e-05
6895,0.9999983310699463
6896,0.0075851124711334705
6897,0.0015977055300027132
6898,0.00033837760565802455
6899,0.9998160004615784
6900,2.5227857349818805e-06
6901,0.9997722506523132
6902,0.9979210495948792
6903,0.02761876955628395
6904,8.894842176232487e-05
6905,8.100972081592772e-06
6906,0.9999836683273315
6907,0.9999936819076538
6908,0.9952301979064941
6909,0.9998273253440857
6910,0.939495861530304
6911,0.999997615814209
6912,0.9999351501464844
6913,5.9159836382605135e-05
6914,0.9999569654464722
6915,5.568973574554548e-05
6916,0.9997360110282898
6917,2.220335773017723e-06
6918,0.9999709129333496
6919,1.1265654393355362e-05
6920,0.9993385672569275
6921,2.302722634794918e-07
6922,2.989206404890865e-05
6923,0.9996451139450073
6924,7.983607065398246e-05
6925,4.138701115152799e-06
6926,0.9999805688858032
6927,1.6119347492349334e-06
6928,0.9943913817405701
6929,0.990394651889801
6930,4.053410066262586e-06
6931,9.5760444018822e-10
6932,0.99983811378479
6933,8.618449065522782e-09
6934,0.9999456405639648
6935,1.3191512152843643e-05
6936,0.9998898506164551
6937,7.814299169695005e-05
6938,0.9999909400939941
6939,1.2627305295609403e-05
6940,1.0249273145745974e-06
6941,0.9898006319999695
6942,2.988359847222455e-05
6943,5.792211595689878e-05
6944,0.9999985694885254
6945,0.9214783310890198
6946,0.0001408759708283469
6947,0.8062511682510376
6948,0.9999723434448242
6949,0.9999964237213135
6950,0.9656863212585449
6951,0.011756411753594875
6952,0.9995242357254028
6953,0.9999959468841553
6954,9.190039662598792e-08
6955,0.9998619556427002
6956,0.9978132247924805
6957,0.0037661900278180838
6958,0.9999681711196899
6959,0.00015627234824933112
6960,3.651783345048898e-06
6961,3.8077111241818784e-08
6962,0.999826967716217
6963,0.9999581575393677
6964,0.0009668091079220176
6965,0.00017647536878939718
6966,1.4674748172183172e-07
6967,0.9968001842498779
6968,6.543255892665911e-08
6969,6.014306200086139e-05
6970,4.1166753362631425e-05
6971,0.0008285566582344472
6972,0.9999954700469971
6973,0.00040208909194916487
6974,0.9998247027397156
6975,8.06349726190092e-06
6976,0.022322440519928932
6977,0.0003200952778570354
6978,0.9998714923858643
6979,2.2681218979414552e-05
6980,0.9999086856842041
6981,8.827092096908018e-05
6982,0.9996546506881714
6983,0.00027589156525209546
6984,0.9999960660934448
6985,0.9999704360961914
6986,0.9999854564666748
6987,0.8375749588012695
6988,0.0007546447450295091
6989,1.6344549294444732e-05
6990,4.503445961745456e-05
6991,0.003268243046477437
6992,0.9998520612716675
6993,0.01819809153676033
6994,0.9999946355819702
6995,7.280752470251173e-05
6996,0.9506456255912781
6997,0.999957799911499
6998,2.695464536373038e-05
6999,0.999968409538269
7000,0.9956799745559692
7001,0.9999707937240601
7002,0.9999616146087646
7003,0.00035431288415566087
7004,3.08319395116996e-05
7005,4.867879852099577e-06
7006,0.9999998807907104
7007,0.45764902234077454
7008,0.9956961870193481
7009,0.000122446333989501
7010,0.9999864101409912
7011,4.0112470742315054e-05
7012,1.8334603169023467e-07
7013,0.9994702935218811
7014,0.0012560341274365783
7015,4.4448879634728655e-06
7016,0.004409416578710079
7017,0.9999665021896362
7018,0.9999912977218628
7019,3.305653535790043e-06
7020,0.001000057440251112
7021,1.1396056834200863e-05
7022,0.0013273477088660002
7023,1.2482716726935905e-07
7024,0.00010947892587864771
7025,1.404681916028494e-05
7026,0.9999710321426392
7027,2.3213340682559647e-05
7028,1.66321410688397e-06
7029,3.483867476461455e-05
7030,4.451250788406469e-06
7031,0.9851858019828796
7032,0.001498475787229836
7033,4.031386197311804e-06
7034,0.9519102573394775
7035,0.9996219873428345
7036,0.9999856948852539
7037,0.9985948204994202
7038,5.312118446454406e-06
7039,0.2573891878128052
7040,0.07492020726203918
7041,2.3408061622376408e-07
7042,0.0046729519963264465
7043,0.999942421913147
7044,1.4717870726599358e-05
7045,5.6189521274063736e-05
7046,0.0005176498088985682
7047,0.9984599351882935
7048,3.4603644394337607e-07
7049,1.9671313566504978e-05
7050,3.5250166547484696e-05
7051,0.9999700784683228
7052,0.9999160766601562
7053,0.9856547713279724
7054,0.999875545501709
7055,0.9999229907989502
7056,2.3701599275227636e-05
7057,0.00029132256167940795
7058,3.063860640395433e-05
7059,0.9979141354560852
7060,6.417407121261931e-07
7061,0.01039888896048069
7062,1.7771702914615162e-05
7063,0.0002398420765530318
7064,0.005198523867875338
7065,0.9999586343765259
7066,0.999893307685852
7067,1.7322782923656632e-06
7068,0.9999117851257324
7069,0.9965577721595764
7070,6.974083225941285e-05
7071,8.635211997898296e-05
7072,0.997134804725647
7073,0.743395984172821
7074,0.9998857975006104
7075,0.05417974293231964
7076,0.9999990463256836
7077,0.9999918937683105
7078,0.9983875751495361
7079,0.999990701675415
7080,0.9994505047798157
7081,0.9999924898147583
7082,0.9999538660049438
7083,0.999995231628418
7084,2.2613289729633834e-06
7085,0.9966856837272644
7086,5.064492142992094e-06
7087,4.619976436970319e-07
7088,0.9988586902618408
7089,7.489282438655209e-07
7090,0.13200122117996216
7091,6.130086603661766e-06
7092,2.3870295990491286e-05
7093,0.997458279132843
7094,5.631654858007096e-05
7095,1.908231979541597e-06
7096,0.9998059868812561
7097,0.9999992847442627
7098,0.9934186935424805
7099,1.0388268492533825e-05
7100,5.4481730330735445e-05
7101,0.017847426235675812
7102,0.9999337196350098
7103,8.638967301521916e-06
7104,0.9994999170303345
7105,0.025620894506573677
7106,1.4361767171067186e-05
7107,0.9999538660049438
7108,2.4516810299246572e-05
7109,3.42895436915569e-05
7110,0.9962599277496338
7111,0.9999923706054688
7112,0.996425449848175
7113,9.246334957424551e-05
7114,0.9998601675033569
7115,1.984729169635102e-05
7116,0.9999932050704956
7117,0.9999613761901855
7118,3.619139170041308e-05
7119,0.9999734163284302
7120,0.9998321533203125
7121,0.9999951124191284
7122,8.263060635727015e-08
7123,0.9984942674636841
7124,9.233045602741186e-06
7125,1.6805575796752237e-05
7126,5.312460871209623e-07
7127,0.9997401833534241
7128,0.000778909889049828
7129,0.9919114708900452
7130,0.999984622001648
7131,0.9999493360519409
7132,0.006123933009803295
7133,0.9998052716255188
7134,0.9997429251670837
7135,0.9998810291290283
7136,0.9999783039093018
7137,4.86626447582239e-07
7138,0.9895552396774292
7139,0.9988014698028564
7140,6.382908850355307e-07
7141,0.999947190284729
7142,0.9987372756004333
7143,0.9999810457229614
7144,0.9999498128890991
7145,8.823436701277387e-07
7146,0.002871305914595723
7147,3.7418965803226456e-05
7148,0.9998693466186523
7149,0.9917885661125183
7150,9.417091177965631e-07
7151,0.003494017058983445
7152,2.0234579096722882e-06
7153,0.9999645948410034
7154,0.00035843116347678006
7155,1.3520726497517899e-05
7156,2.6237543693241605e-07
7157,2.5244864445994608e-05
7158,0.99744713306427
7159,0.005117978900671005
7160,0.013887390494346619
7161,0.988297164440155
7162,3.98666179535212e-06
7163,0.0023549417965114117
7164,3.506274197206949e-06
7165,0.22370928525924683
7166,0.999944806098938
7167,9.115883585764095e-06
7168,0.9999959468841553
7169,0.9999474287033081
7170,2.1876816802546273e-08
7171,1.5699459254392423e-05
7172,4.766092024510726e-05
7173,1.1283326983857478e-07
7174,0.00017548234609421343
7175,4.807356162928045e-06
7176,5.388249064708361e-06
7177,2.0822076507442944e-08
7178,8.803952482594468e-07
7179,0.9997627139091492
7180,0.9999994039535522
7181,0.9994157552719116
7182,5.839533969265176e-06
7183,0.9999964237213135
7184,0.00045660679461434484
7185,7.947670383146033e-05
7186,0.0060751233249902725
7187,3.904361801687628e-05
7188,0.999775230884552
7189,0.999995231628418
7190,0.999983549118042
7191,0.000817225081846118
7192,2.794839474518085e-06
7193,0.0039129238575696945
7194,1.1125819582957774e-05
7195,0.9997133612632751
7196,9.202977526001632e-05
7197,4.981978207752036e-08
7198,0.9999995231628418
7199,0.01594168320298195
7200,0.9999833106994629
7201,1.2890561151834845e-07
7202,1.8351081962464377e-05
7203,0.000682169571518898
7204,0.0014112720964476466
7205,0.00898965448141098
7206,0.9999421834945679
7207,0.015219064429402351
7208,6.179374759085476e-05
7209,0.9994757771492004
7210,2.2578078642254695e-06
7211,0.0008720002369955182
7212,6.751708042429527e-06
7213,0.9997479319572449
7214,0.999897837638855
7215,0.000246267591137439
7216,1.8940061636385508e-05
7217,3.6586291685125616e-07
7218,0.9995672106742859
7219,0.9999840259552002
7220,0.9998703002929688
7221,0.0014710782561451197
7222,0.00032875160104595125
7223,0.9995038509368896
7224,1.6432675664646013e-08
7225,0.01463255938142538
7226,0.9998828172683716
7227,2.03453069502757e-07
7228,0.9996591806411743
7229,4.3170861317776144e-05
7230,0.3735671937465668
7231,0.9999721050262451
7232,0.005331797990947962
7233,4.6018162720429245e-06
7234,0.9668018221855164
7235,6.982417630752025e-07
7236,0.00029667752096429467
7237,0.9998157620429993
7238,0.9986600875854492
7239,1.5133651686483063e-05
7240,0.00018499769794289023
7241,6.124750507296994e-05
7242,0.0005987024633213878
7243,2.677747090729099e-07
7244,3.76461393898353e-05
7245,0.9874306917190552
7246,0.9991004467010498
7247,0.9986340403556824
7248,0.9995571970939636
7249,3.362718052812852e-05
7250,3.1665560982219176e-06
7251,0.9996039271354675
7252,0.9998550415039062
7253,9.782782399270218e-06
7254,0.9811960458755493
7255,0.9999585151672363
7256,0.9995672106742859
7257,0.9999901056289673
7258,1.0253758773615118e-05
7259,0.998783528804779
7260,0.9999749660491943
7261,0.9999713897705078
7262,1.3905399782743189e-06
7263,0.00031666114227846265
7264,0.9996961355209351
7265,0.9994490742683411
7266,1.46252079957776e-06
7267,0.9993382096290588
7268,0.210076242685318
7269,5.141003930475563e-05
7270,6.086253847570333e-07
7271,0.9993289709091187
7272,0.02155241183936596
7273,7.029815947134921e-07
7274,0.9957376718521118
7275,0.0033917410764843225
7276,0.0288859773427248
7277,1.2161495760665275e-05
7278,1.5278802223406274e-08
7279,0.9992790818214417
7280,0.9965213537216187
7281,0.23883453011512756
7282,0.0003968915843870491
7283,0.9986860156059265
7284,7.119753320239397e-08
7285,0.9993277788162231
7286,3.88511534765712e-06
7287,3.06500332953874e-05
7288,6.545502401422709e-05
7289,0.0022296125534921885
7290,0.8546067476272583
7291,0.9998804330825806
7292,0.00017138090333901346
7293,0.9995630383491516
7294,0.9999880790710449
7295,0.0007858430035412312
7296,9.71963984852664e-08
7297,0.40937355160713196
7298,0.9999721050262451
7299,0.00023674244584981352
7300,0.9999908208847046
7301,2.9037185100833085e-08
7302,9.409934136783704e-06
7303,0.0024598329328000546
7304,5.7095123338513076e-05
7305,0.9999431371688843
7306,0.8553205132484436
7307,0.1381593644618988
7308,0.002757514826953411
7309,0.9996984004974365
7310,1.1031872418243438e-05
7311,2.0968387559605617e-07
7312,5.388699355535209e-05
7313,1.78500049514696e-05
7314,0.9975942969322205
7315,0.9999949932098389
7316,0.9977185726165771
7317,2.720688280533068e-05
7318,0.6425042152404785
7319,0.9997897744178772
7320,0.0001230790512636304
7321,0.9999672174453735
7322,2.051766568911262e-05
7323,0.9984567165374756
7324,4.166307007835712e-06
7325,1.3980947187519632e-05
7326,0.9995206594467163
7327,0.9780381917953491
7328,0.9999949932098389
7329,0.0006234783213585615
7330,1.203316628561879e-07
7331,0.008710726164281368
7332,0.9998750686645508
7333,6.652016537600502e-08
7334,0.9999954700469971
7335,5.276925548969302e-06
7336,0.9999598264694214
7337,2.5314440790680237e-05
7338,0.9995049238204956
7339,0.008409708738327026
7340,0.07942003011703491
7341,0.9993736147880554
7342,1.0560258942859946e-06
7343,0.9998314380645752
7344,0.9998561143875122
7345,6.586971267097397e-06
7346,0.9999877214431763
7347,0.9997071623802185
7348,0.9999492168426514
7349,0.0024568173103034496
7350,0.9998849630355835
7351,0.0005141965812072158
7352,0.9993476271629333
7353,0.999854326248169
7354,3.8050870898587164e-07
7355,1.907083969854284e-06
7356,2.5084054300350545e-07
7357,9.58533855737187e-05
7358,0.9999988079071045
7359,0.9999388456344604
7360,0.0002533790247980505
7361,0.9998785257339478
7362,0.00010843600466614589
7363,6.0098418543930165e-06
7364,0.999356210231781
7365,0.9964739680290222
7366,9.87002749752719e-06
7367,0.9999392032623291
7368,0.9999501705169678
7369,5.3169809689279646e-05
7370,0.9995463490486145
7371,0.9998764991760254
7372,0.9999382495880127
7373,7.942025695228949e-05
7374,0.999863862991333
7375,0.9999822378158569
7376,0.001563157420605421
7377,1.006764159683371e-05
7378,0.9114357829093933
7379,0.9361061453819275
7380,1.1270361028437037e-05
7381,2.0346760720713064e-05
7382,5.162719389772974e-05
7383,1.2717890740532312e-06
7384,1.1954570254602004e-05
7385,0.0009215288446284831
7386,2.51604802770089e-07
7387,2.0782237697858363e-05
7388,0.035510968416929245
7389,0.00014055005158297718
7390,0.9997288584709167
7391,2.0938905436196364e-06
7392,0.9999947547912598
7393,0.9999299049377441
7394,2.910100192821119e-06
7395,0.999992847442627
7396,0.00022905966034159064
7397,1.371157281937485e-06
7398,0.9999442100524902
7399,0.9999617338180542
7400,0.9230507612228394
7401,1.0093625860463362e-05
7402,0.00011412934691179544
7403,0.9998500347137451
7404,0.9972892999649048
7405,0.00014382446534000337
7406,0.9994586110115051
7407,0.9999005794525146
7408,2.1971334717818536e-05
7409,9.940517031736817e-08
7410,0.9999595880508423
7411,0.000145140293170698
7412,0.9936599135398865
7413,0.999997615814209
7414,2.7072092052549124e-06
7415,0.9855508804321289
7416,0.00033073112717829645
7417,0.9991759657859802
7418,0.4634748697280884
7419,1.6231513654929586e-05
7420,0.9999889135360718
7421,0.9936808347702026
7422,0.9994315505027771
7423,0.99998939037323
7424,6.569177912751911e-07
7425,0.0017970504704862833
7426,2.628966285556089e-05
7427,0.99996018409729
7428,3.256965283071622e-05
7429,4.167861698078923e-05
7430,0.999995231628418
7431,0.9999873638153076
7432,1.0116928933712188e-05
7433,2.2451260406342044e-07
7434,0.9999145269393921
7435,0.999922513961792
7436,0.9999111890792847
7437,2.2780002836952917e-05
7438,1.3251175914774649e-05
7439,0.9951710104942322
7440,1.4006129276822321e-05
7441,6.178330750117311e-06
7442,0.0001533038739580661
7443,0.9999991655349731
7444,1.6741468016334693e-06
7445,0.999863862991333
7446,0.9999799728393555
7447,0.03749438375234604
7448,0.9999966621398926
7449,0.9998738765716553
7450,0.9999885559082031
7451,0.7367110252380371
7452,2.4553450202802196e-05
7453,0.9743592739105225
7454,0.999977707862854
7455,0.9998437166213989
7456,0.0002787417615763843
7457,0.9999984502792358
7458,0.9998131394386292
7459,4.169403837295249e-05
7460,2.252661261081812e-06
7461,0.9999419450759888
7462,0.9996476173400879
7463,0.9962897300720215
7464,2.222359944425989e-05
7465,0.9999992847442627
7466,0.00013614534691441804
7467,0.9999423027038574
7468,0.9999914169311523
7469,0.9997410178184509
7470,0.9999938011169434
7471,3.788412141148001e-05
7472,0.026874637231230736
7473,0.9983539581298828
7474,0.006347400136291981
7475,0.9999911785125732
7476,4.466342033992987e-06
7477,1.8479721575204167e-06
7478,7.294958049897105e-05
7479,0.9999562501907349
7480,0.532732367515564
7481,8.47360206535086e-05
7482,0.00013486230454873294
7483,0.00010485487291589379
7484,0.9999227523803711
7485,4.202574643841217e-07
7486,0.0008165552862919867
7487,0.11685089766979218
7488,1.0903192560363095e-05
7489,0.9994877576828003
7490,0.9999696016311646
7491,8.755668204685207e-06
7492,0.9911210536956787
7493,0.9996532201766968
7494,0.9998800754547119
7495,7.127797289285809e-05
7496,0.9994280934333801
7497,8.998244084068574e-06
7498,0.0015200835186988115
7499,0.9999449253082275
7500,0.9987567663192749
7501,1.0400176506664138e-06
7502,0.9999994039535522
7503,0.9970198273658752
7504,0.9997953772544861
7505,0.99996018409729
7506,0.018759017810225487
7507,5.809084086649818e-06
7508,9.370424959342927e-05
7509,0.9998806715011597
7510,0.9999935626983643
7511,1.8051368044780247e-07
7512,0.0002945608866866678
7513,1.478266221965896e-05
7514,0.9970820546150208
7515,5.2750942813872825e-06
7516,0.9997459053993225
7517,0.999998927116394
7518,0.9999867677688599
7519,0.9916126728057861
7520,0.9999969005584717
7521,0.9949612617492676
7522,1.9680940113175893e-06
7523,0.9999880790710449
7524,0.9999337196350098
7525,1.8888822523877025e-06
7526,0.9999022483825684
7527,0.0013739733258262277
7528,0.9999932050704956
7529,0.9998774528503418
7530,0.9988470077514648
7531,0.9999856948852539
7532,0.00023541577684227377
7533,1.4880434946462628e-06
7534,0.9996351003646851
7535,0.000160822513862513
7536,0.9997852444648743
7537,0.9998019337654114
7538,0.999982476234436
7539,0.002440005773678422
7540,0.00045467723975889385
7541,0.9994288086891174
7542,0.9999980926513672
7543,0.9998925924301147
7544,0.9999747276306152
7545,0.9986894726753235
7546,0.999913215637207
7547,0.9999825954437256
7548,0.9998513460159302
7549,7.68754180171527e-05
7550,0.9938486218452454
7551,0.9999969005584717
7552,0.9999502897262573
7553,0.9998553991317749
7554,0.9993334412574768
7555,0.9998805522918701
7556,0.010181698948144913
7557,1.5066172636579722e-05
7558,0.9999964237213135
7559,0.856695294380188
7560,0.9988364577293396
7561,2.1930632954081375e-07
7562,0.9990612864494324
7563,0.9999345541000366
7564,0.9926540851593018
7565,0.00016882072668522596
7566,3.8911407500563655e-06
7567,0.9999920129776001
7568,9.91219076240668e-06
7569,0.9935868978500366
7570,7.246839231811464e-05
7571,0.1504478007555008
7572,0.9999690055847168
7573,0.0003789076581597328
7574,0.993622362613678
7575,0.00014006253331899643
7576,4.3412957893451676e-05
7577,0.9758180379867554
7578,0.8553557991981506
7579,0.9999641180038452
7580,0.9994202852249146
7581,8.236709732045711e-07
7582,0.9996993541717529
7583,8.185596925613936e-06
7584,0.9995827078819275
7585,0.9999934434890747
7586,0.0001789955422282219
7587,0.9905924201011658
7588,2.76944392680889e-05
7589,0.9999823570251465
7590,0.8759695887565613
7591,0.9980732202529907
7592,0.003731204429641366
7593,1.9120300294162007e-06
7594,0.9999614953994751
7595,0.9994981288909912
7596,0.9999666213989258
7597,1.1702535402946523e-06
7598,1.3789434888167307e-05
7599,0.9996687173843384
7600,0.9998841285705566
7601,0.9999978542327881
7602,0.0001383716007694602
7603,0.9999996423721313
7604,0.0010308100609108806
7605,2.620065788505599e-05
7606,0.9999969005584717
7607,0.002172337146475911
7608,0.9992989301681519
7609,0.9999961853027344
7610,4.7607154556317255e-06
7611,3.122691487078555e-05
7612,0.9945762157440186
7613,0.9998094439506531
7614,0.0014455238124355674
7615,0.9927234053611755
7616,0.9999765157699585
7617,7.335207919823006e-05
7618,1.211244125443045e-06
7619,3.109447561655543e-07
7620,0.00010179277887800708
7621,1.2238458111824002e-05
7622,0.9999325275421143
7623,0.9999758005142212
7624,0.0007233807700686157
7625,0.9999879598617554
7626,9.813525991830829e-08
7627,0.9995250701904297
7628,0.9999396800994873
7629,0.001549860229715705
7630,1.3676793741979054e-06
7631,0.9999992847442627
7632,2.196622153860517e-05
7633,6.88425600969822e-08
7634,7.721543806837872e-05
7635,0.009175702929496765
7636,0.01267307996749878
7637,0.9999986886978149
7638,1.0218753914159606e-06
7639,0.022556083276867867
7640,4.531889317149762e-06
7641,0.999958872795105
7642,0.9998453855514526
7643,0.9989228844642639
7644,0.999915599822998
7645,0.9999881982803345
7646,0.00029208153137005866
7647,0.999810516834259
7648,0.9999994039535522
7649,4.981018264516024e-06
7650,0.007954785600304604
7651,0.0177204217761755
7652,0.9999991655349731
7653,0.989841878414154
7654,0.9999955892562866
7655,1.3191687685321085e-05
7656,1.0793683031806722e-05
7657,6.8847127998594715e-09
7658,0.9988163709640503
7659,0.9948438405990601
7660,0.9990345239639282
7661,7.21838150639087e-05
7662,0.9963330030441284
7663,0.9999924898147583
7664,0.9999961853027344
7665,0.9999527931213379
7666,0.9976576566696167
7667,0.9933090209960938
7668,0.9999961853027344
7669,0.9941600561141968
7670,6.086310804676032e-06
7671,0.9996165037155151
7672,0.00013741398288402706
7673,4.2015486201307795e-08
7674,0.9999927282333374
7675,3.842326259473339e-05
7676,8.4776031144429e-05
7677,3.643523882601585e-08
7678,0.9997982382774353
7679,1.4167657127472921e-06
7680,0.9999737739562988
7681,0.9995779395103455
7682,0.002297872444614768
7683,0.9981380701065063
7684,0.9999983310699463
7685,1.645311300535468e-07
7686,6.675349868601188e-05
7687,2.3296172003028914e-05
7688,9.577611308486667e-07
7689,0.00012336598592810333
7690,7.287909284059424e-06
7691,0.4398091435432434
7692,0.00010552511230343953
7693,6.6249085648451e-05
7694,0.9999961853027344
7695,0.9999998807907104
7696,0.9999995231628418
7697,2.666025693542906e-07
7698,5.01636122862692e-06
7699,3.58351576323912e-06
7700,0.9976388216018677
7701,0.9964500665664673
7702,1.4679775404147222e-06
7703,1.908428970409659e-07
7704,0.9994162321090698
7705,0.9807049632072449
7706,0.7098875045776367
7707,0.9976890087127686
7708,0.03387858718633652
7709,0.011258766986429691
7710,0.00898200273513794
7711,0.9999724626541138
7712,5.9750960645033047e-05
7713,0.9808844327926636
7714,0.00017645601474214345
7715,0.9999749660491943
7716,0.9996398687362671
7717,0.9998531341552734
7718,0.02151072584092617
7719,0.9999853372573853
7720,0.0001987314608413726
7721,1.0034829756477848e-05
7722,0.9999955892562866
7723,0.9998840093612671
7724,2.612523758216412e-06
7725,0.9977649450302124
7726,0.0020201269071549177
7727,1.4957655366742983e-05
7728,0.9997745156288147
7729,0.0004712968075182289
7730,2.5557869776093867e-07
7731,0.00813095923513174
7732,0.9983123540878296
7733,0.005634407512843609
7734,0.9999809265136719
7735,0.9997345805168152
7736,0.9999557733535767
7737,0.9905133247375488
7738,0.9998650550842285
7739,8.843976502248552e-06
7740,7.33425125076792e-08
7741,0.004604827146977186
7742,1.7525289877085015e-05
7743,8.802634852145275e-07
7744,7.547594577772543e-05
7745,0.9970167875289917
7746,7.292069312825333e-07
7747,0.9998284578323364
7748,0.9999505281448364
7749,4.3676200789377617e-07
7750,0.0010648297611624002
7751,0.9999549388885498
7752,0.9999699592590332
7753,9.214495548803825e-07
7754,9.250560106011108e-05
7755,0.00010065457172458991
7756,0.9999659061431885
7757,1.7859294132449577e-07
7758,0.9999898672103882
7759,0.004379075486212969
7760,0.9999260902404785
7761,6.327662049443461e-06
7762,6.229809514479712e-05
7763,0.00023309027892537415
7764,0.9999914169311523
7765,0.9982340335845947
7766,0.9998999834060669
7767,7.543185915892536e-07
7768,3.3822075806710927e-07
7769,0.9999935626983643
7770,9.906389459501952e-05
7771,0.00035893075983040035
7772,4.192453343421221e-05
7773,7.845023355912417e-05
7774,0.9999709129333496
7775,0.9999347925186157
7776,0.9996064305305481
7777,9.710088306746911e-06
7778,4.752935183205409e-06
7779,0.00021999153250362724
7780,0.001498475787229836
7781,6.539550668094307e-05
7782,0.9431518912315369
7783,0.9997290968894958
7784,8.105882187692259e-08
7785,0.999991774559021
7786,0.00014128048496786505
7787,0.99528568983078
7788,0.9996181726455688
7789,0.9999768733978271
7790,0.9998594522476196
7791,3.971153637394309e-05
7792,4.26453834734275e-06
7793,2.311386924702674e-05
7794,0.0006953914416953921
7795,1.3454496183840092e-07
7796,0.994691789150238
7797,0.9985455274581909
7798,0.9999028444290161
7799,0.9988596439361572
7800,0.9998717308044434
7801,2.6363926735939458e-05
7802,1.1635211905058895e-08
7803,0.9999908208847046
7804,0.9999513626098633
7805,2.8881693481253023e-08
7806,1.3843178749084473e-05
7807,0.9999988079071045
7808,1.5202269310066185e-07
7809,0.0008025848073884845
7810,9.426159522263333e-05
7811,0.08034582436084747
7812,0.9999856948852539
7813,0.9999569654464722
7814,0.9999805688858032
7815,0.9997175335884094
7816,0.9998718500137329
7817,0.9999390840530396
7818,0.9999986886978149
7819,5.6518572819186375e-05
7820,0.999977707862854
7821,5.132314618094824e-05
7822,0.9994344115257263
7823,0.9999973773956299
7824,7.932234439067543e-06
7825,0.00011255927529418841
7826,0.9998341798782349
7827,0.9999539852142334
7828,0.999993085861206
7829,0.7098872661590576
7830,0.04595488682389259
7831,0.0074881999753415585
7832,3.197485420969315e-05
7833,0.0009021637961268425
7834,0.9998064637184143
7835,0.9611181020736694
7836,0.9955267310142517
7837,0.999847412109375
7838,0.9999653100967407
7839,0.9999719858169556
7840,0.8704217076301575
7841,0.006578188389539719
7842,0.999586284160614
7843,0.9999957084655762
7844,2.2183398868946824e-06
7845,0.9970077872276306
7846,0.0034663360565900803
7847,6.2141812122717965e-06
7848,0.9994868040084839
7849,0.9987818598747253
7850,8.434309711446986e-05
7851,4.2742572077258956e-06
7852,2.1002055291319266e-05
7853,0.9999785423278809
7854,7.719975110376254e-05
7855,0.004016272258013487
7856,0.9999856948852539
7857,0.0003421017900109291
7858,0.00032212279620580375
7859,3.4671170396904927e-06
7860,0.9592049717903137
7861,0.9221432209014893
7862,3.3134154364233837e-05
7863,4.874764726991998e-06
7864,0.9999877214431763
7865,6.599735115742078e-06
7866,4.6121499508444685e-06
7867,6.684072104690131e-07
7868,0.01867755874991417
7869,0.9995742440223694
7870,0.21842339634895325
7871,0.0025581184308975935
7872,0.00505106383934617
7873,0.9998931884765625
7874,0.9994753003120422
7875,0.9997699856758118
7876,0.1722118854522705
7877,0.00010773042595246807
7878,0.003409583820030093
7879,0.0006092695402912796
7880,0.9999715089797974
7881,0.9999978542327881
7882,1.8981438643095316e-08
7883,6.637340266024694e-05
7884,0.027669193223118782
7885,0.9999210834503174
7886,2.3042853172228206e-06
7887,0.9999591112136841
7888,4.2952728108502924e-05
7889,5.6952972954604775e-05
7890,2.650310125318356e-05
7891,0.9945443868637085
7892,0.9999967813491821
7893,0.9973741769790649
7894,0.9999934434890747
7895,5.910340860282304e-06
7896,0.999996542930603
7897,5.946807959844591e-06
7898,0.9900859594345093
7899,0.04365399107336998
7900,0.9999951124191284
7901,0.9999946355819702
7902,0.9999854564666748
7903,0.9999899864196777
7904,2.238397610199172e-05
7905,1.15531668143376e-06
7906,0.9999910593032837
7907,0.9999978542327881
7908,0.9418268799781799
7909,0.9988403916358948
7910,1.3898140423407312e-05
7911,0.9962438344955444
7912,0.9996311664581299
7913,0.9999957084655762
7914,0.9965999722480774
7915,4.559851731755771e-06
7916,0.9999926090240479
7917,3.483867476461455e-05
7918,0.9998559951782227
7919,0.00014843823737464845
7920,0.9999985694885254
7921,0.9996293783187866
7922,0.9999585151672363
7923,0.9972496628761292
7924,7.029561675153673e-05
7925,0.9998347759246826
7926,0.00016176483768504113
7927,0.9999771118164062
7928,0.9999793767929077
7929,0.999442994594574
7930,7.088989514159039e-05
7931,7.971343052304292e-08
7932,0.9998399019241333
7933,0.9997308850288391
7934,0.9998781681060791
7935,0.99785977602005
7936,0.0022261168342083693
7937,0.9999680519104004
7938,0.9999455213546753
7939,0.9999752044677734
7940,1.1846580036944943e-06
7941,0.8277220726013184
7942,1.0252323363602045e-06
7943,7.223420197988162e-06
7944,2.5502300559310243e-05
7945,0.9999949932098389
7946,0.9999982118606567
7947,0.9998584985733032
7948,2.421326428247994e-07
7949,0.9999854564666748
7950,1.2252962733327877e-05
7951,9.582942084307433e-08
7952,0.0011986170429736376
7953,0.0005954946973361075
7954,1.3142642529828663e-08
7955,0.000131219596369192
7956,0.9999815225601196
7957,0.9988968372344971
7958,1.6089681594166905e-05
7959,0.9996553659439087
7960,0.006635682191699743
7961,0.06994258612394333
7962,9.372792192152701e-06
7963,0.998162567615509
7964,0.9190546870231628
7965,6.238366040633991e-06
7966,0.7028768658638
7967,0.9995230436325073
7968,0.12604284286499023
7969,0.9999727010726929
7970,1.7483456758782268e-05
7971,5.73322395212017e-05
7972,2.5567220291122794e-05
7973,0.002159249037504196
7974,4.182820703135803e-06
7975,0.9999978542327881
7976,2.6256937417201698e-05
7977,0.9999967813491821
7978,1.1191990779479966e-05
7979,4.657537647290155e-05
7980,1.8008483948506182e-07
7981,0.9999381303787231
7982,0.9999964237213135
7983,0.002803567796945572
7984,0.00018435990205034614
7985,0.9577780365943909
7986,0.9983547329902649
7987,1.730566054902738e-06
7988,0.9999556541442871
7989,0.9997933506965637
7990,0.9999983310699463
7991,4.1609877143855556e-07
7992,2.1958767320029438e-05
7993,0.9847311973571777
7994,8.192455425160006e-07
7995,0.011752068996429443
7996,9.283061081077904e-05
7997,6.9173911469988525e-06
7998,0.9999152421951294
7999,0.33855029940605164
8000,6.781543925171718e-05
8001,2.6314700107832323e-07
8002,1.3169211570129846e-06
8003,0.9999996423721313
8004,2.4644300538056996e-06
8005,0.9999916553497314
8006,5.428128861240111e-05
8007,0.0006023788009770215
8008,0.9999816417694092
8009,0.0045991563238203526
8010,0.9999994039535522
8011,0.999916672706604
8012,0.013306665234267712
8013,0.025874456390738487
8014,0.9999827146530151
8015,1.291873832087731e-05
8016,0.0503082312643528
8017,1.1443529729149304e-05
8018,0.9947559833526611
8019,0.999915361404419
8020,0.05396030843257904
8021,0.9999977350234985
8022,3.483867476461455e-05
8023,0.9994664788246155
8024,0.9995679259300232
8025,0.00045407001744024456
8026,0.00020205602049827576
8027,0.9999946355819702
8028,0.9998602867126465
8029,5.76206957703107e-07
8030,1.377656553813722e-05
8031,0.9981289505958557
8032,0.9999673366546631
8033,0.9997716546058655
8034,1.5685587584357563e-07
8035,1.373749637423316e-05
8036,4.6550332626793534e-05
8037,0.9999725818634033
8038,0.0004191155603621155
8039,1.1219112820981536e-05
8040,2.2887346062816505e-07
8041,1.298237322089335e-07
8042,1.33410267153522e-05
8043,0.9998769760131836
8044,0.0004843822680413723
8045,0.9987105131149292
8046,7.225709737213037e-07
8047,0.003195356810465455
8048,0.0005660574533976614
8049,0.999848484992981
8050,0.9944802522659302
8051,0.9999914169311523
8052,1.0335934348404408e-05
8053,6.60345392589079e-07
8054,0.9999997615814209
8055,0.7089253067970276
8056,0.9999077320098877
8057,0.9999884366989136
8058,0.9998563528060913
8059,1.4182337508827914e-06
8060,0.8956533074378967
8061,0.9999895095825195
8062,2.371918753851787e-06
8063,0.0026028722058981657
8064,0.9719797372817993
8065,0.9992902278900146
8066,0.0004405890649650246
8067,0.9999288320541382
8068,0.9999724626541138
8069,0.011333201080560684
8070,0.9927074313163757
8071,1.120425054068619e-06
8072,0.9684252738952637
8073,0.1528121829032898
8074,0.9998223185539246
8075,0.9967727065086365
8076,0.9995170831680298
8077,0.9999562501907349
8078,1.0
8079,0.0025113143492490053
8080,0.9925026893615723
8081,1.38888580636376e-07
8082,0.9999688863754272
8083,0.9999946355819702
8084,0.8439866900444031
8085,0.0001275032409466803
8086,0.9999266862869263
8087,0.04452274367213249
8088,0.9988301396369934
8089,2.085922129468898e-10
8090,1.002435601549223e-05
8091,0.9999905824661255
8092,0.9999810457229614
8093,4.586473096424015e-06
8094,9.992459672503173e-05
8095,0.9999567270278931
8096,0.999110758304596
8097,3.129527925693765e-08
8098,0.999981164932251
8099,1.0307772981832386e-06
8100,7.521896804973949e-06
8101,0.9991794228553772
8102,0.9989515542984009
8103,0.4472426772117615
8104,0.003060719696804881
8105,0.05020184442400932
8106,0.0015288121066987514
8107,2.570115384514793e-06
8108,0.9999902248382568
8109,1.9689444741288753e-08
8110,0.9966214895248413
8111,7.207929684227565e-06
8112,0.0001687499025138095
8113,0.9999998807907104
8114,0.9999966621398926
8115,2.1341218143788865e-06
8116,0.00010466427193023264
8117,0.9965527057647705
8118,0.9998966455459595
8119,1.2445349284462282e-06
8120,2.396897616563365e-05
8121,0.999992847442627
8122,0.9999953508377075
8123,0.9999486207962036
8124,0.00018177444871980697
8125,4.619760875357315e-05
8126,0.9999948740005493
8127,0.9999856948852539
8128,0.001755265984684229
8129,0.0025796708650887012
8130,2.6374764274805784e-05
8131,0.9987800717353821
8132,4.641526902560145e-05
8133,0.9999858140945435
8134,0.9979043006896973
8135,1.7175267203128897e-05
8136,5.585147846431937e-06
8137,0.04278705641627312
8138,0.11645262688398361
8139,0.9999991655349731
8140,0.9972176551818848
8141,0.003804682055488229
8142,0.9919613003730774
8143,0.9993579983711243
8144,3.0216964660212398e-05
8145,0.9970486760139465
8146,0.00011105951125500724
8147,0.9998741149902344
8148,0.9992638230323792
8149,0.006737004965543747
8150,0.0016286643221974373
8151,1.721401531540323e-05
8152,6.003173893986968e-06
8153,0.999962568283081
8154,3.252548822274548e-06
8155,0.9999295473098755
8156,9.766553375811782e-06
8157,0.9999040365219116
8158,0.9999089241027832
8159,0.999993085861206
8160,0.9999659061431885
8161,8.778423216426745e-05
8162,0.9999430179595947
8163,5.246764658295433e-07
8164,0.9988051652908325
8165,0.003041516989469528
8166,0.9945869445800781
8167,0.00011188595817657188
8168,0.22185492515563965
8169,0.9999687671661377
8170,5.138391770742601e-06
8171,3.5780849430011585e-05
8172,3.6187731893733144e-05
8173,9.3147209554445e-06
8174,0.999988317489624
8175,0.002809645375236869
8176,0.00020857718482147902
8177,0.9991410970687866
8178,2.5705081498017535e-05
8179,9.946354566636728e-07
8180,0.9999926090240479
8181,0.0008247170480899513
8182,0.9999169111251831
8183,0.9999747276306152
8184,0.0007720811991021037
8185,0.9999376535415649
8186,2.782584829219559e-07
8187,0.999946117401123
8188,1.2790282255537022e-07
8189,3.575073424144648e-05
8190,0.9995154142379761
8191,0.9999500513076782
8192,0.018045851960778236
8193,0.999103307723999
8194,0.9999923706054688
8195,0.008472579531371593
8196,5.71157070226036e-05
8197,0.9999982118606567
8198,4.618333696271293e-05
8199,0.9999963045120239
8200,0.0002186344499932602
8201,0.9999380111694336
8202,0.9639833569526672
8203,0.7106016278266907
8204,1.3406990547082387e-05
8205,0.9689173102378845
8206,0.014510397799313068
8207,0.9999947547912598
8208,0.999001681804657
8209,8.729993510314671e-07
8210,0.012216726318001747
8211,0.987854540348053
8212,0.9998351335525513
8213,0.9996059536933899
8214,2.9631375582539476e-05
8215,0.9988552331924438
8216,0.9999436140060425
8217,0.973645806312561
8218,1.439703538608228e-07
8219,0.9999957084655762
8220,0.0005656462162733078
8221,0.9999911785125732
8222,3.226469686978817e-07
8223,0.9998539686203003
8224,0.9999837875366211
8225,3.904778714058921e-05
8226,0.0025738226249814034
8227,0.9999953508377075
8228,0.9998243451118469
8229,0.9999573230743408
8230,0.9998534917831421
8231,0.0003779103572014719
8232,1.4262363038142212e-05
8233,1.0191522051172797e-05
8234,0.9992408752441406
8235,1.7857055354397744e-05
8236,0.00020120512635912746
8237,0.00010103673412231728
8238,0.9997829794883728
8239,0.004456777591258287
8240,0.9537969827651978
8241,1.7360061974613927e-05
8242,0.9991579055786133
8243,0.9995170831680298
8244,0.00010967746493406594
8245,0.01586327701807022
8246,0.9999995231628418
8247,0.0008094681543298066
8248,0.9999189376831055
8249,0.9999409914016724
8250,7.523450449298252e-07
8251,0.00015179546608123928
8252,3.893498160323361e-06
8253,1.4304752085081418e-06
8254,0.00019040805636905134
8255,0.9996029734611511
8256,0.9779637455940247
8257,0.002298739505931735
8258,0.9992088675498962
8259,0.9996776580810547
8260,0.9991776347160339
8261,3.5024938824790297e-06
8262,0.0006304161506704986
8263,0.9993565678596497
8264,0.9953815937042236
8265,8.796114343567751e-07
8266,8.514097515899266e-08
8267,0.9985259175300598
8268,0.0008710775291547179
8269,0.9999713897705078
8270,6.44299216219224e-05
8271,0.9998795986175537
8272,4.9064390623243526e-05
8273,0.0008792844018898904
8274,2.298537893352659e-08
8275,0.0023476590868085623
8276,0.9998656511306763
8277,0.00019329425413161516
8278,0.9985631108283997
8279,0.9979379773139954
8280,0.9999983310699463
8281,0.9975371360778809
8282,7.361063580901828e-06
8283,0.9998815059661865
8284,0.002353709889575839
8285,0.9999793767929077
8286,0.9999080896377563
8287,0.0012293625622987747
8288,0.9998745918273926
8289,1.471367522754008e-05
8290,2.90302650682861e-05
8291,0.9998906850814819
8292,0.9999939203262329
8293,0.0069342502392828465
8294,0.00014692149125039577
8295,7.495337740692776e-06
8296,8.354717283509672e-05
8297,1.0022520655184053e-05
8298,0.00027255553868599236
8299,0.00015802885172888637
8300,0.006368912290781736
8301,0.9999172687530518
8302,1.235319723491557e-05
8303,0.9975044131278992
8304,0.9998157620429993
8305,0.9999125003814697
8306,0.9999850988388062
8307,3.096084810749744e-07
8308,0.9968697428703308
8309,0.9954419136047363
8310,0.9999955892562866
8311,2.3908540924821864e-07
8312,1.9959965356974863e-05
8313,8.094068107311614e-06
8314,9.780335403775098e-07
8315,1.0788194231281523e-06
8316,0.9990792274475098
8317,0.0016196789219975471
8318,8.397492479161883e-08
8319,0.9997302889823914
8320,3.144355105177965e-07
8321,0.9999505281448364
8322,0.08497783541679382
8323,0.9999213218688965
8324,0.9999278783798218
8325,0.9997753500938416
8326,0.9999819993972778
8327,0.9955847859382629
8328,1.7330962691630702e-06
8329,3.676660298879142e-06
8330,2.4281294486172555e-07
8331,0.9889032244682312
8332,0.9987612962722778
8333,0.0011316657764837146
8334,3.619932977017015e-05
8335,0.9997296929359436
8336,1.3472640603140462e-05
8337,0.9999916553497314
8338,5.818060799356317e-06
8339,0.9998420476913452
8340,1.3354201655602083e-06
8341,0.9999942779541016
8342,0.9999996423721313
8343,0.9993578791618347
8344,0.9999617338180542
8345,2.3284167127712863e-06
8346,0.9999877214431763
8347,0.9999793767929077
8348,9.53438866417855e-05
8349,0.0004418501921463758
8350,0.9969077706336975
8351,0.00015477724082302302
8352,1.4766966160095762e-05
8353,4.7236985665222164e-06
8354,1.337900812359294e-06
8355,0.9999102354049683
8356,0.00018562300829216838
8357,0.9984637498855591
8358,0.5419628024101257
8359,4.5213470002636313e-05
8360,0.9993520379066467
8361,0.999968409538269
8362,0.9999382495880127
8363,0.0004480759089346975
8364,0.9982179999351501
8365,0.0016078515909612179
8366,0.00030217060702852905
8367,6.5107028603961226e-06
8368,0.0008692311239428818
8369,0.9999899864196777
8370,0.03683866932988167
8371,7.70308542996645e-06
8372,6.73917554649961e-07
8373,6.2744235037826e-05
8374,7.011016833757822e-08
8375,0.9988996982574463
8376,9.098681630348437e-08
8377,6.697856406390201e-06
8378,0.9998334646224976
8379,0.9999063014984131
8380,0.9999880790710449
8381,7.802080654073507e-05
8382,0.9999738931655884
8383,3.374633161001839e-05
8384,0.9999539852142334
8385,0.3718126118183136
8386,0.0004952105809934437
8387,9.314006632621386e-08
8388,0.999923586845398
8389,0.9999953508377075
8390,0.9695399403572083
8391,3.2205138268182054e-05
8392,0.9998818635940552
8393,4.6328594180522487e-05
8394,0.9999816417694092
8395,0.9999974966049194
8396,0.9999986886978149
8397,3.7813094877492404e-07
8398,0.9999511241912842
8399,0.9998846054077148
8400,3.252563089972682e-07
8401,4.112151509616524e-05
8402,2.3566431082144845e-06
8403,0.9999986886978149
8404,0.001772695337422192
8405,7.874012226238847e-06
8406,0.0006671519950032234
8407,0.9999984502792358
8408,3.274965365562821e-06
8409,0.00015776236250530928
8410,0.1472339928150177
8411,0.9999468326568604
8412,0.9996628761291504
8413,2.566000830483972e-06
8414,0.9999825954437256
8415,0.9999969005584717
8416,0.9998493194580078
8417,2.881734815218806e-07
8418,0.026960046961903572
8419,0.9739155173301697
8420,1.268507094209781e-05
8421,3.0410708859562874e-05
8422,0.9999758005142212
8423,8.353879366040928e-08
8424,0.9931948184967041
8425,0.0029869256541132927
8426,1.21390394269838e-05
8427,0.045284807682037354
8428,0.0030978394206613302
8429,1.6810801753308624e-05
8430,0.999971866607666
8431,2.1560541426879354e-05
8432,7.709641067776829e-06
8433,0.9991512298583984
8434,0.9997280240058899
8435,1.432147428204189e-06
8436,0.0003417733241803944
8437,4.795112545252778e-06
8438,0.9999874830245972
8439,0.9999508857727051
8440,0.999789297580719
8441,0.9901453256607056
8442,0.9883395433425903
8443,9.012302371047554e-07
8444,0.9999432563781738
8445,0.9999996423721313
8446,8.794857421889901e-06
8447,4.327610895416001e-06
8448,0.9997162222862244
8449,0.9996709823608398
8450,0.00011099968833150342
8451,6.503784243250266e-05
8452,0.05648324638605118
8453,1.5124987839953974e-07
8454,0.0001515582698630169
8455,0.9999804496765137
8456,8.00691414042376e-05
8457,0.9996720552444458
8458,1.278941908822162e-06
8459,0.00028539029881358147
8460,0.20602411031723022
8461,0.9999967813491821
8462,4.975662250217283e-06
8463,0.9999285936355591
8464,0.9999315738677979
8465,1.9671595509862527e-05
8466,1.7450291807108442e-06
8467,0.999962568283081
8468,0.00016245160077232867
8469,6.219418935415888e-08
8470,0.9997404217720032
8471,1.10885764570412e-06
8472,0.0002043552667601034
8473,0.09766834229230881
8474,0.9996570348739624
8475,4.913972588838078e-06
8476,0.9999783039093018
8477,0.00016773892275523394
8478,0.9999879598617554
8479,0.9998363256454468
8480,7.525473483838141e-05
8481,0.9998798370361328
8482,0.12337183952331543
8483,0.9999245405197144
8484,3.580856719054282e-05
8485,0.9999101161956787
8486,0.9999544620513916
8487,9.377245078212582e-06
8488,0.9999972581863403
8489,0.00014664031914435327
8490,0.0003367570461705327
8491,0.016117868945002556
8492,0.00283835269510746
8493,3.480145096546039e-05
8494,1.851841079769656e-05
8495,0.3768463432788849
8496,0.9987496137619019
8497,0.9999985694885254
8498,9.494686310063116e-06
8499,5.6372791732428595e-06
8500,0.000531250610947609
8501,6.480256615759572e-06
8502,2.411872799257253e-07
8503,0.9999575614929199
8504,1.7844836293079425e-06
8505,0.9995587468147278
8506,1.554438676976133e-05
8507,1.1465147508715745e-05
8508,2.1196043235249817e-05
8509,0.935492992401123
8510,0.00017187430057674646
8511,3.47636478181812e-06
8512,0.9999455213546753
8513,0.013650682754814625
8514,0.0017147109610959888
8515,0.9999886751174927
8516,0.9997389912605286
8517,0.056300029158592224
8518,0.9998044371604919
8519,0.9990882873535156
8520,1.9522720322129317e-05
8521,0.002470552921295166
8522,4.0731899275670003e-07
8523,5.311708264343906e-06
8524,0.0016246004961431026
8525,1.5138947674131487e-05
8526,0.0001957562635652721
8527,0.9996905326843262
8528,0.9999743700027466
8529,1.4167657127472921e-06
8530,3.2655265158609836e-07
8531,4.900507974525681e-06
8532,0.9998897314071655
8533,2.5249919417547062e-05
8534,0.9999971389770508
8535,1.9051642539125169e-06
8536,1.2159024436186883e-06
8537,0.0040888600051403046
8538,0.0001873515429906547
8539,0.9999946355819702
8540,0.9999206066131592
8541,0.9999783039093018
8542,0.9999954700469971
8543,0.9999576807022095
8544,0.9941589832305908
8545,0.9998915195465088
8546,0.00014775067393202335
8547,0.9999830722808838
8548,0.9994474053382874
8549,0.00040007755160331726
8550,0.011584590189158916
8551,0.9991846680641174
8552,0.16641539335250854
8553,7.68219179008156e-05
8554,5.556612904911162e-06
8555,6.051741507917541e-08
8556,0.9999740123748779
8557,0.9998990297317505
8558,1.8645487216417678e-06
8559,0.9999964237213135
8560,0.9999830722808838
8561,0.9998931884765625
8562,0.9994332194328308
8563,1.124661139328964e-05
8564,0.9999786615371704
8565,0.9999141693115234
8566,3.330941763124429e-05
8567,4.373054451889402e-08
8568,0.0193592831492424
8569,0.9999933242797852
8570,8.884216384785759e-08
8571,0.9958992600440979
8572,0.9971283078193665
8573,0.9996678829193115
8574,1.1320958037686069e-05
8575,2.5880954126478173e-05
8576,8.379363862331957e-05
8577,1.2578700079757255e-05
8578,0.999665379524231
8579,0.9999984502792358
8580,9.209319614456035e-06
8581,0.9947985410690308
8582,6.757215487596113e-06
8583,0.9999346733093262
8584,4.658650141209364e-06
8585,8.137286386045162e-06
8586,4.179945790383499e-06
8587,0.29879966378211975
8588,0.016015946865081787
8589,0.9990788698196411
8590,0.9999936819076538
8591,1.642655576006291e-07
8592,0.9969714879989624
8593,1.4179364370647818e-05
8594,0.0018956249114125967
8595,1.7778856999939308e-05
8596,0.9999419450759888
8597,2.8866999855381437e-05
8598,0.00011978506518062204
8599,2.0704690541606396e-05
8600,0.9999943971633911
8601,0.9996471405029297
8602,2.6912900921161054e-06
8603,0.9993942975997925
8604,7.662207508474239e-07
8605,4.518087735050358e-07
8606,0.02818603813648224
8607,0.8142896890640259
8608,8.662380423629656e-06
8609,0.999559223651886
8610,0.9999997615814209
8611,0.9998247027397156
8612,0.9999785423278809
8613,0.9998511075973511
8614,4.190054823993705e-05
8615,0.9999524354934692
8616,1.2402051652316004e-07
8617,1.8460578132817318e-07
8618,0.01586252450942993
8619,9.056450380739989e-07
8620,0.9994024038314819
8621,0.06656308472156525
8622,0.9999904632568359
8623,0.24296416342258453
8624,7.073856249917299e-05
8625,8.096832971205004e-06
8626,0.7214653491973877
8627,0.07096657902002335
8628,0.9999977350234985
8629,0.9999328851699829
8630,0.9988711476325989
8631,0.00010423847561469302
8632,0.9859194755554199
8633,0.9998412132263184
8634,0.9999697208404541
8635,0.9999529123306274
8636,0.9999862909317017
8637,0.9985753297805786
8638,0.9920229911804199
8639,0.00013273426156956702
8640,4.034305220557144e-06
8641,1.860135284914577e-06
8642,0.9999423027038574
8643,0.9990447163581848
8644,5.233545016380958e-05
8645,0.999944806098938
8646,0.9999663829803467
8647,3.944855507143075e-06
8648,0.9998200535774231
8649,6.789645703975111e-05
8650,0.00032219773856922984
8651,0.999948263168335
8652,0.0003673541359603405
8653,0.9999759197235107
8654,0.9999706745147705
8655,0.008663265034556389
8656,0.00114530383143574
8657,0.00039803070831112564
8658,6.518822920043021e-05
8659,0.00042826804565265775
8660,6.518592726934003e-06
8661,0.9999277591705322
8662,2.3036389393382706e-05
8663,0.9999629259109497
8664,6.06317407800816e-05
8665,4.064436041062436e-07
8666,0.9999839067459106
8667,0.00026535498909652233
8668,0.9999914169311523
8669,8.694717507751193e-06
8670,0.9999805688858032
8671,0.9998981952667236
8672,0.9986289739608765
8673,0.997344434261322
8674,0.9033111333847046
8675,0.9999430179595947
8676,0.9444082379341125
8677,0.999998927116394
8678,7.801813808328006e-06
8679,3.2956247650872683e-06
8680,2.8918717362103052e-05
8681,0.0007749773794785142
8682,0.00047756198910064995
8683,0.9996637105941772
8684,0.0003717226500157267
8685,9.193630035042588e-07
8686,0.0005570665816776454
8687,0.019777152687311172
8688,0.9952719807624817
8689,5.168567895452725e-06
8690,2.6279609301127493e-05
8691,0.9976671934127808
8692,0.0004107439599465579
8693,0.9999791383743286
8694,0.9999713897705078
8695,0.9999661445617676
8696,0.9996333122253418
8697,0.9997449517250061
8698,0.0003485901397652924
8699,0.9990378618240356
8700,0.9999916553497314
8701,9.309436791227199e-06
8702,0.5352713465690613
8703,0.9999446868896484
8704,2.0845459403062705e-06
8705,3.632464085967513e-06
8706,0.9999867677688599
8707,0.9998108744621277
8708,0.9996564388275146
8709,0.00023125804727897048
8710,1.2472023627196904e-06
8711,0.0006538414163514972
8712,0.9999045133590698
8713,0.9996057152748108
8714,1.0895873856497929e-05
8715,0.9999536275863647
8716,0.005877824034541845
8717,2.4557442657169304e-07
8718,9.295923518948257e-05
8719,0.9999967813491821
8720,0.9950447082519531
8721,0.9999855756759644
8722,0.9999200105667114
8723,3.012980414496269e-06
8724,0.014316095039248466
8725,0.9963328838348389
8726,1.1152175147799426e-06
8727,0.9999302625656128
8728,0.979265570640564
8729,0.9999659061431885
8730,0.8801842331886292
8731,0.6917310953140259
8732,0.9999399185180664
8733,0.9829787611961365
8734,8.634380719740875e-06
8735,0.016872979700565338
8736,0.9998168349266052
8737,5.2070656238356605e-05
8738,0.9998416900634766
8739,0.7909883856773376
8740,0.9999914169311523
8741,4.449947937246179e-06
8742,0.0003301036194898188
8743,1.2997171324968804e-05
8744,4.872547378909076e-06
8745,0.9969018697738647
8746,0.9998984336853027
8747,6.649245733569842e-06
8748,0.00010721698345150799
8749,1.384624965794501e-06
8750,0.00028740952257066965
8751,6.17893306298356e-07
8752,0.0006966550718061626
8753,2.860385706071611e-08
8754,0.0002848395670298487
8755,0.9978445768356323
8756,0.9999905824661255
8757,6.159674740047194e-06
8758,0.999957799911499
8759,0.9996602535247803
8760,0.003985473420470953
8761,0.883844256401062
8762,0.997409999370575
8763,0.005342282820492983
8764,9.654129371483577e-07
8765,1.7146889149444178e-05
8766,2.3337312882176775e-07
8767,0.9999996423721313
8768,0.9941054582595825
8769,1.038921982399188e-05
8770,2.468118054821389e-06
8771,0.9999382495880127
8772,0.6442406177520752
8773,8.415839693043381e-05
8774,7.243833533721045e-05
8775,0.9999967813491821
8776,9.155551197181921e-06
8777,1.652475702940137e-07
8778,0.0001416608865838498
8779,0.9996957778930664
8780,0.000281632092082873
8781,5.875340320926625e-06
8782,0.00036982790334150195
8783,0.00012404235894791782
8784,0.9999854564666748
8785,4.739365522254957e-06
8786,0.9999896287918091
8787,7.83919749665074e-05
8788,0.9978379607200623
8789,0.9990261793136597
8790,0.0008366310503333807
8791,0.9996013045310974
8792,0.9999563694000244
8793,0.9999903440475464
8794,0.9975965619087219
8795,0.027731407433748245
8796,0.9981934428215027
8797,0.9999986886978149
8798,8.002120921446476e-06
8799,0.9999488592147827
8800,0.999503493309021
8801,0.9998512268066406
8802,0.9997739195823669
8803,0.0006561877089552581
8804,0.9999856948852539
8805,1.0753844890132314e-06
8806,0.4171384871006012
8807,0.9999278783798218
8808,2.740725221883622e-06
8809,0.9999649524688721
8810,1.0615849532769062e-07
8811,0.9998785257339478
8812,0.9792267680168152
8813,4.6783174184383824e-05
8814,4.611858912539901e-07
8815,0.9999946355819702
8816,0.9993634819984436
8817,0.9991006851196289
8818,0.9999996423721313
8819,0.9999808073043823
8820,1.6758092897362076e-05
8821,0.9965972304344177
8822,0.999595582485199
8823,0.999896764755249
8824,1.6843714547576383e-05
8825,5.8364239521324635e-05
8826,0.024928510189056396
8827,0.9999935626983643
8828,0.9999983310699463
8829,0.9898591637611389
8830,0.9972459077835083
8831,0.9998205304145813
8832,5.6402955124212895e-06
8833,0.0005645789206027985
8834,0.008012979291379452
8835,0.9998138546943665
8836,5.61207634746097e-05
8837,0.9911839962005615
8838,0.9988833069801331
8839,0.8209555745124817
8840,0.00016527727711945772
8841,2.4055495941865956e-06
8842,0.999840497970581
8843,0.9999243021011353
8844,1.281255435969797e-06
8845,1.05176383158323e-07
8846,0.9998292922973633
8847,0.9981325268745422
8848,5.054301709606079e-06
8849,3.131644189124927e-05
8850,0.9892681241035461
8851,1.8311468011233956e-05
8852,0.00014983455184847116
8853,6.828871391917346e-06
8854,6.494556146208197e-05
8855,0.9959542751312256
8856,0.00010170225141337141
8857,0.9906251430511475
8858,2.2447657102020457e-05
8859,1.741793857945595e-05
8860,0.9974195957183838
8861,0.9993329644203186
8862,0.9999964237213135
8863,0.9993253946304321
8864,0.9989323019981384
8865,0.9997709393501282
8866,1.4477360309683718e-05
8867,0.0021214948501437902
8868,0.9986442923545837
8869,0.9999405145645142
8870,0.9999819993972778
8871,8.397450415031926e-07
8872,1.918098860187456e-06
8873,0.008051831275224686
8874,0.0002908377500716597
8875,5.211356437939685e-06
8876,2.0512324283572525e-08
8877,0.9993579983711243
8878,0.9999704360961914
8879,0.9998276233673096
8880,0.935928463935852
8881,0.9999721050262451
8882,0.999215841293335
8883,0.9999873638153076
8884,0.9998800754547119
8885,0.007864389568567276
8886,4.566375082504237e-06
8887,0.0004823144990950823
8888,0.9993739724159241
8889,0.9992207288742065
8890,0.0006996784941293299
8891,0.9925487041473389
8892,0.999967098236084
8893,2.442494428933628e-09
8894,6.461019808057245e-08
8895,1.8158255343792007e-08
8896,2.1937878045719117e-05
8897,0.9999704360961914
8898,0.9999744892120361
8899,0.0006557381711900234
8900,4.680926394939888e-06
8901,0.9997255206108093
8902,0.018647456541657448
8903,0.9999431371688843
8904,1.2570884564411244e-06
8905,2.4959779238997726e-06
8906,3.7598813378281193e-06
8907,0.9999551773071289
8908,1.4158283647702774e-06
8909,6.905094778630883e-05
8910,1.0575190572126303e-05
8911,5.742493158322759e-05
8912,9.580379582985188e-07
8913,0.9998884201049805
8914,8.405459084315225e-06
8915,0.9992710947990417
8916,0.0004429880646057427
8917,8.609791279923229e-07
8918,0.9983162879943848
8919,0.9983410835266113
8920,0.9999977350234985
8921,0.00018741461099125445
8922,3.8584345020353794e-05
8923,0.017090220004320145
8924,0.9998067021369934
8925,1.3270753697725013e-05
8926,1.6093281374196522e-07
8927,0.9999477863311768
8928,0.0007602800615131855
8929,0.00015475849795620888
8930,1.0167771336000442e-07
8931,3.839409600914223e-06
8932,1.4365218703460414e-05
8933,0.9999154806137085
8934,0.01568625681102276
8935,0.9999980926513672
8936,0.9998520612716675
8937,3.2796990126371384e-05
8938,0.9999936819076538
8939,0.9999943971633911
8940,0.9648976922035217
8941,1.0689972441468854e-05
8942,9.696990446173004e-07
8943,6.871575806144392e-07
8944,0.9996883869171143
8945,0.001391517580486834
8946,7.57786983740516e-05
8947,0.999985933303833
8948,0.9996738433837891
8949,8.1598773249425e-06
8950,0.9996102452278137
8951,0.00011502305278554559
8952,0.9988800883293152
8953,0.9999878406524658
8954,2.0575191683747107e-06
8955,0.0006260235095396638
8956,0.0002725264348555356
8957,4.174583409621846e-06
8958,0.9999666213989258
8959,0.755314290523529
8960,0.9973301887512207
8961,0.9999996423721313
8962,0.0001241021091118455
8963,2.686418520170264e-05
8964,0.9995192289352417
8965,0.9998651742935181
8966,0.997065007686615
8967,0.9999861717224121
8968,0.9998478889465332
8969,0.2170925736427307
8970,0.9991920590400696
8971,0.9938148260116577
8972,0.015726396813988686
8973,0.9982445240020752
8974,0.9999992847442627
8975,0.9999767541885376
8976,0.9999527931213379
8977,0.9999864101409912
8978,3.4872045944212005e-05
8979,4.565532071865164e-05
8980,5.888612122362247e-06
8981,0.0007197795202955604
8982,0.9999974966049194
8983,0.9978093504905701
8984,1.7464909660702688e-06
8985,0.9999866485595703
8986,0.9905062317848206
8987,0.8764674067497253
8988,0.0007420293404720724
8989,0.0002430214371997863
8990,0.9972092509269714
8991,0.9999935626983643
8992,0.9999932050704956
8993,0.9959424138069153
8994,1.5232100025741602e-08
8995,0.8358745574951172
8996,0.005016854032874107
8997,0.99657142162323
8998,0.9999421834945679
8999,0.006469264626502991
9000,0.9999896287918091
9001,0.9999799728393555
9002,1.5741169363536756e-06
9003,0.9999607801437378
9004,0.9739209413528442
9005,1.332187935076945e-06
9006,0.9999920129776001
9007,0.000218886838410981
9008,1.94540810127819e-08
9009,0.999985933303833
9010,1.9268754840595648e-06
9011,0.9999370574951172
9012,6.33210947853513e-05
9013,0.999408483505249
9014,2.4962779207271524e-05
9015,0.00036617880687117577
9016,0.01891893520951271
9017,0.999051034450531
9018,0.9999973773956299
9019,9.884856262942776e-05
9020,6.897733328514732e-06
9021,0.9999933242797852
9022,0.9998327493667603
9023,0.9994576573371887
9024,1.5502904716413468e-05
9025,0.982093095779419
9026,0.9999088048934937
9027,0.9992778897285461
9028,0.0005988554330542684
9029,0.004694442730396986
9030,0.9952976107597351
9031,0.9998942613601685
9032,9.959977433027234e-06
9033,0.00025590002769604325
9034,2.2356221961672418e-05
9035,2.5172653295157943e-06
9036,0.9999947547912598
9037,0.009508751332759857
9038,0.9993884563446045
9039,0.0005018232041038573
9040,0.9994344115257263
9041,1.7521781046525575e-05
9042,0.0001359583984594792
9043,6.713179755024612e-05
9044,0.9999064207077026
9045,0.9998577833175659
9046,1.4563714103132952e-05
9047,0.00042546013719402254
9048,0.004129655193537474
9049,4.236680783975544e-09
9050,7.691824976063799e-06
9051,0.9997275471687317
9052,1.0503940757189412e-06
9053,0.00015619116311427206
9054,0.9999302625656128
9055,0.9956631064414978
9056,0.0001230199122801423
9057,4.912694203085266e-05
9058,0.30006876587867737
9059,0.9940603375434875
9060,0.000137115697725676
9061,0.9998682737350464
9062,0.9998207688331604
9063,0.9991979002952576
9064,0.9985030889511108
9065,0.07708042860031128
9066,0.9994449019432068
9067,0.9999949932098389
9068,0.00011087295570177957
9069,0.9999291896820068
9070,5.749286174250301e-06
9071,0.8274721503257751
9072,0.9988499879837036
9073,0.9999992847442627
9074,0.00014121179992798716
9075,0.9999808073043823
9076,0.9997283816337585
9077,0.003061349503695965
9078,0.00010117739293491468
9079,0.04242764040827751
9080,0.9983235001564026
9081,5.037656592321582e-06
9082,0.9950503706932068
9083,0.9997840523719788
9084,0.9998968839645386
9085,0.9999014139175415
9086,0.9979861974716187
9087,0.0011066740844398737
9088,1.5093782167241443e-05
9089,3.38380596076604e-06
9090,5.196762504056096e-05
9091,1.6486223103129305e-05
9092,0.9973414540290833
9093,0.9999915361404419
9094,5.529636837309226e-06
9095,0.027778778225183487
9096,0.0005646650097332895
9097,1.7332450852336478e-06
9098,3.5599580314737977e-06
9099,0.9999769926071167
9100,0.0035827395040541887
9101,0.9998637437820435
9102,0.9987887740135193
9103,0.0004304979520384222
9104,0.2665662467479706
9105,0.999893307685852
9106,0.999010443687439
9107,0.001550050568766892
9108,0.9966811537742615
9109,0.0017192044761031866
9110,4.52620442956686e-05
9111,0.999947190284729
9112,2.964597115351353e-06
9113,6.682483217446133e-05
9114,0.0011137297842651606
9115,0.9999916553497314
9116,0.013990010134875774
9117,0.9997194409370422
9118,0.0017800608184188604
9119,0.9999939203262329
9120,3.190440475009382e-05
9121,1.9423923731665127e-05
9122,1.605170291441027e-05
9123,3.7549471016973257e-06
9124,3.3081210659702265e-08
9125,1.5862511872910545e-06
9126,0.9993533492088318
9127,1.96128340235191e-08
9128,0.9999692440032959
9129,0.9998447895050049
9130,0.0004411734116729349
9131,8.630750380689278e-05
9132,0.9991602897644043
9133,0.9999781847000122
9134,0.999998927116394
9135,0.9997634291648865
9136,0.9999992847442627
9137,0.00016369148215744644
9138,0.9997732043266296
9139,0.9998317956924438
9140,0.999832272529602
9141,0.12901589274406433
9142,0.0003738093364518136
9143,0.9999837875366211
9144,0.9338707327842712
9145,4.783312412826035e-09
9146,4.301269291318022e-05
9147,0.0007669240003451705
9148,0.9998961687088013
9149,9.039899850904476e-06
9150,5.093645061293728e-09
9151,0.9999921321868896
9152,0.03574661538004875
9153,0.9999862909317017
9154,0.0009781902190297842
9155,0.9999717473983765
9156,8.565291864215396e-06
9157,0.0003575134905986488
9158,0.9999814033508301
9159,0.9819580912590027
9160,5.990535100863781e-06
9161,0.9998970031738281
9162,0.993721604347229
9163,2.002037945203483e-05
9164,0.9999414682388306
9165,0.9999423027038574
9166,2.4307240892085247e-05
9167,0.9998257756233215
9168,0.9959638118743896
9169,0.9999638795852661
9170,0.999980092048645
9171,0.9999542236328125
9172,0.027620797976851463
9173,0.05388345941901207
9174,0.9999985694885254
9175,0.9999117851257324
9176,8.383857164062647e-08
9177,0.9999371767044067
9178,1.4849304079689318e-06
9179,0.9999961853027344
9180,1.7351669612253318e-07
9181,0.9991656541824341
9182,0.0030811293981969357
9183,0.0008446866413578391
9184,0.9999793767929077
9185,0.9999940395355225
9186,1.0540296671024407e-06
9187,0.9975886344909668
9188,0.9997511506080627
9189,0.9998811483383179
9190,0.9999996423721313
9191,0.9999998807907104
9192,0.004002746660262346
9193,0.9999985694885254
9194,0.006240543909370899
9195,1.0787011888169218e-06
9196,0.19738298654556274
9197,3.7587775295833126e-05
9198,0.0007546580745838583
9199,0.9999457597732544
9200,0.999998927116394
9201,0.004350814037024975
9202,0.9999912977218628
9203,9.0122724941466e-05
9204,0.9999735355377197
9205,2.571466757217422e-05
9206,0.9995421171188354
9207,0.9988251328468323
9208,0.0022364649921655655
9209,4.967302083969116e-05
9210,3.5562344735673435e-10
9211,0.00034721617703326046
9212,0.9999939203262329
9213,0.6417797207832336
9214,0.9990228414535522
9215,3.69403169315774e-05
9216,5.57985549676232e-06
9217,0.9999943971633911
9218,0.9820934534072876
9219,0.0011010875459760427
9220,2.9206958060967736e-06
9221,0.0036490957718342543
9222,0.9999997615814209
9223,1.056158453138778e-05
9224,0.9999971389770508
9225,0.0019214308122172952
9226,1.97701274373685e-06
9227,0.9999721050262451
9228,0.002587287686765194
9229,3.7995268939994276e-05
9230,0.9999951124191284
9231,0.9999974966049194
9232,7.298622790585796e-07
9233,0.9996243715286255
9234,0.9597345590591431
9235,0.010966174304485321
9236,7.21692995284684e-05
9237,0.0025386030320078135
9238,0.9999222755432129
9239,9.083832992473617e-05
9240,0.0002545162569731474
9241,0.9999929666519165
9242,0.9967040419578552
9243,0.0001003727811621502
9244,0.9999910593032837
9245,0.9794507622718811
9246,0.9995423555374146
9247,0.004526420496404171
9248,0.9999876022338867
9249,0.99994957447052
9250,0.0025205728597939014
9251,0.00017877652135211974
9252,3.7670127994715585e-07
9253,0.9994325041770935
9254,0.9999533891677856
9255,0.9999873638153076
9256,2.1682008082279935e-05
9257,0.0015029072528705
9258,0.9988364577293396
9259,0.999870777130127
9260,0.9993257522583008
9261,0.9999772310256958
9262,2.842197318386752e-06
9263,0.9993078708648682
9264,0.0006128889508545399
9265,1.3198936358094215e-05
9266,0.9999808073043823
9267,1.2149601388955489e-05
9268,1.1309541150694713e-05
9269,0.9999555349349976
9270,0.9862732291221619
9271,0.0002445543650537729
9272,0.9995668530464172
9273,0.9999741315841675
9274,0.9999797344207764
9275,0.9999949932098389
9276,0.040127526968717575
9277,0.9999723434448242
9278,0.0008464899146929383
9279,0.9886283278465271
9280,0.9995108842849731
9281,0.9999945163726807
9282,0.9999958276748657
9283,0.00021301729429978877
9284,0.9995222091674805
9285,0.9999860525131226
9286,0.9998867511749268
9287,0.9999997615814209
9288,5.083497308078222e-05
9289,0.999983549118042
9290,0.9994530081748962
9291,0.9999896287918091
9292,1.791708382370416e-05
9293,7.747070048935711e-05
9294,0.9993587136268616
9295,0.9999821186065674
9296,0.9984307885169983
9297,0.9999449253082275
9298,0.9999728202819824
9299,2.077158711699667e-07
9300,0.9986613988876343
9301,0.023863280192017555
9302,0.9996539354324341
9303,0.0007185537833720446
9304,0.9999892711639404
9305,0.0013184846611693501
9306,0.05151941627264023
9307,7.306438055820763e-05
9308,0.12911665439605713
9309,6.710745765303727e-06
9310,0.9999979734420776
9311,0.9433327317237854
9312,0.9999932050704956
9313,9.897230484057218e-05
9314,0.0004171797481831163
9315,0.9996323585510254
9316,0.999920129776001
9317,3.047358950425405e-05
9318,0.03528761863708496
9319,0.9990826845169067
9320,0.0005654114647768438
9321,0.9999772310256958
9322,0.9965309500694275
9323,0.9999991655349731
9324,6.60505102132447e-05
9325,5.7657862271298654e-06
9326,0.9999631643295288
9327,0.003631437895819545
9328,0.00012002587027382106
9329,0.6575073599815369
9330,0.9997231364250183
9331,0.9994389414787292
9332,6.653500167885795e-05
9333,0.9998581409454346
9334,0.9993197917938232
9335,0.9999932050704956
9336,0.9987413287162781
9337,9.479423169977963e-05
9338,1.3769775250693783e-05
9339,0.03825990855693817
9340,1.8439304767525755e-05
9341,0.9998843669891357
9342,0.9999533891677856
9343,0.9999912977218628
9344,0.9998809099197388
9345,0.9992315769195557
9346,0.9999980926513672
9347,0.9999250173568726
9348,1.0430239854031242e-05
9349,4.817972012460814e-07
9350,0.9990434050559998
9351,9.007842891151085e-06
9352,1.5102849602044444e-06
9353,1.4924768947821576e-05
9354,0.9958311915397644
9355,3.134919097647071e-05
9356,0.9999929666519165
9357,0.9999781847000122
9358,0.9999830722808838
9359,1.976381099666469e-06
9360,0.9995744824409485
9361,0.999998927116394
9362,0.9999189376831055
9363,0.00030945567414164543
9364,0.9888712763786316
9365,0.9999977350234985
9366,0.9999113082885742
9367,0.9895229935646057
9368,7.356453716056421e-05
9369,0.9999759197235107
9370,5.577333922701655e-06
9371,6.337970717140706e-06
9372,0.9999808073043823
9373,0.08722016215324402
9374,9.293830061096742e-08
9375,0.9999947547912598
9376,0.00018529145745560527
9377,0.9999934434890747
9378,0.9999728202819824
9379,1.5283762877515983e-06
9380,0.9999496936798096
9381,0.9998927116394043
9382,1.9930368580389768e-05
9383,0.08271260559558868
9384,6.113365816418082e-05
9385,3.4272375160071533e-06
9386,0.5227065086364746
9387,3.9915765228215605e-05
9388,0.999935507774353
9389,0.0024420367553830147
9390,7.135373039091064e-07
9391,3.8710500120942015e-06
9392,0.0031214177142828703
9393,0.9983905553817749
9394,0.9998428821563721
9395,0.06030987203121185
9396,0.9999843835830688
9397,0.9999043941497803
9398,0.9998852014541626
9399,3.339440081617795e-05
9400,9.114120302911033e-07
9401,0.9996190071105957
9402,0.9994202852249146
9403,0.0007096048211678863
9404,3.220492089894833e-06
9405,6.87313440721482e-05
9406,0.009844077751040459
9407,0.9998897314071655
9408,3.635518442024477e-05
9409,0.9999909400939941
9410,0.9954633116722107
9411,0.00016961587243713439
9412,0.0012283290270715952
9413,0.999634861946106
9414,0.999987006187439
9415,0.9990369081497192
9416,0.9996589422225952
9417,0.9997881054878235
9418,0.000475523091154173
9419,0.9999555349349976
9420,0.9999161958694458
9421,0.9998154044151306
9422,0.008186032064259052
9423,0.00020726895309053361
9424,0.9999979734420776
9425,0.02866208180785179
9426,0.9874134063720703
9427,0.9999929666519165
9428,0.9999313354492188
9429,2.804101839615214e-09
9430,0.9998406171798706
9431,0.9999984502792358
9432,0.004637531936168671
9433,0.9991182684898376
9434,9.206611139234155e-05
9435,0.9999904632568359
9436,0.9999650716781616
9437,0.9999804496765137
9438,0.06469327956438065
9439,1.4190617321219179e-06
9440,0.0006406273460015655
9441,0.9998012185096741
9442,0.18742936849594116
9443,0.9999895095825195
9444,4.8697165766498074e-05
9445,0.9995162487030029
9446,4.1130377212539315e-05
9447,7.38406197342556e-06
9448,0.9996084570884705
9449,0.9999964237213135
9450,4.069771966896951e-05
9451,0.00033993832767009735
9452,5.793692707811715e-06
9453,0.9999654293060303
9454,0.0007170495227910578
9455,0.0004224686126690358
9456,0.9999446868896484
9457,1.827608866733499e-05
9458,0.9999967813491821
9459,0.010194041766226292
9460,0.9970928430557251
9461,3.193347583874129e-05
9462,1.1599109711823985e-05
9463,8.120943675749004e-05
9464,1.914214493581312e-07
9465,0.9987926483154297
9466,7.587839832012833e-07
9467,0.006436089985072613
9468,4.2522674448264297e-07
9469,0.00010543992539169267
9470,0.9999884366989136
9471,3.2379225558543112e-06
9472,0.9999736547470093
9473,0.9941394329071045
9474,0.0029312227852642536
9475,3.684799310121889e-08
9476,0.8622820377349854
9477,0.8984901905059814
9478,0.9999275207519531
9479,0.999983549118042
9480,0.9999963045120239
9481,0.9998393058776855
9482,4.075018750882009e-06
9483,0.00023741651966702193
9484,0.0001926129771163687
9485,1.3141594479293417e-07
9486,1.991604676732095e-06
9487,8.498477836837992e-05
9488,0.9999984502792358
9489,0.9997946619987488
9490,0.9993242025375366
9491,2.2612269390265283e-07
9492,0.17297959327697754
9493,0.9999994039535522
9494,0.0018145345384255052
9495,0.9999672174453735
9496,0.00021487749472726136
9497,0.9999936819076538
9498,0.0002891672193072736
9499,9.237646008841693e-05
9500,0.9997895359992981
9501,0.9999974966049194
9502,1.0571417874416511e-07
9503,0.0822225958108902
9504,0.9993228912353516
9505,0.9997147917747498
9506,0.000585479661822319
9507,5.212715041125193e-05
9508,0.00012332599726505578
9509,0.9992458820343018
9510,0.9995536208152771
9511,2.1864643429125863e-07
9512,4.518479670423403e-07
9513,0.9976194500923157
9514,1.304544980484934e-06
9515,0.9999619722366333
9516,0.9895813465118408
9517,0.00016538526688236743
9518,0.00021964152983855456
9519,0.003739704843610525
9520,0.9927406907081604
9521,0.9999656677246094
9522,3.580170596251264e-05
9523,1.3022466873735539e-06
9524,0.1640639305114746
9525,1.4446246495936066e-05
9526,0.9999474287033081
9527,1.2813402463507373e-05
9528,0.000675021845381707
9529,5.558059456234332e-06
9530,0.9980868101119995
9531,0.9996134638786316
9532,2.1412781279650517e-05
9533,0.999995231628418
9534,0.9999847412109375
9535,0.9994890689849854
9536,0.0017593840602785349
9537,0.9999986886978149
9538,3.408527618375956e-06
9539,0.9999983310699463
9540,1.896428148029372e-05
9541,1.7306472727796063e-05
9542,3.895147074217675e-06
9543,0.00017404624668415636
9544,0.9987175464630127
9545,2.7053973099100403e-05
9546,0.9999703168869019
9547,0.9999853372573853
9548,0.9999834299087524
9549,0.9999111890792847
9550,0.9999533891677856
9551,0.9961513876914978
9552,0.9999959468841553
9553,4.1258757846662775e-05
9554,0.9999681711196899
9555,2.7247309844824485e-05
9556,0.3734871447086334
9557,0.35474732518196106
9558,0.9983382225036621
9559,0.9999027252197266
9560,0.9980564117431641
9561,1.5089493899722584e-05
9562,3.4415536447340855e-06
9563,0.9979846477508545
9564,4.051807627547532e-05
9565,0.9999710321426392
9566,0.9986623525619507
9567,0.9999852180480957
9568,0.9840563535690308
9569,0.4507312476634979
9570,1.8175148852606071e-06
9571,0.004013059660792351
9572,0.9999971389770508
9573,0.9989302754402161
9574,0.014766027219593525
9575,3.6560168155119754e-06
9576,0.9994124174118042
9577,0.9999986886978149
9578,0.006897717248648405
9579,0.11743150651454926
9580,3.5716186630452285e-06
9581,7.087326957844198e-05
9582,1.6295457498927135e-06
9583,0.9940540194511414
9584,0.9999926090240479
9585,5.33895490661962e-06
9586,0.00019156148482579738
9587,0.00316830025985837
9588,0.0010888547403737903
9589,0.9718278646469116
9590,0.0071984888054430485
9591,0.00018373884086031467
9592,6.500733434222639e-05
9593,2.372357812419068e-06
9594,0.9996024966239929
9595,5.386090833781054e-06
9596,0.0846208706498146
9597,0.009884516708552837
9598,0.9992635846138
9599,0.9997519850730896
9600,0.000989107065834105
9601,3.1002356990939006e-05
9602,0.999981164932251
9603,6.653601758443983e-07
9604,0.9999856948852539
9605,0.08386071026325226
9606,0.9999030828475952
9607,0.9999310970306396
9608,0.9999361038208008
9609,9.281340851430286e-08
9610,0.0005636863643303514
9611,0.0009703055839054286
9612,0.9770658016204834
9613,0.9999855756759644
9614,0.20767652988433838
9615,0.9957776069641113
9616,0.9982424974441528
9617,6.493594810308423e-06
9618,0.9993444085121155
9619,0.9999887943267822
9620,0.0018597107846289873
9621,1.9167704522260465e-05
9622,0.0025170459412038326
9623,0.0002949034096673131
9624,0.9999822378158569
9625,0.9993336796760559
9626,0.0003906695928890258
9627,2.391441888960344e-08
9628,6.218371709110215e-05
9629,9.797755495810634e-09
9630,0.9971480965614319
9631,0.8073721528053284
9632,0.0001473451848141849
9633,1.8462846128386445e-05
9634,0.8793479204177856
9635,1.1324284059810452e-05
9636,1.2043780770909507e-05
9637,0.9997668862342834
9638,2.26879888032272e-06
9639,0.999985933303833
9640,5.106973731017206e-06
9641,0.9997130036354065
9642,8.067036105785519e-07
9643,0.9999963045120239
9644,0.000543337082490325
9645,0.9938674569129944
9646,0.9979571104049683
9647,0.9984622001647949
9648,7.057166658341885e-05
9649,0.9976792931556702
9650,5.7129996093863156e-06
9651,0.9999628067016602
9652,0.9850574135780334
9653,3.867297436954686e-06
9654,0.9985234141349792
9655,0.9999773502349854
9656,0.005773941986262798
9657,0.9999920129776001
9658,0.0006157828611321747
9659,0.9999982118606567
9660,0.9999659061431885
9661,0.999984622001648
9662,5.435234470496653e-06
9663,0.9990628361701965
9664,0.8397401571273804
9665,0.00011838529462693259
9666,4.902738623968617e-07
9667,0.9998645782470703
9668,0.12585660815238953
9669,0.9995662569999695
9670,0.0001743578613968566
9671,0.9999217987060547
9672,5.132270234753378e-05
9673,0.048794396221637726
9674,0.9999934434890747
9675,0.9997391104698181
9676,8.540356793673709e-05
9677,0.9997698664665222
9678,0.9995717406272888
9679,0.9996585845947266
9680,0.9998869895935059
9681,0.9998908042907715
9682,5.9202331613050774e-05
9683,9.479423169977963e-05
9684,0.9999988079071045
9685,1.811160473152995e-05
9686,0.9979491829872131
9687,0.9999895095825195
9688,0.011997037567198277
9689,7.546239885414252e-06
9690,0.9998693466186523
9691,0.9997801184654236
9692,4.541124508250505e-05
9693,0.00011224640911677852
9694,0.9869007468223572
9695,0.9999945163726807
9696,0.8780602812767029
9697,9.855678945314139e-05
9698,0.999588668346405
9699,0.9993139505386353
9700,0.032364193350076675
9701,0.989945113658905
9702,0.9997027516365051
9703,0.9980779886245728
9704,3.250324027703755e-07
9705,0.002902150386944413
9706,0.003172082593664527
9707,0.9999979734420776
9708,0.999991774559021
9709,1.724702633509878e-05
9710,2.648251029313542e-05
9711,2.3586217139381915e-06
9712,0.0002488151076249778
9713,0.9997673630714417
9714,0.9990443587303162
9715,0.04886149987578392
9716,4.4634187361225486e-05
9717,2.8782857043552212e-05
9718,5.742903522332199e-05
9719,0.00044960228842683136
9720,7.382610783679411e-05
9721,3.0134984285723476e-07
9722,3.5533059872250305e-07
9723,0.9999877214431763
9724,0.00011847100540762767
9725,6.819298050686484e-06
9726,9.019425488077104e-05
9727,0.9842560887336731
9728,3.137850217171945e-05
9729,0.0007849591202102602
9730,0.00020756501180585474
9731,0.9833759665489197
9732,0.00010402459156466648
9733,0.009452532045543194
9734,9.074207810044754e-06
9735,1.6761596270953305e-06
9736,0.0029043506365269423
9737,0.01125775370746851
9738,0.9999549388885498
9739,0.020787497982382774
9740,0.9933246970176697
9741,0.00012843881268054247
9742,0.9999798536300659
9743,0.98646080493927
9744,1.3281844530865783e-06
9745,0.0022507139947265387
9746,7.2932118200697e-05
9747,0.9999964237213135
9748,0.9999922513961792
9749,0.9999778270721436
9750,7.087042467901483e-05
9751,0.9999996423721313
9752,1.0659626241249498e-05
9753,8.462031109957024e-05
9754,2.4175746148102917e-05
9755,6.514416782010812e-06
9756,0.9999731779098511
9757,4.222614734317176e-05
9758,0.9999934434890747
9759,1.1416788225915298e-07
9760,1.2704895198112354e-06
9761,4.7744738367327955e-06
9762,1.7063932489236322e-07
9763,0.0005474823992699385
9764,0.9998369216918945
9765,0.9996963739395142
9766,0.9977388381958008
9767,0.009215076453983784
9768,0.999745786190033
9769,0.9999756813049316
9770,0.9734424352645874
9771,0.9982538819313049
9772,0.9996942281723022
9773,0.00012534097186289728
9774,0.9999688863754272
9775,0.9999266862869263
9776,0.9940669536590576
9777,1.0
9778,0.9996497631072998
9779,0.9989463686943054
9780,3.606898530961189e-07
9781,0.0004903798690065742
9782,3.315954089089246e-08
9783,0.9995438456535339
9784,0.9979769587516785
9785,0.9996668100357056
9786,0.990806519985199
9787,1.3047631419738082e-08
9788,0.9967189431190491
9789,0.9997089505195618
9790,1.2173930752368278e-09
9791,0.0008624693145975471
9792,1.6103420421131887e-05
9793,9.052296263689641e-06
9794,3.919958828646486e-07
9795,3.402602288815615e-08
9796,0.0002853152109310031
9797,0.9994439482688904
9798,0.9998934268951416
9799,0.9999669790267944
9800,0.006867971736937761
9801,2.748176655131829e-07
9802,0.0001708268391666934
9803,3.1220466212289466e-07
9804,0.0014103121357038617
9805,1.7615420802030712e-05
9806,0.9996771812438965
9807,0.9999754428863525
9808,0.9999841451644897
9809,0.999980092048645
9810,3.1148215384746436e-06
9811,1.6062876966316253e-06
9812,0.00012124011846026406
9813,5.154113296157448e-07
9814,0.007876595482230186
9815,0.999992847442627
9816,0.9999910593032837
9817,0.9992951154708862
9818,0.9995057582855225
9819,0.001654738443903625
9820,1.9129292923025787e-06
9821,0.9980452060699463
9822,0.9627792239189148
9823,0.9999957084655762
9824,2.4909084004320903e-06
9825,0.0008744472288526595
9826,0.9924407005310059
9827,0.00013984888209961355
9828,0.9999721050262451
9829,0.0003401115827728063
9830,0.9999701976776123
9831,0.00011580345017137006
9832,0.9999774694442749
9833,0.9999336004257202
9834,8.757285172578122e-07
9835,0.999874472618103
9836,0.9991593360900879
9837,0.9998956918716431
9838,6.069219438131768e-08
9839,0.9996435642242432
9840,0.9999679327011108
9841,0.9972875118255615
9842,0.2925886809825897
9843,0.9999909400939941
9844,0.9968587160110474
9845,0.006918916013091803
9846,6.21678918832913e-06
9847,0.9999960660934448
9848,3.5201021091779694e-05
9849,0.9999872446060181
9850,0.9998445510864258
9851,0.9999792575836182
9852,0.9358013272285461
9853,0.0004292098747100681
9854,0.002010998548939824
9855,7.782018656143919e-05
9856,1.5936537920424598e-06
9857,5.38993219834083e-07
9858,0.999886155128479
9859,0.999980092048645
9860,0.00036636702134273946
9861,0.9999302625656128
9862,5.3336581913754344e-05
9863,2.9441030164889526e-06
9864,0.0011136035900563002
9865,3.8883208617335185e-05
9866,0.9913681149482727
9867,0.999241828918457
9868,0.6247454285621643
9869,0.9999972581863403
9870,6.12066469329875e-06
9871,0.999996542930603
9872,2.6536343966654385e-07
9873,0.9985200762748718
9874,2.3544474458958575e-07
9875,7.878211908973753e-05
9876,6.662836312898435e-06
9877,0.0001805915671866387
9878,2.011769902310334e-05
9879,4.696182713814778e-06
9880,0.9999281167984009
9881,0.00029739539604634047
9882,0.9991148114204407
9883,0.0002070277841994539
9884,6.709701949603186e-08
9885,0.995800793170929
9886,0.9997188448905945
9887,0.999996542930603
9888,1.995720413106028e-05
9889,0.9999827146530151
9890,0.9997431635856628
9891,0.9947035908699036
9892,1.1576102224353235e-05
9893,8.719104698684532e-06
9894,0.00041071148007176816
9895,0.9997114539146423
9896,0.999231219291687
9897,0.001128972857259214
9898,1.9549851515421324e-07
9899,5.280180062072759e-07
9900,2.1049518181825988e-05
9901,8.690116374054924e-06
9902,1.6754612488512066e-06
9903,0.9999954700469971
9904,7.819457823643461e-05
9905,1.6862824850250036e-05
9906,0.000605354958679527
9907,0.001187480054795742
9908,3.549855364326504e-06
9909,0.0010222187265753746
9910,0.9999887943267822
9911,0.9999024868011475
9912,0.999656081199646
9913,0.07414911687374115
9914,0.9500386118888855
9915,2.452008551756535e-08
9916,0.9999842643737793
9917,0.9997382760047913
9918,0.9980727434158325
9919,0.9997068047523499
9920,0.999993085861206
9921,0.9999016523361206
9922,0.0006689457804895937
9923,8.089741498906733e-08
9924,0.001006268197670579
9925,0.9999446868896484
9926,0.9999120235443115
9927,9.743404370965436e-05
9928,7.4096969910897315e-06
9929,0.00013380464224610478
9930,0.00047568490845151246
9931,0.9988736510276794
9932,0.999998927116394
9933,0.9999996423721313
9934,0.999984860420227
9935,0.9999942779541016
9936,9.835501987254247e-05
9937,0.9990329742431641
9938,0.9997828602790833
9939,0.9927635788917542
9940,0.9999326467514038
9941,0.9999772310256958
9942,2.4527744244551286e-06
9943,0.9944666028022766
9944,0.9998724460601807
9945,0.7526499032974243
9946,0.9838639497756958
9947,0.9999057054519653
9948,0.0001370737300021574
9949,0.0006738160154782236
9950,2.075587326544337e-05
9951,4.479719336814014e-06
9952,0.0010836367728188634
9953,8.157274714903906e-05
9954,0.999937891960144
9955,0.9999121427536011
9956,4.027936029160628e-07
9957,8.293572318507358e-05
9958,2.3079244783730246e-05
9959,0.9999834299087524
9960,0.9942065477371216
9961,0.0002886185538955033
9962,0.9996200799942017
9963,0.00010988829308189452
9964,7.982297489661505e-08
9965,0.9997231364250183
9966,8.018208063731436e-06
9967,0.9994447827339172
9968,0.9999772310256958
9969,0.9997928738594055
9970,0.9992226362228394
9971,6.742396362824365e-05
9972,1.0590792243192482e-07
9973,0.9997997879981995
9974,3.877693870890653e-06
9975,2.1471878426382318e-05
9976,0.9998186230659485
9977,0.00017306063091382384
9978,6.384610514942324e-06
9979,0.004011864773929119
9980,5.247422905085841e-06
9981,7.171350262069609e-06
9982,0.9998749494552612
9983,0.3870639503002167
9984,0.9999964237213135
9985,0.9915623068809509
9986,0.9999977350234985
9987,0.9928850531578064
9988,0.9999847412109375
9989,0.9878332614898682
9990,0.9928995370864868
9991,0.9999293088912964
9992,0.9811267256736755
9993,0.0001998150401050225
9994,3.2913660561462166e-06
9995,0.006155489012598991
9996,0.9998972415924072
9997,0.9988014698028564
9998,4.5460597903002053e-05
9999,1.1078777788497973e-05
10000,0.9969310760498047
10001,0.0004128947330173105
10002,2.3409485947922803e-05
10003,0.9996869564056396
10004,0.9977996945381165
10005,7.720786356912868e-07
10006,0.00019234282081015408
10007,4.3280102545395494e-05
10008,1.8114955310011283e-05
10009,9.898212010739371e-05
10010,0.9999991655349731
10011,0.9999973773956299
10012,4.332200944645592e-07
10013,0.0230998657643795
10014,3.5465560358716175e-05
10015,0.9994156360626221
10016,0.00011689437815221027
10017,5.790356681245612e-06
10018,5.8638888731366023e-05
10019,5.847999204888765e-07
10020,8.703312232682947e-06
10021,4.817921762878541e-06
10022,0.9993489384651184
10023,0.9999984502792358
10024,0.9992942810058594
10025,0.9965093731880188
10026,0.9999911785125732
10027,0.9999842643737793
10028,2.9538381568272598e-05
10029,0.9730326533317566
10030,0.9996165037155151
10031,0.00028096750611439347
10032,0.0017028910806402564
10033,0.001441665575839579
10034,0.9999411106109619
10035,0.9998835325241089
10036,0.9999909400939941
10037,0.15631330013275146
10038,0.9995622038841248
10039,0.9999855756759644
10040,1.0108634342032019e-05
10041,0.9999890327453613
10042,0.5399668216705322
10043,0.9999969005584717
10044,5.61496278805862e-07
10045,0.978245198726654
10046,0.9998565912246704
10047,0.9999802112579346
10048,0.9999605417251587
10049,1.883800109681033e-06
10050,0.004236893262714148
10051,0.0002197580033680424
10052,1.2310084684941103e-06
10053,0.999727189540863
10054,6.08292282322509e-07
10055,1.5595884406138794e-06
10056,0.9999717473983765
10057,0.018466433510184288
10058,0.9997513890266418
10059,0.9997592568397522
10060,0.9999610185623169
10061,0.0004995364579372108
10062,0.0008229339146055281
10063,0.998659610748291
10064,0.9998492002487183
10065,0.00031397276325151324
10066,0.00011936079681618139
10067,2.1914916942478158e-05
10068,1.8532278772909194e-05
10069,4.554530460154638e-05
10070,0.9994361996650696
10071,4.0839706343831494e-05
10072,0.00025671598268672824
10073,0.8337351083755493
10074,2.6697550836729533e-08
10075,9.054749534698203e-05
10076,0.00032141173142008483
10077,0.0005379769136197865
10078,0.9999446868896484
10079,2.6324692043999676e-06
10080,0.9999591112136841
10081,0.00047199902473948896
10082,8.865170570970804e-07
10083,2.6078164410137106e-06
10084,0.9999836683273315
10085,0.9999954700469971
10086,0.9999958276748657
10087,0.9999958276748657
10088,2.105363273585681e-05
10089,0.0016662379493936896
10090,5.584869359154254e-05
10091,5.5533118938910775e-06
10092,0.9954794645309448
10093,0.14483396708965302
10094,0.9997557997703552
10095,8.943841385189444e-05
10096,0.9998359680175781
10097,0.999805748462677
10098,1.0
10099,1.7128257240983658e-05
10100,0.9999462366104126
10101,0.9998637437820435
10102,0.005623568315058947
10103,4.9577770369069185e-06
10104,0.999967098236084
10105,0.991663932800293
10106,6.201843007147545e-06
10107,0.0046172537840902805
10108,0.9999727010726929
10109,1.253914069820894e-05
10110,0.9994221925735474
10111,1.2656577382585965e-05
10112,2.1217782375515526e-07
10113,0.9999934434890747
10114,0.0007574546616524458
10115,6.226563868949597e-07
10116,0.9990485310554504
10117,2.594292709545698e-05
10118,1.9777799025177956e-05
10119,0.9983162879943848
10120,0.0004740743606816977
10121,2.01408397515479e-06
10122,0.0001895747409434989
10123,9.105101526074577e-06
10124,0.9999171495437622
10125,0.00012591478298418224
10126,0.0011956407688558102
10127,0.9999167919158936
10128,0.0005541005521081388
10129,0.99748295545578
10130,3.403724622330628e-05
10131,0.99957674741745
10132,0.001102561829611659
10133,7.097428351698909e-07
10134,0.9998010993003845
10135,0.99973064661026
10136,0.9998520612716675
10137,1.7017639038385823e-05
10138,0.9997435212135315
10139,0.9999459981918335
10140,0.9999874830245972
10141,0.9999978542327881
10142,0.9998917579650879
10143,0.9999518394470215
10144,0.9980787038803101
10145,7.814925629645586e-05
10146,0.9998846054077148
10147,0.999984860420227
10148,0.9871654510498047
10149,6.452417551372491e-07
10150,0.04650583490729332
10151,9.827936082729138e-07
10152,1.6765252297545885e-08
10153,0.9993579983711243
10154,0.00017900150851346552
10155,0.9999494552612305
10156,0.00012884287571068853
10157,6.808629404986277e-05
10158,2.1309331259544706e-06
10159,0.9997232556343079
10160,2.4727639811317204e-06
10161,1.858085670392029e-05
10162,0.9999799728393555
10163,0.9999942779541016
10164,0.9999598264694214
10165,0.9968840479850769
10166,0.9999582767486572
10167,0.9956117868423462
10168,0.9996427297592163
10169,0.9999895095825195
10170,9.747440344654024e-06
10171,1.3486163879861124e-05
10172,0.9999638795852661
10173,0.0008362444932572544
10174,0.001498615718446672
10175,2.172294625779614e-05
10176,0.9991788268089294
10177,0.9997300505638123
10178,0.3555322289466858
10179,0.9999130964279175
10180,0.0004077209741808474
10181,0.9999173879623413
10182,0.006121760234236717
10183,5.138955202710349e-06
10184,1.9729404812096618e-05
10185,0.9999620914459229
10186,0.9999146461486816
10187,0.9999904632568359
10188,0.005846012849360704
10189,0.9998142123222351
10190,0.9999880790710449
10191,1.2705755807473906e-06
10192,0.9926303625106812
10193,0.0017537293024361134
10194,2.111287358275149e-06
10195,0.9999780654907227
10196,0.9997308850288391
10197,0.9999407529830933
10198,3.4373486414551735e-05
10199,5.137153493706137e-07
10200,4.584158830311935e-07
10201,1.2669572413415153e-07
10202,0.9998438358306885
10203,0.9999988079071045
10204,8.304852627816217e-08
10205,3.557938498488511e-06
10206,0.00041855720337480307
10207,0.9998712539672852
10208,0.9999240636825562
10209,0.9997596144676208
10210,0.00011054337664972991
10211,6.004874649079284e-06
10212,1.7537646272103302e-05
10213,0.8051134347915649
10214,0.999985933303833
10215,1.425613481842447e-05
10216,0.9965443015098572
10217,0.9615478515625
10218,7.388625090243295e-05
10219,0.03584880009293556
10220,0.9996905326843262
10221,0.999998927116394
10222,0.9994052648544312
10223,1.3051512723905034e-05
10224,0.00847321655601263
10225,6.307803232630249e-06
10226,0.005620790645480156
10227,3.2907571494433796e-06
10228,0.0008184458711184561
10229,7.062175427563488e-05
10230,0.039355479180812836
10231,0.9999693632125854
10232,0.9999957084655762
10233,0.9997448325157166
10234,1.689350392553024e-05
10235,1.8627855524755432e-06
10236,0.00023002458328846842
10237,2.382921820753836e-06
10238,0.9996882677078247
10239,2.5953964723157696e-05
10240,2.066060687866411e-06
10241,0.9999581575393677
10242,0.9999852180480957
10243,0.9997249245643616
10244,0.9999957084655762
10245,0.9995161294937134
10246,0.9985472559928894
10247,1.0
10248,0.0003382874419912696
10249,0.9975199103355408
10250,2.2508666006615385e-05
10251,0.999993085861206
10252,1.7250707742277882e-06
10253,0.9991896748542786
10254,0.9999959468841553
10255,0.9999889135360718
10256,0.9999561309814453
10257,0.0007408490055240691
10258,0.9999788999557495
10259,0.9999352693557739
10260,0.00868226308375597
10261,0.9999964237213135
10262,0.9999940395355225
10263,0.9994077682495117
10264,6.053357282098659e-08
10265,0.011004636064171791
10266,1.215938482346246e-05
10267,2.534553402711026e-07
10268,0.9999971389770508
10269,0.9997053742408752
10270,0.0001108403957914561
10271,0.9998892545700073
10272,0.0011184770846739411
10273,5.848865839652717e-05
10274,6.697856406390201e-06
10275,0.9975132942199707
10276,2.391125963185914e-05
10277,0.9984906911849976
10278,0.3346511125564575
10279,0.9999805688858032
10280,0.9993140697479248
10281,0.9998893737792969
10282,0.9750279188156128
10283,0.9999960660934448
10284,0.9999263286590576
10285,0.9999765157699585
10286,1.939661409267046e-08
10287,0.00035256260889582336
10288,2.1428719776395155e-07
10289,5.706224328605458e-05
10290,0.9998132586479187
10291,0.9981603026390076
10292,6.541545616300937e-08
10293,0.998276948928833
10294,8.488702292197559e-07
10295,0.00020650339138228446
10296,7.147603810153669e-06
10297,0.9999786615371704
10298,0.9999903440475464
10299,0.003051835112273693
10300,0.9999678134918213
10301,1.4961719898565207e-05
10302,0.9977362155914307
10303,0.0005500372499227524
10304,0.9999313354492188
10305,0.9999682903289795
10306,0.9999444484710693
10307,0.998568058013916
10308,4.7660505515523255e-05
10309,9.468955113334232e-07
10310,0.5224971771240234
10311,1.680114223745477e-06
10312,0.0003839756827801466
10313,0.9999507665634155
10314,2.182815023843432e-06
10315,0.9999969005584717
10316,0.9999831914901733
10317,0.9999803304672241
10318,3.6945084502804093e-06
10319,0.825228214263916
10320,0.9999754428863525
10321,0.9999784231185913
10322,0.999991774559021
10323,0.9846006035804749
10324,0.9994913339614868
10325,6.719827797496691e-05
10326,0.9998548030853271
10327,0.9811267256736755
10328,2.148709427274298e-06
10329,0.9999910593032837
10330,2.446124199195765e-06
10331,9.948737897502724e-06
10332,0.9999903440475464
10333,0.00014418945647776127
10334,3.0762291771679884e-06
10335,0.9992467164993286
10336,0.00016153178876265883
10337,0.0037846574559807777
10338,0.0007836736622266471
10339,0.9993000030517578
10340,3.446893401815032e-07
10341,1.4654988262918778e-06
10342,0.999792754650116
10343,5.175708793103695e-05
10344,0.9997829794883728
10345,0.9976840019226074
10346,5.909196829634311e-07
10347,0.5256567001342773
10348,0.9984056353569031
10349,0.9992903470993042
10350,0.9950886368751526
10351,1.4259070667321794e-05
10352,0.9999560117721558
10353,0.0009187326650135219
10354,0.9698651432991028
10355,0.9989332556724548
10356,1.6198282537516207e-05
10357,0.9999774694442749
10358,0.0006222234223969281
10359,0.9999731779098511
10360,7.455722516169772e-05
10361,0.0007386590586975217
10362,5.473804094435764e-07
10363,8.170455112121999e-05
10364,0.9995551705360413
10365,0.005970626138150692
10366,0.9999829530715942
10367,0.9783861041069031
10368,0.9999675750732422
10369,2.8727538392558927e-07
10370,0.9992272853851318
10371,9.629689884604886e-05
10372,0.9989726543426514
10373,0.0002708796819206327
10374,0.9987414479255676
10375,0.0016412836266681552
10376,1.2503973266575485e-05
10377,3.058187076021568e-06
10378,6.196589907858652e-08
10379,0.9995692372322083
10380,0.9998937845230103
10381,4.0390335698248236e-07
10382,0.00035835584276355803
10383,1.013380733638769e-05
10384,0.9999649524688721
10385,0.9999992847442627
10386,0.0005721971392631531
10387,0.9999945163726807
10388,4.490506853471743e-06
10389,1.887826329038944e-05
10390,0.999958872795105
10391,0.09983468055725098
10392,2.4490078430972062e-05
10393,4.143961632507853e-06
10394,0.0005993138765916228
10395,0.9999558925628662
10396,0.9996922016143799
10397,3.8837674765090924e-07
10398,0.00028401982854120433
10399,0.9997431635856628
10400,0.9999477863311768
10401,0.15237070620059967
10402,0.00041830912232398987
10403,0.9999957084655762
10404,0.0004453119763638824
10405,4.617184458766133e-06
10406,0.9852408766746521
10407,4.2988463064830285e-06
10408,0.00028752218349836767
10409,0.9999196529388428
10410,2.7419407615525415e-06
10411,0.005820045247673988
10412,1.3818920230335152e-08
10413,0.00018961867317557335
10414,0.9790160655975342
10415,0.963276743888855
10416,5.237071150077099e-07
10417,0.12883299589157104
10418,1.248623334504373e-06
10419,0.9986593723297119
10420,0.9979604482650757
10421,0.9996310472488403
10422,0.856695294380188
10423,1.425613481842447e-05
10424,3.1917111300572287e-06
10425,0.9999576807022095
10426,3.609223131206818e-05
10427,0.9999898672103882
10428,0.3583459258079529
10429,0.9995131492614746
10430,0.0032279675360769033
10431,3.9504618598584784e-07
10432,0.9594321846961975
10433,0.9769008159637451
10434,0.9998185038566589
10435,2.1952317183604464e-05
10436,0.9999709129333496
10437,5.686456461262424e-07
10438,0.9999964237213135
10439,0.014378185383975506
10440,3.702310209519055e-07
10441,2.628910806379281e-05
10442,0.9999955892562866
10443,0.9994620680809021
10444,0.9997410178184509
10445,0.9998668432235718
10446,0.9992533326148987
10447,0.9999467134475708
10448,0.9999988079071045
10449,1.0
10450,0.00015617880853824317
10451,3.0144174161250703e-06
10452,0.17189332842826843
10453,0.9999672174453735
10454,0.002788479207083583
10455,8.653463009977713e-05
10456,0.9485042691230774
10457,9.920965382548275e-09
10458,0.9999998807907104
10459,6.858023698441684e-05
10460,5.88559760217322e-06
10461,2.6450466066307854e-06
10462,0.9999380111694336
10463,0.00010597153595881537
10464,0.9999929666519165
10465,0.9999575614929199
10466,0.9999498128890991
10467,0.00019323804008308798
10468,1.359355508157023e-07
10469,0.0002837015490513295
10470,0.00011386107507860288
10471,6.478826435341034e-07
10472,1.7167079931823537e-05
10473,0.999984860420227
10474,0.9999939203262329
10475,1.185875476039655e-06
10476,0.9999579191207886
10477,0.0001281680742977187
10478,0.9999984502792358
10479,0.9983982443809509
10480,3.3587027701287298e-06
10481,0.0004374819982331246
10482,0.000786607270129025
10483,0.00018778846424538642
10484,0.9963685274124146
10485,0.9962194561958313
10486,0.0006962379557080567
10487,0.9999864101409912
10488,0.9999297857284546
10489,9.838110418058932e-05
10490,0.9996850490570068
10491,2.0260675228200853e-05
10492,0.9999717473983765
10493,0.001812969334423542
10494,0.9999504089355469
10495,2.252595186291728e-05
10496,0.9999997615814209
10497,0.9948161244392395
10498,7.503205324610462e-06
10499,0.9999986886978149
10500,0.9997747540473938
10501,0.9999933242797852
10502,0.9999713897705078
10503,4.297952546039596e-05
10504,0.9997186064720154
10505,0.9997203946113586
10506,4.2412698348925915e-06
10507,0.12840259075164795
10508,4.118003744224552e-06
10509,0.8995944857597351
10510,0.00038892810698598623
10511,0.00020349390979390591
10512,0.0036007363814860582
10513,3.0239016268751584e-05
10514,0.996421217918396
10515,0.00010355467384215444
10516,0.9986943602561951
10517,0.9996751546859741
10518,0.9953946471214294
10519,2.920328188338317e-05
10520,0.9999992847442627
10521,5.9227422752883285e-06
10522,0.9963815212249756
10523,0.9982490539550781
10524,0.9982650876045227
10525,0.9971644282341003
10526,0.9925253391265869
10527,0.014052477665245533
10528,4.6310084144352004e-05
10529,0.0001096052146749571
10530,8.17996522073372e-07
10531,0.9998900890350342
10532,4.425733948210109e-07
10533,8.925400720727339e-07
10534,0.9997908473014832
10535,0.03598601743578911
10536,0.00013352208770811558
10537,0.9998700618743896
10538,0.00025857871514745057
10539,5.820685601065634e-06
10540,0.998089611530304
10541,0.9998955726623535
10542,0.9977641105651855
10543,1.652713581279386e-05
10544,2.668719844223233e-06
10545,8.416574814873456e-08
10546,1.0219212072115624e-06
10547,0.993251621723175
10548,0.9999831914901733
10549,3.1121675419854e-05
10550,0.9999997615814209
10551,0.9994039535522461
10552,3.6813091810472542e-06
10553,1.00327533800737e-05
10554,0.9978399276733398
10555,6.086414941819385e-06
10556,0.9999994039535522
10557,0.0008135309908539057
10558,0.9999910593032837
10559,0.9999467134475708
10560,1.867404716904275e-05
10561,0.9999022483825684
10562,0.9992596507072449
10563,0.9999034404754639
10564,0.9999785423278809
10565,0.9996166229248047
10566,0.999975323677063
10567,0.9997300505638123
10568,0.9946358799934387
10569,0.9999525547027588
10570,0.9611169695854187
10571,0.9995110034942627
10572,2.7727443011826836e-05
10573,3.977263259002939e-05
10574,0.9986773133277893
10575,0.00010491439024917781
10576,1.6302686844937853e-06
10577,0.00018537115829531103
10578,0.9999762773513794
10579,0.8817334175109863
10580,0.9991612434387207
10581,0.9967421889305115
10582,1.7211486920132302e-05
10583,0.9996377229690552
10584,0.9999309778213501
10585,1.6196440810745116e-07
10586,1.1168043783982284e-05
10587,0.9999974966049194
10588,0.9999244213104248
10589,2.2988195269135758e-05
10590,0.00027742673410102725
10591,0.9997190833091736
10592,0.0004658778489101678
10593,0.9677615165710449
10594,0.9998559951782227
10595,0.9992326498031616
10596,1.2000603419437539e-05
10597,0.0002166799531551078
10598,0.9999924898147583
10599,1.0
10600,0.9999791383743286
10601,0.1822960376739502
10602,0.9556235671043396
10603,7.643642675247975e-06
10604,0.0005600802251137793
10605,0.020387472584843636
10606,0.9996243715286255
10607,1.8257029296364635e-05
10608,0.9987554550170898
10609,0.9635085463523865
10610,0.999972939491272
10611,2.828248284458823e-07
10612,0.9999668598175049
10613,8.868832082953304e-05
10614,0.00014201186422724277
10615,1.1482532613626972e-07
10616,0.9998074173927307
10617,0.016884246841073036
10618,4.852102847507922e-06
10619,1.5473511894015246e-06
10620,0.9996663331985474
10621,4.695792483744299e-07
10622,0.9842924475669861
10623,2.0476676581893116e-05
10624,1.0472161193320062e-05
10625,0.9987931251525879
10626,0.0008422252722084522
10627,2.639950935190427e-06
10628,1.428389509783301e-06
10629,0.9997628331184387
10630,3.975891047502955e-07
10631,5.749301834612197e-08
10632,0.9998160004615784
10633,0.9999736547470093
10634,6.382908850355307e-07
10635,1.473054226153181e-06
10636,0.9996656179428101
10637,0.012154530733823776
10638,4.879564585280605e-06
10639,0.9981504082679749
10640,0.9999918937683105
10641,0.9998106360435486
10642,0.99985671043396
10643,0.0005393590545281768
10644,0.9999951124191284
10645,0.9999717473983765
10646,0.9965351819992065
10647,0.10460512340068817
10648,0.999985933303833
10649,8.641033559797506e-07
10650,5.41308736501378e-07
10651,0.9690524339675903
10652,2.812717525557673e-07
10653,1.0355835001973901e-05
10654,3.1583702366333455e-05
10655,0.0005771489231847227
10656,0.9992120265960693
10657,4.348190122982487e-05
10658,0.998777449131012
10659,0.9959852695465088
10660,2.1473101696756203e-06
10661,0.9999387264251709
10662,0.9992409944534302
10663,0.999987006187439
10664,0.00013034466246608645
10665,0.0010023667709901929
10666,0.9996917247772217
10667,0.9999998807907104
10668,2.3754675737563957e-07
10669,7.731062942184508e-05
10670,2.2079441919231613e-07
10671,5.395162952481769e-05
10672,5.768772098235786e-06
10673,0.9985698461532593
10674,9.179265703096462e-08
10675,0.00023055728524923325
10676,0.0023362827487289906
10677,0.00046673169708810747
10678,0.00011650221858872101
10679,2.8422209652489983e-05
10680,0.9946498274803162
10681,7.703663982283615e-07
10682,0.0006512449472211301
10683,0.9999856948852539
10684,0.9995798468589783
10685,0.00015850029012653977
10686,0.003891764208674431
10687,4.3080017348984256e-05
10688,0.9999958276748657
10689,0.9999600648880005
10690,1.8459853890817612e-05
10691,4.225321390549652e-05
10692,0.9993568062782288
10693,0.0037897774018347263
10694,2.940469130408019e-06
10695,0.9999675750732422
10696,0.999967098236084
10697,0.9999974966049194
10698,1.825363506213762e-05
10699,0.9998635053634644
10700,1.565692286931153e-07
10701,0.999187171459198
10702,0.9998383522033691
10703,0.1560688316822052
10704,3.876924438372953e-06
10705,0.9443296790122986
10706,0.9999815225601196
10707,1.0
10708,0.006070731673389673
10709,0.9999971389770508
10710,0.9830344915390015
10711,0.0009889595676213503
10712,0.9999979734420776
10713,0.00011856706987600774
10714,0.9496280550956726
10715,0.9999710321426392
10716,0.0001543371909065172
10717,0.9998613595962524
10718,1.756760866555851e-05
10719,0.9999812841415405
10720,0.999970555305481
10721,6.06504636380123e-06
10722,0.0011502759298309684
10723,0.9991111159324646
10724,0.9999972581863403
10725,0.9997392296791077
10726,2.297121136507485e-05
10727,6.066030982765369e-05
10728,0.05321692302823067
10729,2.8751817353622755e-06
10730,0.9989296793937683
10731,0.9963962435722351
10732,3.750660107471049e-05
10733,0.9958321452140808
10734,1.3306719210959272e-06
10735,0.0007709963829256594
10736,0.9983880519866943
10737,0.0035445895045995712
10738,0.9189949631690979
10739,0.9999992847442627
10740,0.0005218327278271317
10741,0.001740140258334577
10742,0.9922646284103394
10743,0.9999510049819946
10744,0.9870730638504028
10745,0.0009085549972951412
10746,0.00012459252320695668
10747,8.784377132542431e-05
10748,0.00012397862155921757
10749,1.8596792870084755e-05
10750,0.9982573390007019
10751,4.447298852028325e-05
10752,0.9746339321136475
10753,0.9754772782325745
10754,1.9381322999834083e-06
10755,0.9996763467788696
10756,0.9999899864196777
10757,5.62916902708821e-05
10758,0.9995798468589783
10759,3.1966839742381126e-05
10760,1.0488181942491792e-05
10761,0.10611402988433838
10762,4.765007815876743e-06
10763,8.918521052692086e-05
10764,7.392636689473875e-06
10765,0.9996718168258667
10766,0.9930962920188904
10767,0.9999901056289673
10768,0.9999687671661377
10769,0.9996415376663208
10770,0.9999722242355347
10771,0.999997615814209
10772,0.9641847610473633
10773,0.9993687272071838
10774,2.3927092115627602e-05
10775,0.00013654174108523875
10776,0.001634404994547367
10777,0.9999761581420898
10778,8.501064598931407e-07
10779,3.878839925164357e-05
10780,2.078089210044709e-06
10781,1.0239296898362227e-05
10782,0.9998296499252319
10783,5.299759504850954e-05
10784,2.82400560536189e-06
10785,0.999984622001648
10786,5.040544692747062e-06
10787,0.999734103679657
10788,0.9999773502349854
10789,8.576080290367827e-08
10790,0.3513253927230835
10791,9.417373075848445e-05
10792,0.00041592094930820167
10793,0.00016579167277086526
10794,0.9998558759689331
10795,0.9996776580810547
10796,0.00018806441221386194
10797,7.204116172943031e-06
10798,0.9955424666404724
10799,3.6704625472339103e-07
10800,0.005108288489282131
10801,0.9979879856109619
10802,2.5694369469420053e-05
10803,0.004525844473391771
10804,0.9996901750564575
10805,0.21134671568870544
10806,0.9983007311820984
10807,4.2347004637122154e-05
10808,0.9999735355377197
10809,6.725610546709504e-06
10810,1.970813718799036e-05
10811,0.994996190071106
10812,2.711741217353847e-06
10813,8.4560779214371e-05
10814,6.95002455586291e-08
10815,0.6707403659820557
10816,0.0034333723597228527
10817,3.4892244116235815e-07
10818,4.780316521646455e-05
10819,6.3835022956482135e-06
10820,0.9998836517333984
10821,0.9953364729881287
10822,0.0001055765533237718
10823,0.0001502037630416453
10824,5.616329417534871e-06
10825,0.9999755620956421
10826,0.9999213218688965
10827,7.547648550598751e-08
10828,0.0012194488663226366
10829,0.9951469302177429
10830,0.00015424846787936985
10831,0.9920153617858887
10832,0.9997343420982361
10833,0.0001380650355713442
10834,0.0018350020982325077
10835,4.665837695938535e-05
10836,0.0492594838142395
10837,0.007728115189820528
10838,0.9999946355819702
10839,1.7639646102907136e-05
10840,0.003285400802269578
10841,3.942415389701637e-07
10842,0.0011512312339618802
10843,7.161146641010419e-05
10844,0.9998815059661865
10845,0.9988517761230469
10846,0.008220672607421875
10847,0.9999381303787231
10848,0.9999974966049194
10849,3.024190300493501e-05
10850,4.010413613286801e-05
10851,0.9999567270278931
10852,0.5532690286636353
10853,0.9999964237213135
10854,0.9999955892562866
10855,0.9988853335380554
10856,4.1694963215377356e-07
10857,0.9999921321868896
10858,0.9992557168006897
10859,0.9999761581420898
10860,0.00011595007526921108
10861,0.9936367273330688
10862,6.34018351775012e-06
10863,0.9999996423721313
10864,0.7604956030845642
10865,3.8992021700323676e-07
10866,0.9995237588882446
10867,2.344002147935953e-08
10868,7.399930382234743e-06
10869,0.9996929168701172
10870,0.05673861876130104
10871,6.356760877679335e-06
10872,0.9988692402839661
10873,2.2681367681798292e-06
10874,0.045047204941511154
10875,0.9999439716339111
10876,0.9999665021896362
10877,2.1821926566190086e-05
10878,0.0002528307377360761
10879,0.9999955892562866
10880,5.9132780734216794e-06
10881,0.9999755620956421
10882,0.9366980791091919
10883,0.9994959831237793
10884,4.3338954128557816e-05
10885,0.0006299339001998305
10886,3.1528395538771292e-06
10887,9.07536523300223e-05
10888,0.9999920129776001
10889,0.18698298931121826
10890,1.4947843737900257e-05
10891,0.012640739791095257
10892,0.9999992847442627
10893,1.035532761761715e-07
10894,4.919289858662523e-05
10895,0.9997943043708801
10896,0.9999536275863647
10897,0.9994215965270996
10898,0.9985761642456055
10899,0.9999982118606567
10900,0.9994714856147766
10901,2.343702726648189e-05
10902,0.9999887943267822
10903,0.9998307228088379
10904,0.999861478805542
10905,0.9998002648353577
10906,1.3880789083486889e-05
10907,0.9998037219047546
10908,0.0018925383919849992
10909,0.9999991655349731
10910,2.4478947580064414e-07
10911,0.9999338388442993
10912,0.9999881982803345
10913,0.0005067887832410634
10914,0.9999756813049316
10915,2.118622069247067e-05
10916,0.998108983039856
10917,0.003010279033333063
10918,0.00014208161155693233
10919,0.9997565150260925
10920,0.9993466734886169
10921,0.0026223238091915846
10922,0.00022270622139330953
10923,0.014682289212942123
10924,0.9998229146003723
10925,0.999985933303833
10926,0.9995260238647461
10927,6.45677573629655e-05
10928,1.4817327610217035e-05
10929,0.9977225661277771
10930,0.9997079968452454
10931,0.007207484450191259
10932,0.9986602067947388
10933,0.00045742778456769884
10934,5.152685480425134e-05
10935,0.9976187348365784
10936,0.999944806098938
10937,0.9999642372131348
10938,4.31105108873453e-05
10939,2.7687361580319703e-05
10940,0.9999864101409912
10941,6.693429668302997e-07
10942,0.1829291582107544
10943,0.0015600171172991395
10944,2.2848209482617676e-05
10945,0.0011513468343764544
10946,0.9999173879623413
10947,1.7446498532081023e-05
10948,0.9993708729743958
10949,1.4470253972831415e-06
10950,2.9413280344670056e-07
10951,0.9999189376831055
10952,0.9994052648544312
10953,4.944066631651367e-07
10954,0.9995951056480408
10955,0.00043549935799092054
10956,0.00010687400208553299
10957,0.9999381303787231
10958,1.4147849469736684e-06
10959,0.9970098733901978
10960,8.563003211747855e-05
10961,0.9998995065689087
10962,0.9990267753601074
10963,0.9996716976165771
10964,3.90176719520241e-05
10965,8.962872379925102e-05
10966,0.9997616410255432
10967,0.03655948117375374
10968,0.9994378685951233
10969,5.959384725429118e-05
10970,1.0582474715192802e-05
10971,0.00016763068560976535
10972,1.7790271158446558e-05
10973,0.9998155236244202
10974,0.9993894100189209
10975,1.0307167741530066e-07
10976,0.9934938549995422
10977,2.5452784029766917e-05
10978,0.022402245551347733
10979,0.999447762966156
10980,0.0001278194977203384
10981,0.9997001886367798
10982,0.9666173458099365
10983,0.9999227523803711
10984,0.9999260902404785
10985,0.9997537732124329
10986,1.5227560652419925e-06
10987,0.0008480387623421848
10988,0.00014778407057747245
10989,3.091030885116197e-05
10990,0.9984063506126404
10991,0.012135851196944714
10992,1.163903289125301e-05
10993,0.9999548196792603
10994,0.9999957084655762
10995,0.003342773299664259
10996,0.9999995231628418
10997,8.271556772854183e-09
10998,0.9999945163726807
10999,1.9575404621718917e-06
11000,0.20739150047302246
11001,0.9998873472213745
11002,0.9996683597564697
11003,0.001021511503495276
11004,8.568421435484197e-06
11005,0.9999823570251465
11006,0.9999909400939941
11007,0.5835067629814148
11008,8.071191359704244e-07
11009,0.35845327377319336
11010,0.9999055862426758
11011,0.9272372722625732
11012,0.9997910857200623
11013,0.998977541923523
11014,0.9996837377548218
11015,0.9999245405197144
11016,0.9757694602012634
11017,0.001127548748627305
11018,3.813029616139829e-05
11019,0.989571213722229
11020,0.9999871253967285
11021,0.9985396862030029
11022,8.774165394243028e-08
11023,0.9999986886978149
11024,0.9999961853027344
11025,0.0008367716800421476
11026,7.518487109337002e-05
11027,0.9902527332305908
11028,4.41478296124842e-05
11029,0.7619343996047974
11030,0.9999969005584717
11031,5.06109927300713e-07
11032,5.5802593124099076e-05
11033,0.999687671661377
11034,0.9998577833175659
11035,0.9999903440475464
11036,0.9999947547912598
11037,0.9999974966049194
11038,0.0007687781471759081
11039,2.5710221507324604e-07
11040,1.6328765923390165e-05
11041,0.9995417594909668
11042,1.4826068763795774e-06
11043,0.9999998807907104
11044,0.999451220035553
11045,0.030146650969982147
11046,0.9999881982803345
11047,0.9999704360961914
11048,0.9774966239929199
11049,0.06634488701820374
11050,0.9999915361404419
11051,0.9963357448577881
11052,1.7866360622065258e-06
11053,0.9998218417167664
11054,0.9999891519546509
11055,0.0011587627232074738
11056,2.4179065803764388e-05
11057,0.9999921321868896
11058,0.0009297307697124779
11059,3.775000095629366e-06
11060,0.052299756556749344
11061,1.331517740510435e-08
11062,0.9999966621398926
11063,0.998826801776886
11064,5.170747044758173e-06
11065,0.9998693466186523
11066,0.99998939037323
11067,6.191584361658897e-06
11068,4.065074335812824e-06
11069,0.9999555349349976
11070,0.999992847442627
11071,0.999849796295166
11072,0.01054252777248621
11073,0.0035775937139987946
11074,0.0001906785910250619
11075,1.7566771930432878e-06
11076,0.00010577960347291082
11077,1.0857226698135491e-05
11078,3.708786243805662e-05
11079,0.9988880753517151
11080,0.9993277788162231
11081,0.9999748468399048
11082,1.1477218286870539e-08
11083,0.9999377727508545
11084,0.9990084767341614
11085,0.9997772574424744
11086,1.0412680921945139e-06
11087,1.434678420508817e-08
11088,7.22406298336864e-07
11089,0.9999674558639526
11090,0.9923986792564392
11091,0.00011039116361644119
11092,0.9999150037765503
11093,0.9999938011169434
11094,0.00033466093009337783
11095,0.9998971223831177
11096,0.938727617263794
11097,0.9999184608459473
11098,1.773936560311995e-06
11099,0.02848631516098976
11100,0.9999957084655762
11101,0.9999098777770996
11102,0.008035152219235897
11103,5.440413275437095e-08
11104,0.9999995231628418
11105,0.344446063041687
11106,1.6211341062444262e-05
11107,0.9968626499176025
11108,9.27179917198373e-06
11109,1.3473436411004514e-05
11110,0.0006339557003229856
11111,0.9937208890914917
11112,0.9973031282424927
11113,0.001004386111162603
11114,0.9999983310699463
11115,0.00016529066488146782
11116,0.9990333318710327
11117,0.9994520545005798
11118,1.5909119611023925e-05
11119,2.2214815089682816e-06
11120,0.07736500352621078
11121,0.8650286197662354
11122,0.00010958754864986986
11123,0.9998735189437866
11124,5.176086688152282e-07
11125,0.999794065952301
11126,0.9999957084655762
11127,8.450533641735092e-06
11128,0.9998949766159058
11129,6.328370432129304e-07
11130,1.1213710422453005e-05
11131,4.453339897736441e-06
11132,0.9994210004806519
11133,0.9988138675689697
11134,0.9970486760139465
11135,2.1413068679976277e-05
11136,0.06970670074224472
11137,6.6247066570213065e-06
11138,0.9994603991508484
11139,0.9996845722198486
11140,0.9999902248382568
11141,0.9998844861984253
11142,2.503363248251844e-06
11143,0.9999150037765503
11144,4.727569466922432e-05
11145,0.9999098777770996
11146,0.9999982118606567
11147,0.9997759461402893
11148,0.9998407363891602
11149,0.999479353427887
11150,1.1388992504635098e-07
11151,0.9999257326126099
11152,0.9999632835388184
11153,0.9999161958694458
11154,0.9999887943267822
11155,0.99994957447052
11156,0.0002510943741071969
11157,0.999916672706604
11158,2.1443313016789034e-05
11159,0.99998939037323
11160,2.6103173240699107e-06
11161,0.522279679775238
11162,3.3826756862254115e-07
11163,0.018789730966091156
11164,0.9999992847442627
11165,0.9996767044067383
11166,6.327783012238797e-06
11167,0.00021360302343964577
11168,8.453425107290968e-05
11169,0.9999985694885254
11170,0.9999592304229736
11171,6.186154678289313e-06
11172,0.00012199647608213127
11173,0.9954195022583008
11174,0.9992226362228394
11175,0.9999443292617798
11176,0.9970383644104004
11177,8.17538020783104e-05
11178,0.9999592304229736
11179,8.799386250757379e-07
11180,0.9811618328094482
11181,0.9991185069084167
11182,0.9999840259552002
11183,1.1201066627108958e-05
11184,1.1712176274158992e-05
11185,0.00022664174321107566
11186,0.0031490253750234842
11187,7.547019049525261e-05
11188,0.9999575614929199
11189,0.9996808767318726
11190,4.811791768588591e-06
11191,0.9874390959739685
11192,6.195234891492873e-05
11193,0.9880940318107605
11194,0.9998400211334229
11195,0.9997034668922424
11196,8.388493597522029e-07
11197,2.8173370083095506e-05
11198,0.0009960585739463568
11199,1.5968491425155662e-05
11200,0.00035989820025861263
11201,0.9994183778762817
11202,0.9968518614768982
11203,3.322412283068843e-07
11204,0.9996610879898071
11205,0.9999181032180786
11206,1.1865355986628856e-07
11207,4.065458142576972e-06
11208,0.9998716115951538
11209,4.87811048515141e-05
11210,0.9996204376220703
11211,0.8055722117424011
11212,0.9926365613937378
11213,0.9996521472930908
11214,1.407763420502306e-06
11215,2.1754333374701673e-06
11216,9.251466508430894e-06
11217,0.9977965354919434
11218,0.9887871146202087
11219,1.0424773790873587e-06
11220,0.06254472583532333
11221,0.002275503473356366
11222,0.9998077750205994
11223,0.0011715273139998317
11224,0.9997254014015198
11225,6.7213200338756e-08
11226,1.1129024642286822e-05
11227,0.9995980858802795
11228,0.05714569240808487
11229,0.9998999834060669
11230,0.9997321963310242
11231,0.9810798168182373
11232,0.9951004385948181
11233,5.24644237884786e-05
11234,4.739812993648229e-06
11235,0.9999634027481079
11236,6.955871413083514e-06
11237,0.9992830157279968
11238,0.9999974966049194
11239,0.997765064239502
11240,0.026277270168066025
11241,0.999078631401062
11242,0.9999681711196899
11243,2.169224444514839e-06
11244,0.9980325102806091
11245,3.816151001956314e-05
11246,0.22329525649547577
11247,0.9999940395355225
11248,0.9999911785125732
11249,0.9996098875999451
11250,0.9993079900741577
11251,0.9997655749320984
11252,1.5673816960770637e-05
11253,0.9999986886978149
11254,0.9999854564666748
11255,0.9994786381721497
11256,1.3323709936230443e-05
11257,0.0001048608755809255
11258,0.9998906850814819
11259,1.1202524774489575e-07
11260,1.7437397445974057e-06
11261,0.9999057054519653
11262,0.9965323209762573
11263,4.140962239773671e-09
11264,1.795508069335483e-06
11265,0.9999874830245972
11266,6.941068568266928e-05
11267,0.0018911527004092932
11268,0.993327260017395
11269,0.9999996423721313
11270,0.00044904783135280013
11271,4.6803859277133597e-07
11272,0.9999158382415771
11273,0.999371349811554
11274,0.9998550415039062
11275,8.029209857340902e-05
11276,3.872789420711342e-06
11277,0.9999613761901855
11278,0.9985179305076599
11279,0.9999773502349854
11280,0.6989316940307617
11281,0.9999990463256836
11282,0.9999929666519165
11283,0.9994961023330688
11284,0.9996402263641357
11285,1.986610186577309e-06
11286,0.9999943971633911
11287,8.43013640405843e-06
11288,2.790969574562041e-06
11289,4.0937928133644164e-05
11290,0.9986594915390015
11291,8.24247194941563e-08
11292,0.9999240636825562
11293,0.9999994039535522
11294,0.9624793529510498
11295,2.1756460455435445e-07
11296,0.9999889135360718
11297,0.999947190284729
11298,3.2045983971329406e-05
11299,0.0007989229634404182
11300,0.9999964237213135
11301,2.8378550268826075e-05
11302,0.9988370537757874
11303,0.9978251457214355
11304,0.993435263633728
11305,0.9993293285369873
11306,0.9996211528778076
11307,0.9948222637176514
11308,0.999643087387085
11309,0.9987704157829285
11310,0.9997351765632629
11311,0.9997362494468689
11312,0.9997536540031433
11313,8.24160721890621e-08
11314,0.9995796084403992
11315,0.00029441516380757093
11316,0.999967098236084
11317,9.982488791138167e-08
11318,5.2902182687830646e-06
11319,0.9980863332748413
11320,0.9999969005584717
11321,0.9999874830245972
11322,0.9972649812698364
11323,3.3901335427799495e-06
11324,5.657141809933819e-05
11325,3.2576026569586247e-06
11326,0.9999408721923828
11327,0.9960972666740417
11328,2.9784462185489247e-06
11329,0.9965793490409851
11330,0.00015797853120602667
11331,0.9984629154205322
11332,0.9999932050704956
11333,0.9365000128746033
11334,0.12116497755050659
11335,0.9992460012435913
11336,0.00041057757334783673
11337,0.9924213290214539
11338,0.007142018061131239
11339,0.9994661211967468
11340,0.9999046325683594
11341,0.999832034111023
11342,4.287656702217646e-05
11343,0.9998897314071655
11344,0.9997686743736267
11345,2.644267169671366e-07
11346,0.9999607801437378
11347,0.9999901056289673
11348,0.994355320930481
11349,0.9977432489395142
11350,0.0006779826944693923
11351,0.0001506452535977587
11352,0.9998855590820312
11353,2.1311676334789809e-07
11354,0.0006240683724172413
11355,0.00024208160175476223
11356,0.9997934699058533
11357,0.9997430443763733
11358,0.9998420476913452
11359,8.395616168854758e-05
11360,0.9998831748962402
11361,6.070070594432764e-05
11362,5.375339969759807e-05
11363,0.9999837875366211
11364,2.3240195332618896e-06
11365,1.404785052727675e-05
11366,0.9999998807907104
11367,6.172077701194212e-05
11368,0.21433089673519135
11369,1.2550111023301724e-05
11370,0.9996997117996216
11371,0.9999403953552246
11372,1.004369551083073e-05
11373,1.1540348623384489e-06
11374,5.83518691144036e-08
11375,0.0009701326489448547
11376,7.734124665148556e-07
11377,2.844249138433952e-05
11378,0.9981313347816467
11379,0.9993807077407837
11380,0.992508590221405
11381,0.0012916931882500648
11382,0.9981111288070679
11383,0.999970555305481
11384,0.0007800433086231351
11385,0.9998854398727417
11386,0.9968401193618774
11387,0.9999419450759888
11388,5.977900582365692e-05
11389,2.3944186978042126e-05
11390,7.955431101436261e-06
11391,0.999829888343811
11392,0.00026389065897092223
11393,1.1240837949344495e-07
11394,0.9999942779541016
11395,0.9970715045928955
11396,2.5792592168727424e-06
11397,6.0037978073523846e-06
11398,0.9998869895935059
11399,0.9999831914901733
11400,0.9998853206634521
11401,1.4684965208289213e-05
11402,0.9998679161071777
11403,0.004435350187122822
11404,0.00015521218301728368
11405,8.452788460999727e-05
11406,0.999840497970581
11407,2.666166801645886e-05
11408,0.9991034865379333
11409,0.030609799548983574
11410,4.887649538432015e-06
11411,0.9999560117721558
11412,0.9999951124191284
11413,1.6067288015619852e-06
11414,1.8296908820047975e-05
11415,0.0077993255108594894
11416,0.9999505281448364
11417,0.9999808073043823
11418,0.07356815040111542
11419,0.9991123080253601
11420,0.9999953508377075
11421,0.00529172969982028
11422,0.9999963045120239
11423,0.991940438747406
11424,0.002064561238512397
11425,0.9929855465888977
11426,0.9998713731765747
11427,0.9999654293060303
11428,0.9999918937683105
11429,0.9999560117721558
11430,0.99852055311203
11431,2.0005352041607694e-07
11432,1.9794633772107773e-06
11433,0.0004124034021515399
11434,4.926613996758533e-07
11435,0.9999417066574097
11436,0.9440031051635742
11437,0.9989989399909973
11438,0.9999624490737915
11439,0.9994217157363892
11440,3.5267105431557866e-06
11441,0.9981158971786499
11442,0.9998935461044312
11443,0.9999997615814209
11444,1.993595651583746e-05
11445,0.9999935626983643
11446,3.460430889390409e-05
11447,8.962274478108156e-06
11448,0.9998692274093628
11449,0.9993636012077332
11450,3.424209717195481e-05
11451,0.9935420751571655
11452,0.9639690518379211
11453,0.9896020293235779
11454,0.9927369952201843
11455,0.00021154581918381155
11456,0.014105566777288914
11457,1.0182254754909081e-06
11458,0.9986936450004578
11459,0.9999983310699463
11460,0.00010317116539226845
11461,0.9999692440032959
11462,0.002444230718538165
11463,3.5477690119023464e-08
11464,0.9994402527809143
11465,1.4196019947121385e-05
11466,1.2850419807364233e-05
11467,5.381555820349604e-05
11468,0.9898899793624878
11469,0.9999767541885376
11470,0.999985933303833
11471,0.30357515811920166
11472,0.9999949932098389
11473,0.9999943971633911
11474,3.5020029827137478e-06
11475,3.5604460890681366e-07
11476,0.011865498498082161
11477,0.00037199154030531645
11478,0.9999958276748657
11479,0.025630896911025047
11480,1.315422650804976e-05
11481,0.004460053518414497
11482,0.999961256980896
11483,0.9999188184738159
11484,0.00015310490562114865
11485,2.0672037862823345e-05
11486,0.9999442100524902
11487,0.999815046787262
11488,0.9999998807907104
11489,8.892902769730426e-07
11490,0.9998952150344849
11491,4.484159035200719e-07
11492,1.236958269146271e-05
11493,4.548987817543093e-07
11494,0.9852113723754883
11495,4.378552603157004e-06
11496,0.9996355772018433
11497,0.9997678399085999
11498,6.2724830058868974e-06
11499,0.001997520448639989
11500,0.0016259095864370465
11501,0.0016380746383219957
11502,0.9879361391067505
11503,0.9935280680656433
11504,0.00018146341608371586
11505,0.0004292098747100681
11506,0.9999780654907227
11507,0.9980905652046204
11508,7.715287938481197e-05
11509,0.0007551457965746522
11510,0.999480664730072
11511,0.0002262725174659863
11512,0.9997031092643738
11513,0.9991005659103394
11514,0.9878398776054382
11515,0.9999222755432129
11516,0.999947190284729
11517,0.0028735019732266665
11518,2.2770162104279734e-05
11519,0.9985644221305847
11520,0.9998728036880493
11521,0.9908389449119568
11522,0.9929888844490051
11523,1.0229518011328764e-05
11524,0.0009545115754008293
11525,4.507492121774703e-07
11526,0.999891996383667
11527,0.9999884366989136
11528,2.305362386323395e-06
11529,3.3978662941080984e-06
11530,0.9999985694885254
11531,7.49342143535614e-05
11532,0.20175530016422272
11533,0.999779999256134
11534,0.0008540358394384384
11535,0.9999597072601318
11536,0.9824275374412537
11537,0.07796163111925125
11538,9.33584597078152e-05
11539,0.9999828338623047
11540,0.0008829015423543751
11541,0.9999853372573853
11542,0.999756395816803
11543,1.0720007992404135e-07
11544,4.298366548027843e-05
11545,7.720514986431226e-06
11546,4.919402636005543e-05
11547,2.6879766664933413e-05
11548,0.9999982118606567
11549,4.328649367835169e-07
11550,0.9999969005584717
11551,5.147161118657095e-06
11552,0.9999885559082031
11553,0.9982702732086182
11554,0.9992231130599976
11555,0.9999843835830688
11556,3.51000352338815e-07
11557,9.559589670971036e-07
11558,0.22890163958072662
11559,0.044117528945207596
11560,1.2696241356024984e-05
11561,0.9957795143127441
11562,0.9990641474723816
11563,6.543675681314198e-06
11564,9.629334272176493e-06
11565,2.8908238164149225e-05
11566,2.2717692900187103e-06
11567,0.9998313188552856
11568,0.02161182276904583
11569,0.9927688837051392
11570,6.078452088331687e-07
11571,0.9998592138290405
11572,3.396749889361672e-05
11573,1.041655195876956e-05
11574,0.0005022900295443833
11575,0.9992799162864685
11576,0.9999895095825195
11577,8.914063073461875e-06
11578,0.00016448035603389144
11579,0.9994082450866699
11580,0.9957424998283386
11581,0.0004777498252224177
11582,7.20967136658146e-07
11583,1.922622416827835e-08
11584,0.9999961853027344
11585,0.9999765157699585
11586,0.9998576641082764
11587,3.2505952276551398e-06
11588,6.278524722347356e-08
11589,0.9994391798973083
11590,6.126642983872443e-05
11591,0.00023088924353942275
11592,3.7164372770348564e-05
11593,0.9999905824661255
11594,4.715484465123154e-05
11595,2.1773739717900753e-06
11596,3.3546243685123045e-06
11597,7.672015635762364e-05
11598,0.9999576807022095
11599,7.713178007406896e-08
11600,0.9423617124557495
11601,0.9998005032539368
11602,0.9657324552536011
11603,0.9997363686561584
11604,0.9999675750732422
11605,0.9533692002296448
11606,3.5504098150340724e-07
11607,1.495058995715226e-06
11608,5.263144339551218e-05
11609,0.0003606435202527791
11610,0.31760597229003906
11611,1.1677518614305882e-06
11612,4.891815842711367e-05
11613,0.9987381100654602
11614,2.5007739168358967e-07
11615,7.683691478632682e-07
11616,8.237144299982901e-08
11617,0.9999573230743408
11618,1.0748578461061697e-05
11619,0.00016377064457628876
11620,1.4035183085070457e-05
11621,0.00029436295153573155
11622,4.3522372834559064e-06
11623,0.9999938011169434
11624,0.4853563606739044
11625,0.9999532699584961
11626,0.9999809265136719
11627,0.999911904335022
11628,0.9995236396789551
11629,0.9884982705116272
11630,0.9996391534805298
11631,0.0002072128263534978
11632,2.416565621388145e-06
11633,0.002113000024110079
11634,6.877424425510981e-07
11635,0.9997292160987854
11636,0.0003214864991605282
11637,0.0002491467457730323
11638,5.843857252330054e-06
11639,1.752290154399816e-05
11640,0.9998674392700195
11641,4.5860356294724625e-06
11642,0.9996929168701172
11643,0.9980440139770508
11644,1.0283608389727306e-05
11645,0.9998725652694702
11646,0.999785840511322
11647,0.9997629523277283
11648,0.9996345043182373
11649,0.9978207349777222
11650,0.9999010562896729
11651,0.9998440742492676
11652,3.2462085073348135e-05
11653,4.63448623122531e-06
11654,0.9999512434005737
11655,0.9999884366989136
11656,0.9999932050704956
11657,0.0020663037430495024
11658,0.0005623648758046329
11659,1.196059110952774e-05
11660,0.9950996041297913
11661,3.5883169857697794e-06
11662,0.00021525152260437608
11663,0.9999616146087646
11664,1.4144141459837556e-05
11665,0.999998927116394
11666,1.5327773326134775e-06
11667,5.152292942511849e-06
11668,3.447049039095873e-06
11669,0.9999886751174927
11670,0.999863862991333
11671,0.9999864101409912
11672,0.0022131274454295635
11673,0.9992521405220032
11674,0.7154746055603027
11675,0.00027095331461168826
11676,3.1946757417244953e-07
11677,0.9999207258224487
11678,0.016993766650557518
11679,1.0228327482764143e-05
11680,0.00687724445015192
11681,0.9999550580978394
11682,1.8277581830261624e-06
11683,0.9966800212860107
11684,1.4109492440184113e-05
11685,0.0016055897576734424
11686,0.9891267418861389
11687,6.012851940795372e-07
11688,0.9991573095321655
11689,0.00010945920075755566
11690,0.9998863935470581
11691,0.0001014877634588629
11692,1.272660847462248e-05
11693,2.685378785827197e-05
11694,0.9694627523422241
11695,1.5097075447556563e-06
11696,0.9999563694000244
11697,0.9999854564666748
11698,0.00013833439152222127
11699,0.9998949766159058
11700,1.2450112052420081e-08
11701,0.00019603698456194252
11702,3.0427315778069897e-07
11703,2.3277905256691156e-06
11704,2.4864202714525163e-06
11705,0.9999996423721313
11706,0.9999954700469971
11707,0.9897991418838501
11708,3.110841007014642e-08
11709,0.9995076656341553
11710,0.04198050871491432
11711,0.15295036137104034
11712,0.00010095862671732903
11713,0.9996541738510132
11714,0.01763063296675682
11715,0.9999336004257202
11716,0.9902932643890381
11717,0.9497749209403992
11718,0.9999724626541138
11719,1.8501939393900102e-06
11720,0.9997519850730896
11721,2.6912536199574788e-08
11722,0.00035313412081450224
11723,0.999983549118042
11724,1.2578860832945793e-06
11725,0.9994804263114929
11726,2.8019574529025704e-05
11727,0.00018929550424218178
11728,0.00023563449212815613
11729,0.9971967935562134
11730,0.0047490294091403484
11731,0.9999302625656128
11732,0.9999346733093262
11733,0.9999262094497681
11734,0.18333573639392853
11735,0.999600350856781
11736,0.00013225669681560248
11737,0.004641967359930277
11738,0.004002746660262346
11739,0.01668446883559227
11740,0.9999550580978394
11741,0.003699040738865733
11742,1.3497022337105591e-05
11743,3.584348462482012e-08
11744,0.7045260071754456
11745,0.0004970800946466625
11746,3.313677734695375e-05
11747,0.0003579689946491271
11748,4.113971590413712e-05
11749,0.9999568462371826
11750,7.653045031474903e-06
11751,7.813703177816933e-07
11752,0.9999885559082031
11753,0.9999608993530273
11754,1.0022376955021173e-06
11755,0.0001265463506570086
11756,0.9392897486686707
11757,0.9996659755706787
11758,0.9999692440032959
11759,0.9999911785125732
11760,0.9985644221305847
11761,0.9998315572738647
11762,0.9999637603759766
11763,0.9999544620513916
11764,0.9999983310699463
11765,0.999984860420227
11766,0.9999998807907104
11767,0.999972939491272
11768,0.0031040306203067303
11769,9.483672329224646e-06
11770,0.9999995231628418
11771,0.00010236425441689789
11772,0.010187601670622826
11773,0.9999892711639404
11774,0.23704753816127777
11775,0.9994826316833496
11776,0.9981156587600708
11777,0.00024255731841549277
11778,0.9999231100082397
11779,3.872789420711342e-06
11780,0.9999872446060181
11781,0.9999969005584717
11782,0.9985389709472656
11783,4.833043476537568e-07
11784,0.016255447641015053
11785,0.9999556541442871
11786,4.308946881792508e-05
11787,0.9978364109992981
11788,9.479423169977963e-05
11789,0.9999170303344727
11790,0.9899399876594543
11791,0.9999929666519165
11792,0.9999957084655762
11793,0.0006349981413222849
11794,9.661381227488164e-06
11795,0.9986746311187744
11796,2.652118347157284e-08
11797,0.989189863204956
11798,5.39863649464678e-05
11799,0.9910191893577576
11800,0.0004432133864611387
11801,0.9999533891677856
11802,0.9999642372131348
11803,0.0016812258400022984
11804,0.9999396800994873
11805,0.9657614827156067
11806,0.9999572038650513
11807,7.307648957066704e-07
11808,0.36875829100608826
11809,0.9999886751174927
11810,0.9999076128005981
11811,1.2174027688161004e-05
11812,0.9988560676574707
11813,6.1937103055242915e-06
11814,0.9995751976966858
11815,0.9977079629898071
11816,0.999976396560669
11817,1.81620691819262e-06
11818,0.1777224838733673
11819,2.835375312315591e-07
11820,0.0027616301085799932
11821,0.9999387264251709
11822,0.9999078512191772
11823,0.9999493360519409
11824,0.004071299452334642
11825,0.9998434782028198
11826,0.0016815171111375093
11827,0.9999891519546509
11828,0.9997972846031189
11829,0.9999784231185913
11830,1.4227911378839053e-05
11831,0.9999963045120239
11832,0.9866160154342651
11833,0.9997491240501404
11834,9.916690260070027e-07
11835,0.9991536140441895
11836,0.9997237324714661
11837,0.0011456807842478156
11838,0.9999535083770752
11839,0.9999995231628418
11840,0.9995172023773193
11841,0.9999985694885254
11842,0.0003458599967416376
11843,0.99974125623703
11844,0.9966158270835876
11845,3.998014653916471e-05
11846,0.9913444519042969
11847,0.03747670724987984
11848,1.2775900586348143e-06
11849,0.9999806880950928
11850,0.9998674392700195
11851,0.07502200454473495
11852,0.9994409680366516
11853,4.29249621447525e-06
11854,5.072319027021877e-07
11855,0.9999969005584717
11856,0.2561061680316925
11857,1.3791675428365124e-06
11858,1.2965021596755832e-05
11859,0.0009305519051849842
11860,3.894203473464586e-06
11861,0.999777615070343
11862,0.9999996423721313
11863,0.9999308586120605
11864,0.00031174023752100766
11865,3.592576604205533e-06
11866,0.7027552127838135
11867,0.9999167919158936
11868,4.360666935099289e-06
11869,0.999993085861206
11870,0.997595489025116
11871,0.9908297061920166
11872,5.88770831200236e-07
11873,0.0020862044766545296
11874,0.9999853372573853
11875,0.0005876594805158675
11876,1.9460559997241944e-05
11877,0.999998927116394
11878,0.9995535016059875
11879,0.9999469518661499
11880,0.00015830062329769135
11881,0.07303204387426376
11882,0.9999054670333862
11883,0.9999926090240479
11884,1.3727424629905727e-05
11885,4.860169866560682e-08
11886,0.9979780316352844
11887,0.0007278426201082766
11888,8.750191773287952e-05
11889,0.00010657948587322608
11890,4.159660875302507e-06
11891,8.176908750101575e-08
11892,0.9993209838867188
11893,0.013335928320884705
11894,0.9998600482940674
11895,0.9996545314788818
11896,0.002044614404439926
11897,0.9999983310699463
11898,0.04460495337843895
11899,9.739292750055029e-08
11900,1.069811150955502e-05
11901,0.7792054414749146
11902,0.9999735355377197
11903,6.770844862558079e-08
11904,0.9999990463256836
11905,5.4317486501531675e-05
11906,0.9999589920043945
11907,0.999842643737793
11908,3.107072916463949e-05
11909,9.502906550551415e-07
11910,0.991435706615448
11911,0.0007498242775909603
11912,0.999984622001648
11913,0.0038479722570627928
11914,0.0007785959169268608
11915,0.9999607801437378
11916,2.9621627618325874e-05
11917,0.9948529601097107
11918,0.9999668598175049
11919,5.7178613843689163e-08
11920,0.9999829530715942
11921,0.9999819993972778
11922,0.9999792575836182
11923,0.9998792409896851
11924,5.551664230551978e-07
11925,0.00022315661772154272
11926,0.9999229907989502
11927,0.9999942779541016
11928,0.9839637875556946
11929,0.9997063279151917
11930,0.0016766070621088147
11931,2.4411403501289897e-05
11932,0.9999836683273315
11933,5.295161713547714e-07
11934,0.9993308782577515
11935,0.9999321699142456
11936,5.276793672237545e-05
11937,1.419164618710056e-06
11938,0.9992603659629822
11939,1.1827235539385583e-05
11940,0.9992139339447021
11941,0.9999822378158569
11942,2.570198603280005e-06
11943,1.626236189622432e-05
11944,0.9999853372573853
11945,0.0009435823885723948
11946,0.999996542930603
11947,1.7636635902817943e-06
11948,7.761428605590481e-06
11949,2.3600232452736236e-06
11950,1.5787309166626073e-06
11951,0.9849879145622253
11952,0.9999356269836426
11953,0.9999949932098389
11954,0.9999788999557495
11955,0.9999593496322632
11956,0.9957234859466553
11957,0.9700133800506592
11958,0.9993833303451538
11959,6.409470643120585e-06
11960,0.9999572038650513
11961,0.9967527985572815
11962,4.084652027813718e-05
11963,0.9990764856338501
11964,0.9998800754547119
11965,0.14704878628253937
11966,1.1990582606813405e-05
11967,0.9962093830108643
11968,6.560362089658156e-05
11969,0.9999102354049683
11970,0.9990127086639404
11971,2.7756863346439786e-05
11972,0.9984177350997925
11973,0.00760981859639287
11974,1.715281996439444e-06
11975,0.9941838383674622
11976,3.1213455713441363e-06
11977,0.9999943971633911
11978,0.996296226978302
11979,0.9991574287414551
11980,0.999893069267273
11981,5.669525489793159e-05
11982,0.9978154897689819
11983,0.04413276165723801
11984,0.9999874830245972
11985,0.9988823533058167
11986,0.9998075366020203
11987,0.9915287494659424
11988,5.8016088587464765e-05
11989,0.06466339528560638
11990,0.9999986886978149
11991,1.1374464925495431e-08
11992,1.1643489870039048e-06
11993,8.961556886788458e-06
11994,2.1238727185846074e-06
11995,0.0002903473796322942
11996,0.04363066330552101
11997,0.9998799562454224
11998,0.9999171495437622
11999,0.9999834299087524
12000,0.0003747938317246735
12001,0.9999467134475708
12002,8.530512332072249e-07
12003,0.24411359429359436
12004,0.0021821516565978527
12005,0.9999974966049194
12006,0.9999386072158813
12007,0.021932685747742653
12008,3.103404253579356e-07
12009,0.9999850988388062
12010,0.9998842477798462
12011,0.9999934434890747
12012,0.9994315505027771
12013,0.9997616410255432
12014,0.9999871253967285
12015,0.9998780488967896
12016,1.6721838619560003e-05
12017,0.9998959302902222
12018,5.131237776367925e-05
12019,9.005502943182364e-05
12020,0.013876138255000114
12021,0.9999148845672607
12022,0.99991774559021
12023,0.9991452693939209
12024,0.9998496770858765
12025,4.044606612296775e-06
12026,0.9040240049362183
12027,1.859413350757677e-05
12028,0.999512791633606
12029,8.973297371994704e-05
12030,0.06041817367076874
12031,0.0015042488230392337
12032,0.00016991031588986516
12033,0.9999871253967285
12034,6.410259811673313e-05
12035,0.9958851933479309
12036,0.01022702269256115
12037,0.9978179931640625
12038,0.9999691247940063
12039,0.99969482421875
12040,0.9995265007019043
12041,0.9625167846679688
12042,1.7618395986573887e-06
12043,0.0007643509889021516
12044,3.0147110010148026e-05
12045,0.11207641661167145
12046,0.9992358684539795
12047,7.351012027356774e-05
12048,0.9997239708900452
12049,4.130838533455972e-06
12050,6.697856406390201e-06
12051,0.9983609318733215
12052,0.9997910857200623
12053,0.024576911702752113
12054,0.9992402791976929
12055,0.9946422576904297
12056,0.9972661733627319
12057,0.9999966621398926
12058,1.5681906006648205e-05
12059,0.0025264013092964888
12060,0.951939582824707
12061,0.9999767541885376
12062,0.9999914169311523
12063,1.1930934533666004e-06
12064,0.999998927116394
12065,4.2906794988084584e-05
12066,0.0008269105455838144
12067,0.00030631813569925725
12068,1.4246877526602475e-06
12069,8.015297936481147e-08
12070,2.1514826187285507e-07
12071,0.0036627149675041437
12072,4.536407141131349e-05
12073,0.9999008178710938
12074,0.9999271631240845
12075,0.9999673366546631
12076,0.9910650849342346
12077,5.336610797712638e-07
12078,0.00028231737087480724
12079,0.9964041709899902
12080,0.9998612403869629
12081,0.0001748955255607143
12082,0.9878237247467041
12083,3.573072717699688e-07
12084,5.7921508414437994e-05
12085,9.906171908369288e-05
12086,0.9995957016944885
12087,0.9998394250869751
12088,0.9974330067634583
12089,0.052156977355480194
12090,0.9999818801879883
12091,0.00867482926696539
12092,0.9998101592063904
12093,5.1407200771791395e-06
12094,0.9999877214431763
12095,0.9948239326477051
12096,0.9992234706878662
12097,0.0019749938510358334
12098,0.9999978542327881
12099,0.2206173539161682
12100,0.12120296061038971
12101,1.353148491034517e-05
12102,0.0005540429847314954
12103,5.310664619173622e-06
12104,4.901168722426519e-05
12105,0.00021801349066663533
12106,2.5028427899087546e-06
12107,0.9992896318435669
12108,0.9952492713928223
12109,0.9999731779098511
12110,1.6663034330122173e-05
12111,0.9999440908432007
12112,0.9991722106933594
12113,0.9999595880508423
12114,0.9999368190765381
12115,3.700732349898317e-06
12116,4.561904916045023e-06
12117,0.9933366775512695
12118,5.139655968378065e-06
12119,0.000168142476468347
12120,0.9998992681503296
12121,0.0007807710207998753
12122,0.9998185038566589
12123,3.245363404857926e-05
12124,1.238037020812044e-05
12125,0.0740840807557106
12126,0.9991644620895386
12127,1.54979970830027e-05
12128,4.2458996176719666e-06
12129,1.5393444527944666e-06
12130,0.003166960319504142
12131,0.9995608925819397
12132,0.9393613934516907
12133,0.9978598952293396
12134,0.6993621587753296
12135,0.1667185127735138
12136,2.7074103854829445e-05
12137,7.383708725683391e-05
12138,4.129292574361898e-05
12139,0.9999246597290039
12140,0.0032904448453336954
12141,0.7753819823265076
12142,1.2632388290967356e-07
12143,0.6169723868370056
12144,0.000621356419287622
12145,0.9999971389770508
12146,0.9998835325241089
12147,0.9929314851760864
12148,4.514100965025136e-06
12149,0.9999808073043823
12150,0.9794029593467712
12151,3.92644636804107e-07
12152,1.7955045450435136e-06
12153,0.9999634027481079
12154,3.4368669730611145e-05
12155,0.9775670170783997
12156,0.9999923706054688
12157,0.9999697208404541
12158,0.9999853372573853
12159,0.020185794681310654
12160,0.9994086027145386
12161,6.576896339538507e-06
12162,0.001819227822124958
12163,0.9999676942825317
12164,2.338673766644206e-06
12165,0.9995406866073608
12166,0.0005065813311375678
12167,0.9999948740005493
12168,0.002110109431669116
12169,0.0001592279877513647
12170,0.9963724613189697
12171,1.5764660929562524e-05
12172,0.9999693632125854
12173,6.171630957396701e-05
12174,0.9999556541442871
12175,0.9996172189712524
12176,6.705596206302289e-06
12177,0.9999241828918457
12178,0.9991673231124878
12179,0.9999977350234985
12180,0.9999980926513672
12181,1.5642401649529347e-06
12182,0.9965667724609375
12183,0.966494619846344
12184,0.9996944665908813
12185,0.9997190833091736
12186,0.9994169473648071
12187,4.3364587327232584e-05
12188,0.9999995231628418
12189,0.5806935429573059
12190,0.35339123010635376
12191,0.9999969005584717
12192,0.9991857409477234
12193,0.0016331193037331104
12194,1.9154890651407186e-07
12195,2.9587974495370872e-05
12196,0.9926139116287231
12197,5.9483132645254955e-05
12198,1.2569491047997872e-07
12199,0.9999922513961792
12200,0.999915361404419
12201,0.023250337690114975
12202,0.005483041051775217
12203,7.645934965694323e-05
12204,7.782721240801038e-07
12205,0.01806410402059555
12206,0.9998487234115601
12207,0.9991231560707092
12208,0.9999213218688965
12209,3.8031808799132705e-05
12210,0.00046232386375777423
12211,7.756232207611902e-07
12212,3.6333622777107166e-09
12213,0.9995198249816895
12214,1.521951980976155e-05
12215,3.048493226742721e-06
12216,3.553584610926919e-05
12217,2.437791636111797e-06
12218,2.38296743191313e-05
12219,0.9998645782470703
12220,3.958346951549174e-06
12221,2.9392438483100136e-10
12222,0.9999701976776123
12223,0.00041898671770468354
12224,1.0959099199681077e-05
12225,0.35950493812561035
12226,0.9999943971633911
12227,1.4757257531528012e-06
12228,0.999792754650116
12229,0.9981192946434021
12230,0.999840497970581
12231,4.6596406377830135e-07
12232,0.9994066953659058
12233,0.9990200996398926
12234,0.9759265780448914
12235,0.9998806715011597
12236,9.09176560526248e-06
12237,0.9994161128997803
12238,0.9999933242797852
12239,0.022502999752759933
12240,4.2933029362757225e-06
12241,0.00025281193666160107
12242,4.405251843309088e-07
12243,2.7414621399657335e-06
12244,0.0005079971742816269
12245,0.00020126134040765464
12246,0.9998531341552734
12247,0.3916695713996887
12248,0.9999219179153442
12249,0.9998754262924194
12250,0.00020430851145647466
12251,0.0010633750353008509
12252,1.5014577911642846e-05
12253,0.9877945184707642
12254,0.9999936819076538
12255,0.035612259060144424
12256,0.999998927116394
12257,5.10804275108967e-05
12258,0.008561774156987667
12259,0.9999154806137085
12260,0.9679034352302551
12261,1.2739710655296221e-05
12262,0.9998759031295776
12263,0.9999699592590332
12264,0.9947799444198608
12265,1.7566437236382626e-05
12266,0.9923471212387085
12267,0.7800817489624023
12268,0.9999936819076538
12269,0.999016523361206
12270,0.932770848274231
12271,0.5049304962158203
12272,3.285327693447471e-05
12273,0.9973134398460388
12274,0.8903861045837402
12275,0.9999485015869141
12276,1.6223355032707332e-06
12277,0.9775323867797852
12278,0.9999723434448242
12279,0.9998788833618164
12280,1.2904529285151511e-05
12281,0.9994230270385742
12282,0.999990701675415
12283,2.862710744011565e-06
12284,0.9999562501907349
12285,1.9827712094411254e-05
12286,4.829647650694824e-07
12287,0.9999994039535522
12288,0.04492190480232239
12289,0.711345374584198
12290,0.9999960660934448
12291,0.9999988079071045
12292,0.9998161196708679
12293,0.9997392296791077
12294,0.9999061822891235
12295,1.9455362689768663e-06
12296,2.6683337637223303e-05
12297,0.0008004503906704485
12298,0.9998772144317627
12299,9.474957550992258e-06
12300,0.9860649108886719
12301,1.486310975451488e-05
12302,2.793137355183717e-05
12303,0.999396800994873
12304,0.999984860420227
12305,0.9242153167724609
12306,0.0004885558737441897
12307,0.9994921684265137
12308,1.4761845932298456e-06
12309,6.169694825075567e-05
12310,4.771189924213104e-05
12311,0.9997325539588928
12312,1.7662523532635532e-06
12313,0.999993085861206
12314,0.9999675750732422
12315,0.9999668598175049
12316,0.9999781847000122
12317,0.002549573313444853
12318,0.9999886751174927
12319,2.660009386090678e-06
12320,0.9999938011169434
12321,0.9999548196792603
12322,0.9978273510932922
12323,0.9999796152114868
12324,0.6159844994544983
12325,0.00014607037883251905
12326,7.864003418944776e-05
12327,1.8291902961209416e-05
12328,0.9999544620513916
12329,0.995928943157196
12330,0.9925509691238403
12331,0.00012694421457126737
12332,0.9999421834945679
12333,0.9999474287033081
12334,1.4802921214140952e-05
12335,0.0004193235654383898
12336,0.003969595301896334
12337,0.9983600974082947
12338,0.00020756974117830396
12339,3.3018460499079083e-07
12340,0.0001513700990471989
12341,0.999933123588562
12342,0.9999903440475464
12343,7.958147762110457e-06
12344,0.0006927759968675673
12345,0.0002716115559451282
12346,0.002701702993363142
12347,0.008809322491288185
12348,0.9998706579208374
12349,1.2068580872437451e-05
12350,0.999586284160614
12351,1.9918952602893114e-06
12352,0.9983406066894531
12353,0.0006542609189637005
12354,0.9987327456474304
12355,2.8605907687051513e-07
12356,0.0003255543706472963
12357,0.9999527931213379
12358,3.9640330214751884e-05
12359,0.9992295503616333
12360,0.999896764755249
12361,0.9999980926513672
12362,0.9999130964279175
12363,2.8176461910334183e-06
12364,0.9999719858169556
12365,0.9999788999557495
12366,0.9999980926513672
12367,0.9999948740005493
12368,1.1076273949583992e-05
12369,0.9999868869781494
12370,0.09953327476978302
12371,0.9999260902404785
12372,0.00358459516428411
12373,2.0450646331937605e-07
12374,0.00011993285443168133
12375,0.9999967813491821
12376,0.999954104423523
12377,0.9999878406524658
12378,0.9999747276306152
12379,0.9999901056289673
12380,0.9999991655349731
12381,0.9979594945907593
12382,0.9999096393585205
12383,0.9992693066596985
12384,3.758612137971795e-06
12385,0.9999948740005493
12386,0.9997921586036682
12387,2.481828573763778e-07
12388,4.3466021452331915e-05
12389,2.6395682084512373e-07
12390,1.439224661226035e-06
12391,0.9674002528190613
12392,0.9799600839614868
12393,0.9998421669006348
12394,2.3323057121160673e-06
12395,3.0640196655440377e-06
12396,2.8031092369928956e-05
12397,2.0580519333179836e-07
12398,0.00045415834756568074
12399,6.188070944546098e-09
12400,0.9998598098754883
12401,0.9969101548194885
12402,0.03200152516365051
12403,0.9999749660491943
12404,0.002182265743613243
12405,0.0005742073990404606
12406,3.042805656150449e-05
12407,0.9949691891670227
12408,0.0001704690366750583
12409,0.9924860000610352
12410,0.0002154428802896291
12411,0.9994884729385376
12412,0.9966017007827759
12413,0.022325139492750168
12414,0.4190511703491211
12415,0.32922598719596863
12416,0.9999399185180664
12417,1.0417389830763568e-06
12418,7.034013833617792e-07
12419,7.043700315989554e-05
12420,4.512568193604238e-05
12421,0.999904990196228
12422,0.9999831914901733
12423,3.049723318326869e-06
12424,0.0014294295106083155
12425,0.999800980091095
12426,3.7785230233566836e-07
12427,0.9984741806983948
12428,0.00013038990437053144
12429,0.3199804127216339
12430,0.9998660087585449
12431,0.6641117334365845
12432,0.9999880790710449
12433,0.9986509680747986
12434,0.9985108971595764
12435,0.9999969005584717
12436,0.9972104430198669
12437,0.9996090531349182
12438,0.9998922348022461
12439,0.99919193983078
12440,0.9995337724685669
12441,1.3896373047828092e-06
12442,1.3588914953288622e-05
12443,0.9999716281890869
12444,0.9999680519104004
12445,0.0001713859528535977
12446,6.99724205333041e-06
12447,0.994729220867157
12448,0.9999977350234985
12449,0.00035282771568745375
12450,3.448383722570725e-05
12451,3.91519137110663e-07
12452,0.9999867677688599
12453,0.028948361054062843
12454,0.030650226399302483
12455,5.107266133563826e-06
12456,0.9836687445640564
12457,2.7515792680787854e-05
12458,9.456689440412447e-05
12459,0.9999982118606567
12460,0.9996442794799805
12461,0.9999948740005493
12462,6.999558763709501e-07
12463,0.9999784231185913
12464,0.9999746084213257
12465,5.075940498500131e-05
12466,0.0027352715842425823
12467,0.03107171691954136
12468,1.565540088677153e-07
12469,2.423611113044899e-05
12470,0.9999788999557495
12471,0.9999815225601196
12472,0.9999310970306396
12473,0.0001515900803497061
12474,5.011800112697529e-07
12475,1.75463276264054e-06
12476,0.999987006187439
12477,0.9999896287918091
12478,0.39122503995895386
12479,5.2212420996511355e-05
12480,8.324497321154922e-05
12481,0.33311498165130615
12482,0.0002077402314171195
12483,5.429735665529734e-07
12484,0.9987773299217224
12485,2.1955771444481798e-05
12486,0.9999904632568359
12487,0.9999740123748779
12488,0.9991555213928223
12489,0.9998065829277039
12490,0.9842942357063293
12491,0.998994767665863
12492,0.9990171194076538
12493,0.9999172687530518
12494,0.9999511241912842
12495,4.290037031751126e-05
12496,0.0003031132509931922
12497,5.88458169659134e-06
12498,0.9990586638450623
12499,0.9999891519546509
12500,2.089136419414217e-09
