id,label
1,0.9999902210265343
2,0.9999823502495441
3,0.9999947222779787
4,0.9997897524931776
5,2.2596825076018563e-05
6,0.00014525930620430688
7,7.758372066981358e-08
8,2.2221690449909502e-05
9,2.6730482962907156e-06
10,5.149947359675137e-05
11,9.404603545561663e-05
12,0.9988868289921968
13,7.146342329190644e-06
14,0.0014917454498645075
15,4.935935997532609e-05
16,0.0003138751847015301
17,0.9729352450989384
18,0.9999998015471171
19,0.0001296886420702811
20,2.8907354775219473e-05
21,0.9999792228334892
22,0.001805710056656293
23,0.9999983499882692
24,0.9999159797011056
25,2.52261056100076e-05
26,0.9987125350371457
27,0.999941465928633
28,1.8600969343314288e-07
29,0.19163576170208899
30,0.9994718190532652
31,0.999960444154222
32,0.2919851312828062
33,0.9999931633774479
34,0.00048292578241994225
35,0.0006948308289371072
36,4.267683520312527e-05
37,1.5419064970905388e-05
38,7.418462949397652e-06
39,0.9788206371200736
40,8.502799948616953e-06
41,0.9999923308970016
42,0.9999964252467473
43,0.999753807931617
44,0.9984525810236654
45,8.868589555802664e-06
46,0.99938766562114
47,4.301689383342757e-05
48,0.9991314458255717
49,0.9999921201023173
50,0.0032997803123689527
51,2.2376636853326867e-05
52,3.1247070936648754e-05
53,5.687340547761264e-06
54,9.037287396812493e-06
55,2.176289340144902e-05
56,0.984435696505537
57,0.9999165526631357
58,9.813620878950835e-07
59,0.9272116928667519
60,0.0029365948180286997
61,5.104308666530343e-05
62,0.9919858654665913
63,1.4057398344480197e-05
64,0.0006367583755937723
65,0.9999967473679384
66,0.9990571858792501
67,0.9999591092156059
68,3.069723929225507e-05
69,0.9997817063598518
70,0.9999932265834945
71,0.9891106071186057
72,0.9999938309099278
73,0.9999993469135213
74,0.9997708044121978
75,0.14309811500861197
76,0.9998455607127243
77,0.9999955418916504
78,0.9999538397808811
79,0.9999754704609364
80,1.9031381598367418e-06
81,0.680993395356726
82,1.7955796906062562e-05
83,0.9995978660947656
84,0.00711648866524708
85,0.9999758366983561
86,0.8926657888518603
87,0.9984337079930594
88,0.999980680033485
89,9.284171624066314e-06
90,0.007947164420640645
91,0.0027017937049654446
92,8.7387927418937e-06
93,0.00020616544158281688
94,0.9999832714649921
95,0.9998961848122718
96,7.911958905484053e-07
97,0.999071431623405
98,0.998862782562826
99,2.6588620287129424e-05
100,0.08489633445472466
101,0.015280246009992853
102,0.9998335993169979
103,1.3413346863907497e-06
104,3.742200749546683e-06
105,0.9877467494781549
106,0.999990176592816
107,2.073141868338581e-07
108,0.06402997972904408
109,0.5412891439341961
110,0.9999959269214069
111,0.9996602754848849
112,0.9999179459469579
113,0.999294267945232
114,0.0011661192522021406
115,6.817902354064277e-05
116,8.268701257600416e-08
117,3.6147976938850792e-06
118,0.9999999436542989
119,0.999978608380843
120,0.003955721963852022
121,0.009536384247790027
122,0.00014026476206012594
123,9.87263907742414e-07
124,1.0956648676280894e-06
125,0.0021101101903672963
126,0.8846537273742179
127,0.9997015550342926
128,4.153588725165938e-05
129,0.004127163439505696
130,0.9986232394880378
131,0.9998204295757572
132,0.9986538618124287
133,1.945001501875736e-05
134,8.379019005339988e-05
135,1.727096314677393e-05
136,4.8447875644729755e-06
137,0.9999802237064487
138,0.8164753309332505
139,0.00010062937807786539
140,0.000304341963271038
141,3.2330351799515765e-05
142,0.9992823681254448
143,0.9999996281551041
144,0.0031048592199566056
145,4.864063526192878e-06
146,0.9999944275470906
147,0.9999313666128903
148,0.06880946194486316
149,7.063134328195344e-06
150,1.3841438160632966e-06
151,0.9887517874666837
152,5.4177706277414374e-05
153,2.2803129368647703e-05
154,1.1051823936518713e-06
155,0.999960564968906
156,2.4412344571894298e-05
157,0.00038283317583389065
158,0.9994014013460728
159,0.9999724480767935
160,0.9998557978231646
161,5.864401858406538e-05
162,1.299688640504705e-08
163,1.991569448826617e-05
164,0.9995832972477907
165,0.0009872815735027139
166,0.0004251881934430029
167,0.9990621646424679
168,4.55982314040429e-07
169,1.8780270317017682e-06
170,4.8253942975894066e-05
171,0.00230763921664307
172,0.9999869217349665
173,0.9955886184861338
174,2.206098822118921e-07
175,0.9992399172553148
176,0.9996362353143039
177,0.9999782209143061
178,0.9992422003491437
179,0.9964057381577048
180,0.00012179383845963331
181,0.9999948905075523
182,0.9999504821218846
183,2.2831480795650347e-06
184,0.001875452528199251
185,0.0042230594035754
186,3.694326423013415e-08
187,4.5580477331925926e-05
188,5.806287541229445e-07
189,0.002457534576243912
190,0.9999934738554834
191,0.0001730096169147787
192,1.477071832298988e-05
193,0.0008517937549216643
194,2.943061641316369e-06
195,0.9996316457916327
196,0.9994645175759509
197,0.9999588128012351
198,2.004938283511748e-07
199,0.9999782932291096
200,0.6252551199333799
201,0.9999818772088125
202,0.00040408552855174257
203,0.9998421279204108
204,0.9999958037866649
205,7.781784515033883e-06
206,6.688312362532427e-06
207,0.9999301030382741
208,0.0001440471216634109
209,0.00015891341081460293
210,2.209190393466157e-05
211,0.9995918021353986
212,0.999991154578375
213,0.007500347824032386
214,0.999955606580325
215,0.9997042717676646
216,0.9999815014688492
217,0.9999464260396679
218,0.0008398609745906821
219,0.9999934293981684
220,0.9999986661075295
221,0.0024466369365139214
222,0.999989231821436
223,0.9999995698597296
224,1.8111987552000587e-05
225,0.9997389177558177
226,0.9996428690774123
227,0.9991062447078155
228,0.00017540777835942377
229,0.9999851930265826
230,0.0061847016695297085
231,0.9998135647098649
232,0.02069098480537495
233,2.640366963081832e-06
234,7.941280496074339e-06
235,0.9997818183497583
236,0.9424094543947115
237,0.000309412116808368
238,0.995867524645165
239,2.258696386260149e-06
240,0.9999880481678041
241,0.9999970117417591
242,0.9999915011506965
243,2.6311086565585807e-06
244,0.9996574932560612
245,0.9997706670860931
246,0.010205834131757663
247,0.9999185299085939
248,3.421988733563118e-06
249,0.009439543504731538
250,0.9998743024321238
251,0.9999986775773637
252,2.1527916537553808e-05
253,0.999967113161325
254,0.00014217884669605893
255,0.003222888235605843
256,2.808477136891067e-06
257,0.9997046376554068
258,0.999995924739026
259,2.1789576789329046e-07
260,1.0153461441987388e-05
261,2.5874851282924347e-05
262,0.9994865799863116
263,1.3075616889851208e-05
264,0.0016062448700330844
265,0.9997051450668922
266,7.144697706506037e-07
267,1.8111987552000587e-05
268,0.0003875684511436895
269,0.9994326905171184
270,0.9999648374785245
271,0.9999931952729407
272,3.353005408214263e-07
273,0.9994596244594915
274,0.00024129159342938767
275,0.00035810774986941654
276,0.9998542463595431
277,0.9901089084526851
278,0.00014909687001607132
279,0.00011563416852544325
280,0.9998760958690626
281,0.9949845172336667
282,0.9999953115545065
283,8.409712546743535e-08
284,0.999996812496161
285,2.6821733113900247e-08
286,0.9998468673536974
287,0.00031383682751567296
288,0.002046397106451057
289,0.999998239125578
290,9.257153216860033e-06
291,1.3265172110815204e-05
292,0.9998906062804024
293,0.9985868032680634
294,0.1128422121124814
295,1.2469710626635976e-07
296,0.999997803686517
297,0.9997677916754139
298,0.9987265425996238
299,0.9997388193301308
300,0.0003305318661154412
301,6.978004725682867e-05
302,1.6483366938845192e-05
303,0.0001778337001596946
304,2.0453695023765379e-07
305,6.6736607067085385e-06
306,0.9999396324467696
307,0.9997990807203778
308,2.1510244837109028e-05
309,4.78334413516856e-08
310,0.011774810224312642
311,6.749244659459804e-08
312,0.0018218479180921803
313,3.309470804033534e-05
314,0.0010581621542010457
315,0.9999867496868389
316,0.001182416390788505
317,0.999359158622598
318,0.0005794066215276596
319,0.999974423312752
320,5.0142261669771605e-06
321,1.365484235335944e-06
322,0.9999984871017042
323,6.758542737663331e-05
324,3.934123147068853e-09
325,0.9990254636370324
326,0.9999906014048212
327,0.999257493606687
328,0.9999993459718227
329,8.101398961167836e-06
330,0.02045235115842614
331,0.724108470139716
332,0.981407981533707
333,0.9999747776606314
334,4.2959244316130156e-06
335,4.031536126090308e-05
336,6.18707161829374e-05
337,0.999988765976921
338,1.4542499258874625e-05
339,7.583882266183166e-07
340,1.9258296704750156e-05
341,0.000434621022657273
342,6.030188462345965e-06
343,0.026454958577435263
344,0.33007941073346386
345,0.17861039082049907
346,0.9999957109134843
347,0.00028358412094523514
348,0.9999362034395012
349,1.0077142253625422e-05
350,0.9999998980982432
351,2.655703046220895e-06
352,0.9989761777653879
353,0.99997579230376
354,0.9632010169136014
355,0.9998141763621046
356,0.9732720305646746
357,4.1520347291566946e-05
358,0.9998144739921461
359,7.202313385544944e-06
360,0.0005556285112059448
361,0.9997573987056164
362,0.0001562764845566687
363,0.9996076153982592
364,9.125603180106594e-06
365,0.9996994121004303
366,0.9979575926502876
367,0.9998133023804247
368,0.9999510901130079
369,0.9997563475572171
370,0.9998731296277232
371,0.9996326053205543
372,1.0312893617673234e-06
373,0.999969493806961
374,3.857884350586765e-06
375,0.9997920650203803
376,1.2925868605408762e-06
377,0.9991734827072558
378,8.159684396539758e-05
379,0.9999587027306257
380,0.8973316262722031
381,0.9969861782141473
382,0.0006713410670973033
383,0.9999946005778609
384,0.9998604221037601
385,0.9998922384374069
386,6.128369717889021e-05
387,0.0011561639901747176
388,0.00010029480879673386
389,0.9999713968598173
390,0.0011445420649311181
391,0.1060479334803155
392,0.9874895123785183
393,0.02498353263510264
394,0.9999106613385434
395,0.9969221116948864
396,0.005779855502328089
397,0.9999501425317614
398,0.0015624621253980998
399,0.9999862893409164
400,0.9936774591248347
401,0.9999917802736195
402,3.794535156868274e-06
403,0.999956641106763
404,3.504380797070649e-05
405,0.999994419236079
406,0.9987946923685821
407,0.005048790061128716
408,0.0007766982406785354
409,0.011321358549471852
410,8.30860833331652e-06
411,0.9999863610594963
412,0.9996302969995513
413,0.9999196740771933
414,1.2468108591563243e-06
415,0.9999560220398639
416,1.9693364360325154e-05
417,0.9998610439031169
418,0.9999970051001277
419,0.8852784370164902
420,0.9998780860923391
421,0.9999991798805179
422,0.9999988169214181
423,0.9999746212433387
424,0.9999876394062913
425,0.9894022920919662
426,4.899818781330787e-07
427,0.9762606730249893
428,0.00572195811543463
429,0.9996618769401088
430,0.9999741021271981
431,0.9999943062709726
432,3.168880743545931e-05
433,0.9995013713399794
434,0.8852840287834718
435,0.9999122929586268
436,0.008222967976995395
437,3.286505637874227e-05
438,0.9988204116312461
439,0.9996512826740573
440,0.9921577697207632
441,3.182477733023892e-06
442,3.2337865043940835e-05
443,0.9998379632451034
444,0.0009472746577098141
445,6.022851608354136e-05
446,0.999907292988605
447,9.68313386776423e-05
448,1.977980034119124e-05
449,0.0007238857390333825
450,0.9996965862050823
451,5.137570387074135e-07
452,0.9991280280655801
453,0.9987033928763173
454,3.1195472467518304e-05
455,0.001607065944155632
456,0.00022765281791102968
457,0.9997246075219335
458,0.0002816301559268902
459,0.9999987082042031
460,0.9907644659885521
461,0.003513536564719279
462,3.546778579668709e-05
463,0.9993586650652473
464,0.003806367033259337
465,2.5984464874795438e-05
466,0.9999944207201671
467,0.9999953742021851
468,0.003309414837801471
469,0.9989143991859549
470,0.9999774733493774
471,4.808102195479759e-08
472,0.9999442555106446
473,0.999984990241239
474,0.996149982399822
475,0.9999911148922976
476,2.077678866626195e-06
477,0.01939129039456081
478,1.3615554007038672e-05
479,0.9998255026072149
480,0.9999105638320928
481,0.9999975217588478
482,0.999815247187499
483,0.9973935274485924
484,4.743730480778994e-05
485,0.9987393244620143
486,0.9999969543447421
487,0.0005337369411364163
488,1.2333750754905801e-06
489,0.700956404291021
490,0.9908346440715334
491,0.9967465722110727
492,5.501025058919037e-07
493,8.312822360205589e-05
494,3.6642115504559004e-07
495,0.9993080502401135
496,0.9998929633941831
497,3.945390677842019e-07
498,0.9842270358438606
499,0.9999921600190246
500,1.475370483929991e-05
501,0.9982033595677934
502,3.2878098968561263e-06
503,0.9999731232235635
504,2.2555510888091736e-05
505,2.587891790364235e-07
506,9.985095318227966e-06
507,0.9963502587900013
508,0.9999604218896515
509,0.9999350719390981
510,0.9999328821692504
511,0.9996432876149481
512,6.785728867988577e-05
513,0.9999488287186208
514,3.567601363867891e-06
515,0.9979849234952113
516,0.9997760570013711
517,0.9999092497779816
518,0.8274840488790665
519,3.652123120564386e-06
520,2.3501544907142286e-06
521,0.9999660655648274
522,2.72472718044061e-05
523,0.9999416937479412
524,0.040132261440964566
525,0.015195699466380209
526,6.693475961129095e-05
527,0.9299125419137546
528,0.9998054174558929
529,0.0002416912911722708
530,6.4200831818549565e-06
531,0.9996478694757266
532,0.21404410628922355
533,6.669658604717596e-05
534,0.9999083059534124
535,5.445241748324264e-05
536,0.9999533865278424
537,3.909902256248939e-06
538,1.6682025217446723e-06
539,0.0021067094966693996
540,0.9995357890472378
541,1.3334651536056216e-05
542,0.9999903130351836
543,1.1596452104268204e-05
544,0.00837938613241499
545,0.9999983649653829
546,0.0033915833165016626
547,0.9999891591852149
548,0.9993883411325689
549,9.665616152384647e-07
550,0.0009536939934498258
551,0.0007304821536369997
552,0.9999024347364679
553,0.17303597924916903
554,0.0007097829278490809
555,0.9998228348890607
556,0.00012748388674458123
557,0.9993768528325705
558,0.9936950910145443
559,0.9995132335393865
560,0.999714684830668
561,3.2268230840886665e-05
562,7.614838040370403e-07
563,0.000488467747889355
564,4.496888266041485e-06
565,0.9991127198028723
566,0.0007882813687530729
567,0.00017034548313467408
568,0.9999904795137097
569,0.999509807418562
570,3.726471874549562e-05
571,0.9963279924236511
572,0.03160739080209395
573,8.739169839777457e-05
574,0.9999497503705189
575,5.58508825125309e-06
576,0.03763499504036958
577,0.0002255750957827408
578,5.716054039165239e-05
579,0.0006514271767237148
580,6.230536690833313e-07
581,0.9997929991963491
582,0.999984751516533
583,0.0001701661323773231
584,4.87842853982948e-06
585,0.9999741124447229
586,2.4717785911931715e-06
587,2.5858422192966254e-07
588,0.002327191572442615
589,4.2810137858060964e-05
590,0.9986292163834054
591,0.9877571137661099
592,0.0076345274575868914
593,0.9999977319592416
594,0.9999553066363479
595,0.9999815367030952
596,4.197486381236107e-05
597,0.9975133672180468
598,0.0010928811181960209
599,6.305045366817839e-06
600,1.7708809831142658e-07
601,0.8272473046275939
602,0.006401203010948637
603,1.6725865732145995e-05
604,0.0016068069275066083
605,6.847943636562195e-06
606,6.1887990740487075e-06
607,0.9995527438211425
608,0.997896284153295
609,0.0001795241870654125
610,0.9999914842722719
611,5.9144599283892915e-06
612,0.9999899380526073
613,4.5152723036389756e-07
614,0.0008725034093339021
615,3.4781341614483225e-07
616,0.9998648780674577
617,0.999960873244673
618,6.329631950270055e-05
619,0.004047409857817253
620,0.9740726444042446
621,2.455886039750217e-06
622,2.710869310360894e-05
623,0.0005814390971764976
624,1.587279607388288e-05
625,8.873978511343887e-05
626,0.9987281770925763
627,0.0005106047305763555
628,9.167257295551939e-05
629,0.9814799400885432
630,0.9986782987885652
631,0.999995082972887
632,0.9974695683821677
633,0.9999847231727544
634,1.9898677684025275e-05
635,0.00823319924457538
636,0.9995800613687783
637,0.9998697349127227
638,1.5305766465714878e-05
639,8.441480186384114e-05
640,6.591451814304748e-05
641,0.9857541673951596
642,0.0014757668063592041
643,0.9999989424812167
644,0.988361859025309
645,0.0005085357705430063
646,0.0015905177941259049
647,0.00029020215575726086
648,9.594487668855849e-06
649,8.499361298168196e-05
650,0.9999934370461236
651,0.9990303607337885
652,0.9999896213233126
653,1.994735169705165e-05
654,0.9999968089156906
655,0.9997605826642039
656,0.9998575220788952
657,0.9998651950401745
658,0.9992682258351094
659,3.0375634541361078e-05
660,1.8536178323192013e-07
661,0.9999917969022004
662,1.1044430180574994e-05
663,1.3786482341305296e-06
664,0.0001901008757257192
665,0.0005638493037075466
666,6.871586286299498e-05
667,0.9999502955510622
668,0.9998375831607665
669,0.9999842607952434
670,0.9999073879251753
671,4.225207960454569e-05
672,8.437486292379361e-06
673,2.266294564918322e-05
674,6.476219781975337e-06
675,0.06731920307543572
676,0.9998961143626215
677,3.7685514056136068e-06
678,0.006558241907328967
679,0.9991108054668769
680,1.5385517433479414e-05
681,0.999956638598085
682,0.00016142664305322994
683,4.569425162599438e-06
684,0.9999640682184027
685,0.9999306291692263
686,0.9998521622328359
687,0.9997763520390824
688,0.9999578785420861
689,2.987076075880396e-06
690,0.04026038136207708
691,0.9999635179645182
692,7.864817398520028e-08
693,0.990060417336691
694,0.9838251568368973
695,0.9999981756324182
696,1.796501189587838e-06
697,0.00042465388158417907
698,0.00015990430612081136
699,6.738894318370585e-05
700,0.9999293709368196
701,0.004514316931982486
702,0.00016433312719140608
703,0.0017535749626305453
704,9.408053021733157e-05
705,0.9940721241611875
706,0.9999126003910841
707,0.9999764389926806
708,0.9999321585397454
709,0.99998002040008
710,0.9517659031384331
711,0.00033137072916571386
712,0.9999553376969793
713,0.9999906457154705
714,3.372436703950907e-07
715,0.9999993248091348
716,0.43004656163594795
717,1.2220471632798698e-05
718,0.9999654237607967
719,0.9993832322841355
720,4.5427622520542895e-06
721,0.00012796131051447243
722,2.6914962754140455e-06
723,0.9988410937891354
724,0.9746248732152144
725,0.9999976599038356
726,4.383371723435568e-07
727,0.999712194254292
728,1.3460602687086359e-05
729,0.0007624960654142646
730,0.9999254847109489
731,0.9997664020595758
732,0.9993387092839819
733,0.00013952659194114885
734,1.7722280690486174e-06
735,0.9998611396871928
736,0.9882363584837571
737,6.946504741682983e-06
738,0.9999828303736426
739,0.9998309060143135
740,9.574470364252491e-06
741,0.006945174942993813
742,0.9999555304556593
743,0.9968062278911344
744,0.9988260003694651
745,0.9997243193534684
746,0.9992804126734462
747,0.9998787402593251
748,0.0005063467102966887
749,3.672838812927038e-07
750,0.9989586088980983
751,4.676854004418044e-05
752,0.9992718509660854
753,0.0004764603487143912
754,0.00032144480737384063
755,9.309025083031243e-05
756,0.06152678504106663
757,0.9998417840307355
758,0.00022113751886124853
759,1.3143676031803375e-06
760,0.9999280225489948
761,0.9998343044148441
762,2.9288698699409424e-05
763,0.9998381844369016
764,0.009083530908761406
765,0.9999850689641364
766,0.9993152204298288
767,0.9998418200473861
768,0.9983391577596279
769,0.9999668025070483
770,0.9997247657449786
771,0.0001414662401757751
772,0.01759825347833828
773,0.9999695342899597
774,6.437105607355206e-05
775,1.2159008218138236e-07
776,0.026178909263045645
777,0.9999397820491011
778,1.5565909559086815e-05
779,0.9999350427291852
780,0.9999729390013324
781,0.9999879407820945
782,0.14872713536537954
783,0.9999918182934668
784,0.9992037533205527
785,2.3445794393037786e-06
786,0.9999045840281324
787,1.2414405643071614e-05
788,0.002739043894549957
789,0.9989586088980983
790,0.9999779225843761
791,0.9999991675081363
792,0.9999806499552225
793,0.9978972125562298
794,0.9842678815954996
795,0.0009509721857727005
796,0.1522436690731453
797,0.9999332796347808
798,0.9998114903647034
799,6.558018076568799e-07
800,0.999632775961443
801,9.142113714781515e-06
802,0.03139063982613437
803,0.0011113575990036218
804,2.663372255604258e-07
805,0.9998308140069248
806,0.9999865298220794
807,0.999979460148171
808,0.9996664666316533
809,0.9999812110101539
810,0.9999796801754977
811,0.0015046153579796628
812,0.9999967167401913
813,0.4790560486191949
814,0.9996506161193318
815,0.9999969537876121
816,0.9999332200251243
817,0.00011734437286384588
818,0.9995887481454142
819,0.9999000006776793
820,0.0010058937508940179
821,0.9999447800799627
822,0.00012810945222421684
823,0.999995588792463
824,1.3153502682001341e-05
825,3.136418139837921e-06
826,0.9999963391414555
827,2.0278433951244708e-05
828,0.9996536122451742
829,0.9991921678278745
830,3.06689285752285e-08
831,0.00012474843847330228
832,0.9999796850292829
833,0.9997439007882996
834,0.9999804690647587
835,0.9999662502491915
836,5.246837657188144e-05
837,0.999999456942058
838,6.881762606608702e-06
839,0.9999972644044709
840,5.049530639519949e-07
841,0.002819915986572243
842,0.9999857892968342
843,1.98221708249172e-05
844,0.9872499890671965
845,0.9999915861887892
846,0.9999770079798913
847,0.0009471797213939646
848,0.999831577427304
849,0.0239981255944032
850,0.0001066814330860697
851,0.9997138822236139
852,3.8564709197901826e-05
853,0.9999665908347972
854,0.9999757552044851
855,0.0001509000892053727
856,1.515509566755739e-07
857,0.9993910948026986
858,0.9995124212729729
859,2.959001352249002e-05
860,4.386320077918025e-05
861,0.99995560198172
862,0.9991710383588704
863,0.9997548732354224
864,0.9999830953415663
865,0.9986506281159099
866,0.9997678913129346
867,2.1192645463874786e-05
868,4.652387978197252e-06
869,1.857172100380467e-06
870,0.9992458590267195
871,0.9999630502874995
872,2.4033598474369073e-07
873,0.9999638730774272
874,0.9996949812487175
875,0.0001294441873006933
876,0.9999919358703885
877,2.4954062929433978e-05
878,0.9965411986315872
879,0.9986387673032358
880,7.785986239598301e-05
881,4.086290018888863e-05
882,0.999936297014736
883,0.9999686797411274
884,0.9999409513290303
885,0.9995808691180778
886,5.2530895605934906e-06
887,0.9984384205886032
888,0.0001000275063500304
889,2.1116184783611233e-06
890,0.9402818878469584
891,0.9990332537454389
892,0.990755803285747
893,0.9999817883042011
894,0.0028096636355648126
895,0.06049319198519546
896,0.0008426279460029892
897,7.620597746200292e-05
898,6.304439352122715e-06
899,0.9999763117637273
900,0.9999845525192467
901,0.9999768812993426
902,0.14313708342028075
903,0.8206663311920869
904,0.9999743704623935
905,0.0022251599686778467
906,2.3951409173425573e-06
907,0.9999821122051309
908,0.9996416044990202
909,0.024564824892599615
910,2.5788151488684113e-06
911,0.0004271263306281309
912,0.9999840113793325
913,0.9909631205151634
914,0.006601952975590677
915,0.9812256968243044
916,0.9996446003028037
917,0.0006895437895580856
918,0.9996700147035179
919,0.004687819789492099
920,6.905204626432531e-06
921,0.0005758614219820561
922,0.9999239717349371
923,0.9999103355404549
924,1.5893576766192825e-05
925,5.571183398186445e-07
926,1.1097753224858443e-06
927,1.6270177627415213e-06
928,2.917165231905486e-05
929,0.005077105818335861
930,0.999996496510999
931,7.244829320334223e-06
932,0.000495967068529173
933,2.8973884310827056e-06
934,0.9349712835429581
935,0.9997729898468903
936,1.3865628973186355e-05
937,0.0030178174122862575
938,4.7988956538759335e-05
939,0.9685475013399705
940,0.9998449515454886
941,0.06681583354475398
942,5.651137327411428e-05
943,0.0002473766809588372
944,0.9999686011373425
945,0.9998091407734536
946,0.9999542649890093
947,0.0007750797520606603
948,0.0043503088310642155
949,0.9998636464809835
950,0.9993364569063848
951,5.340529805129417e-06
952,1.4445169008597702e-05
953,0.9999982367395779
954,0.0331368337563308
955,0.9918017374933494
956,0.9998639372720307
957,0.9979756255824322
958,0.9993516157781152
959,7.314706922399379e-05
960,0.999251538050446
961,0.00023581465682955373
962,0.9998655374942625
963,0.9998354488424127
964,0.0004639912536199963
965,7.9909559068603e-07
966,0.9990942421797572
967,5.742212961394913e-05
968,0.9997745557738552
969,0.9999460784131919
970,0.9999843749005375
971,0.9950449681718492
972,0.9899032493706319
973,6.487446278578265e-05
974,0.9999879306044598
975,2.033131894397072e-05
976,0.002858820677039252
977,0.00016583834596115975
978,9.993906128485994e-05
979,0.998607873439184
980,0.9996173531999163
981,0.9999742094742574
982,0.976351723545663
983,0.9999411686903344
984,0.9898812505773612
985,0.006428102100749143
986,5.0194796585793876e-05
987,6.201604902545349e-06
988,1.5045238614331201e-05
989,0.9994651796898244
990,6.780392999263736e-05
991,1.1648097248943846e-06
992,0.9996276151574999
993,0.9942820728538339
994,5.421749705677241e-06
995,0.8970256259548443
996,8.809418878429989e-05
997,0.9996675172975448
998,0.9995455591113998
999,1.1592228614572124e-06
1000,0.999755866063542
1001,1.4400994536903882e-05
1002,0.9999580801338276
1003,0.9998673980788391
1004,0.9999962740065615
1005,4.709934015252198e-05
1006,0.9999546236970663
1007,0.9999922344364212
1008,7.026043545272322e-06
1009,0.999697201810552
1010,0.9960565033680931
1011,2.827783911106111e-05
1012,0.997776367556437
1013,1.8473879089998188e-05
1014,0.9999924516529424
1015,1.0541080349685216e-05
1016,0.03893470997687619
1017,0.003722226175302317
1018,0.9999626093236693
1019,0.9999741034322176
1020,4.4723919855966646e-07
1021,0.001884584818283347
1022,0.0002590117663974336
1023,2.8312402807637945e-05
1024,0.0007416766657225994
1025,1.4517902164516373e-05
1026,0.0018588537094358817
1027,4.315903495879606e-06
1028,3.200801252886762e-06
1029,0.0001591241032261352
1030,0.0001484602351439481
1031,1.4320135190495498e-06
1032,0.372608844918957
1033,0.9359064011008735
1034,0.9999351111276082
1035,2.1797598595444106e-06
1036,0.9984391130211655
1037,0.9999633105922461
1038,0.998852486026498
1039,0.0004036750544652699
1040,0.9999875735283503
1041,1.7856689788298068e-05
1042,0.8698087514196828
1043,4.164106538232275e-07
1044,0.9968968705124213
1045,2.0624940438431872e-05
1046,0.0022790652604357657
1047,0.0007720029598885422
1048,0.9995673157932385
1049,1.8080693621280383e-06
1050,4.3927304735254105e-09
1051,0.00011522004026101056
1052,0.9999638500104165
1053,0.9998684014229473
1054,0.9999987101977996
1055,0.39076796887193976
1056,0.9997943419475886
1057,0.9999191976032162
1058,0.9999949096256616
1059,0.9977165794138566
1060,5.864752103871053e-05
1061,1.1901697606721065e-07
1062,4.802532384366417e-06
1063,2.6118490984553425e-05
1064,9.951727031365995e-06
1065,5.37041971024762e-07
1066,0.9991213365345423
1067,0.9999942392866944
1068,0.9992354822928742
1069,0.00012312457503284391
1070,0.9995296771207256
1071,6.729958132174751e-05
1072,0.7136413035716535
1073,1.7164083410772606e-05
1074,0.9999742308373124
1075,0.9989460175386664
1076,3.115045597414942e-06
1077,0.9470901772634397
1078,2.885132609323885e-05
1079,0.9985687162269011
1080,0.999998356869159
1081,0.9999847774497641
1082,0.9999838580260785
1083,0.9997926551285267
1084,0.00014231157304970955
1085,0.007373162127931929
1086,0.9995130943573937
1087,0.9889019001690955
1088,2.04974056410965e-06
1089,0.999980689262291
1090,0.005854604890010122
1091,0.9973090936908777
1092,0.013842597038576139
1093,0.9994857769877906
1094,0.9997566737766896
1095,0.9994357992887235
1096,0.9980694037575487
1097,4.761621466587123e-05
1098,0.006787610533338041
1099,4.889763996203828e-06
1100,0.9999649207576099
1101,0.9999201570553529
1102,8.579173192319568e-08
1103,0.0009773966217173696
1104,7.709559714913078e-06
1105,0.9847383693313971
1106,0.999464641925115
1107,1.098150218107254e-05
1108,0.9993780178552061
1109,0.00040241046822474355
1110,8.761836132480381e-07
1111,0.00012086301666961182
1112,6.669488730125392e-07
1113,6.566887048622774e-06
1114,0.9997406194538484
1115,0.9997092233030161
1116,0.9996251412374912
1117,6.773068859095452e-06
1118,2.0868242454317576e-05
1119,2.8527594398415725e-06
1120,3.452658537144301e-05
1121,0.9996892087850778
1122,0.9999531870976187
1123,8.791836675893607e-05
1124,0.0003893803928712228
1125,4.4571163796150346e-05
1126,1.4131686550110764e-05
1127,1.191832920983191e-06
1128,0.00017026984366220964
1129,0.9996581961230563
1130,0.9941638715713569
1131,0.9981858076174291
1132,1.2217096462302039e-05
1133,0.00037007152060449883
1134,3.880643396301969e-06
1135,2.7009833963415542e-05
1136,0.9999886115602463
1137,1.4833319876508761e-05
1138,5.9528279386806176e-06
1139,0.027410938409326253
1140,0.00011921572622249868
1141,2.4409907084883585e-05
1142,1.143144616274926e-05
1143,1.7387872432855125e-06
1144,0.999383830511846
1145,0.9999924757547571
1146,0.9999967237339137
1147,0.9999724738273119
1148,2.280042700456908e-05
1149,0.9993955593245958
1150,4.526929925633616e-05
1151,0.9999333477749228
1152,0.00021177803400058195
1153,2.594059995739077e-06
1154,0.9999524596625409
1155,0.9991204562082253
1156,4.151405205720174e-06
1157,0.9999534648893854
1158,0.9998138673138328
1159,0.0006787851433034465
1160,1.0648579783129308e-06
1161,0.00031794519410445243
1162,1.6137606046633832e-05
1163,8.191305999344677e-05
1164,2.45635362411041e-06
1165,0.9514795602368571
1166,0.9999788608426556
1167,0.9145624319926682
1168,0.0002024640709724756
1169,0.9577008161499638
1170,0.9997480493712454
1171,4.815583439597467e-05
1172,0.999965076916467
1173,0.9975721440345152
1174,0.9998731440695307
1175,0.9960272209888729
1176,6.804511391227026e-07
1177,0.006755055349181893
1178,3.08894607685205e-06
1179,0.9984460523628376
1180,0.9999413636423063
1181,0.003585876098240756
1182,0.9999438517432486
1183,0.9607057621365056
1184,0.9998962023445777
1185,0.00013118076140660834
1186,0.9985242242549824
1187,8.649748184029609e-05
1188,0.9993814453654524
1189,0.15063895841569755
1190,0.22795575062255405
1191,0.9999785320479813
1192,0.001362211767282713
1193,3.306804682276183e-06
1194,3.0272688067033703e-07
1195,0.9999838779580691
1196,0.00018486420489139663
1197,0.9997884814433671
1198,0.0005822104757788065
1199,0.00043769967020503687
1200,0.9997808885216263
1201,0.9999658398550091
1202,4.685860402320182e-06
1203,0.9999535077737155
1204,0.00012428462400801895
1205,0.9995515808300162
1206,0.00013081577263642993
1207,0.9998944630366868
1208,3.878217778258598e-06
1209,0.00013801178068006937
1210,0.9999991558279501
1211,0.9999992182943966
1212,2.49606772866098e-05
1213,0.0002695631367907986
1214,0.9964902433788203
1215,0.9985361414111493
1216,0.999812973033446
1217,0.999901446345597
1218,0.00014425533471266213
1219,0.9997800429947966
1220,0.00010669118904050731
1221,0.03393756109605527
1222,0.9757513506663164
1223,0.9988291941343217
1224,0.9998750640126982
1225,0.00019994104909518476
1226,1.0053876958722547e-06
1227,0.999965730179626
1228,0.00023843561379702444
1229,4.348310156759449e-06
1230,3.686460495930877e-08
1231,0.0175255486447784
1232,0.9998466860699973
1233,1.0506717822504761e-07
1234,2.7548659201688473e-06
1235,0.9989291322778932
1236,0.9959144955162695
1237,0.9999952932739458
1238,0.9997835246501983
1239,0.001281370551906184
1240,7.935146676844886e-06
1241,0.9999915738602575
1242,0.9999959939425552
1243,3.715857487401882e-06
1244,1.0659834858104633e-06
1245,0.9996735771215066
1246,5.444254574912181e-07
1247,5.465503871937264e-06
1248,0.9998239284559994
1249,2.0331282567473377e-06
1250,0.999810098739284
1251,0.004056797000941754
1252,1.5637615259066882e-05
1253,0.9517805635584038
1254,2.4422029220401103e-06
1255,1.6643375697347096e-05
1256,2.7744734035686693e-05
1257,0.9977929503900506
1258,0.011820478296140916
1259,0.0001145649002866226
1260,3.8002411097108057e-07
1261,0.9997856820228062
1262,0.0002669572724532633
1263,0.0012604417352150054
1264,1.0928974237288797e-06
1265,5.059783885464541e-06
1266,7.998034583140209e-06
1267,0.4011228994266114
1268,4.896546384356425e-05
1269,0.9996903288482438
1270,8.117861027061523e-05
1271,0.9997143708268941
1272,0.9999973524776972
1273,0.9999892324846433
1274,1.1359865804311982e-05
1275,0.9998975135510475
1276,0.9989916453514484
1277,3.872833171511019e-05
1278,0.0018653780886506135
1279,0.9985119412484751
1280,0.9999994115565717
1281,6.320114414428096e-06
1282,0.0002146569801022068
1283,0.9998829146240947
1284,0.99635246902678
1285,4.269627419348164e-05
1286,0.9999192854716329
1287,0.0001498079255060334
1288,1.028427857571445e-05
1289,0.9999611160973888
1290,0.9980144910477162
1291,4.426109316961733e-05
1292,0.5068889739100776
1293,0.003136750134330841
1294,0.9992133597708059
1295,0.00013894222419308117
1296,0.011225862754139736
1297,0.000924404822411882
1298,5.7164060938554214e-05
1299,4.762816891493643e-05
1300,0.0001563206732434476
1301,0.9999942818139738
1302,0.0014193444061445363
1303,8.19959587146301e-05
1304,0.9577808136233473
1305,0.9999975156828237
1306,0.9999338615812738
1307,4.2530530812778844e-05
1308,0.9996857949258566
1309,7.711884990217582e-05
1310,0.00024677825334690234
1311,0.42619620305505695
1312,0.9994314937085187
1313,0.00011852161123511606
1314,0.997731816921741
1315,0.9992166230491184
1316,3.996166347207428e-05
1317,0.9999688559536102
1318,0.9996796165133341
1319,0.9993898549683851
1320,0.00019292715412115195
1321,1.1756695235728522e-05
1322,1.1738650197457488e-05
1323,1.3709840240561907e-05
1324,4.913073315812179e-06
1325,0.001887032562880499
1326,0.002393397856410638
1327,0.9995628642214601
1328,0.9982648114068218
1329,0.9998455624419467
1330,6.034598175487506e-05
1331,0.002039690087996008
1332,0.9999973911674883
1333,0.9999506686369151
1334,0.81487975503042
1335,7.200653956090702e-05
1336,0.007978273173481857
1337,3.0230414996850485e-06
1338,0.0006963571880114726
1339,0.0006268628460839359
1340,0.9922523486043805
1341,4.2622333027106364e-06
1342,0.9999977107693171
1343,0.9988371907616692
1344,0.0008126913815372345
1345,1.8116909578813515e-07
1346,0.012100811544915567
1347,0.00036739467944575123
1348,3.0113043887877878e-05
1349,0.0041671149286092776
1350,0.9999364607525548
1351,0.9997321835795269
1352,0.0023909914863426357
1353,0.9999704267704215
1354,3.5390817595672905e-05
1355,8.167799356475199e-06
1356,0.9995102205807335
1357,0.0033740855986038685
1358,0.9999654817907048
1359,0.004411625387463311
1360,0.9996176625546376
1361,4.776274396232073e-07
1362,0.015236973297850906
1363,0.003599019199407862
1364,1.885468090817109e-05
1365,0.039203289558722085
1366,0.999698197923667
1367,0.16286013982061595
1368,0.00034682135930535037
1369,0.9884346437158051
1370,4.063795646701135e-06
1371,0.03613114204522116
1372,0.9997735890869998
1373,0.9999483115063905
1374,0.00013792784375466708
1375,4.537101025652605e-05
1376,0.9999994591093132
1377,0.9999837890532085
1378,0.8952648222562509
1379,1.0838538768349889e-05
1380,0.7206726224873404
1381,0.9999992662830889
1382,0.999284051922737
1383,1.3276953304672748e-06
1384,0.7432062640638681
1385,0.9996889915406848
1386,0.9999601424671034
1387,0.998456175677951
1388,0.0005024591653622029
1389,0.9999650629327392
1390,4.30639665686229e-06
1391,0.003445247256874719
1392,2.3937398731175954e-06
1393,0.9967763232069626
1394,4.081263465250237e-05
1395,0.9999633910312922
1396,4.575050594961677e-05
1397,1.312248230062953e-07
1398,1.2874501192111434e-05
1399,0.9999854378637293
1400,0.9999697468282562
1401,0.9999916189611172
1402,0.9993957388464795
1403,1.4318985955492338e-06
1404,1.4480428293073065e-06
1405,0.9993229556481059
1406,8.503360768498044e-07
1407,3.327862054350576e-06
1408,4.140415662254542e-05
1409,0.999108739930292
1410,0.0001249470626521184
1411,0.999955485490865
1412,0.015092617855313507
1413,0.9985100140005884
1414,0.9998293579917216
1415,1.6678289345496707e-06
1416,7.167781980279128e-06
1417,8.195622092930843e-06
1418,2.520715735670821e-06
1419,0.0025484936765783153
1420,0.9999976519062062
1421,0.9986807453429503
1422,2.2756795697841657e-06
1423,0.3657501432650185
1424,0.9999682090064653
1425,0.010756035005229717
1426,7.164812667143818e-06
1427,0.9999912709064334
1428,0.9931463758048726
1429,0.9998557621624475
1430,0.9999020969394454
1431,0.9999679894288835
1432,0.9997360359855622
1433,0.9991052700265336
1434,0.9999905791532651
1435,0.9997973711376501
1436,0.9999460702107871
1437,0.9999945399865615
1438,6.313674937504643e-05
1439,0.001029224869403331
1440,0.00033064443487277126
1441,3.9511944144826483e-05
1442,0.9968522909536762
1443,0.9999877962468499
1444,0.9713397027341055
1445,0.9999852719092208
1446,0.000140669104461647
1447,0.054276938496647255
1448,0.01448802779379497
1449,0.9999711902679206
1450,0.0010189028243553016
1451,0.0032162755296054097
1452,0.9984277753020389
1453,0.00044033778129117266
1454,0.0004193174184485477
1455,4.025179372461484e-05
1456,2.5026777230294028e-05
1457,0.9998814099119646
1458,0.9993924463064828
1459,5.600835176500675e-06
1460,0.9942340627017195
1461,4.581155503624518e-05
1462,0.028502284715156572
1463,6.738913183620629e-05
1464,0.0027625974283119704
1465,0.0002302870488104395
1466,0.0113219539663852
1467,0.018491930632637387
1468,0.9999506781191015
1469,0.9988338541167293
1470,0.9999725377395854
1471,0.9997184210751249
1472,0.0016115484315548866
1473,2.753079742851292e-06
1474,0.0029689413446359354
1475,9.538589564440565e-07
1476,0.9999209385590161
1477,0.999292716336845
1478,8.141955189927263e-06
1479,0.9979130126839584
1480,1.0580590671463896e-05
1481,0.9992915670755043
1482,0.9953009961713206
1483,0.9999879993723484
1484,2.140284104406132e-05
1485,0.00012537660915557544
1486,0.9991884097118671
1487,0.0005721244184733641
1488,0.00012025207150731515
1489,1.4043447559903641e-06
1490,0.9750912276328474
1491,1.3962793525792512e-05
1492,8.88293500989026e-09
1493,0.9999999436681789
1494,8.546888886627941e-06
1495,0.999555936466019
1496,0.9975736093386218
1497,0.9999878725838881
1498,0.9999797054555514
1499,0.00010220147993188357
1500,3.128544301841834e-07
1501,0.9987113939954934
1502,5.0094284719718287e-05
1503,0.0008955808725080335
1504,0.001610312422906316
1505,2.566939075458895e-05
1506,0.9999975526249054
1507,0.00028478993945170786
1508,0.9977439899368207
1509,0.9985816333735648
1510,0.0015607320962945476
1511,0.00012539415866738964
1512,0.9999576583621858
1513,0.00029025170580310763
1514,1.2244546727410116e-05
1515,0.001515681948891773
1516,0.999973071230351
1517,0.00013555419651043593
1518,5.866131398725765e-05
1519,0.9999872503569809
1520,0.004423906068617518
1521,0.999788251010092
1522,9.619875587178749e-05
1523,0.00024612845153987605
1524,0.0017192131117106174
1525,0.9991142316238939
1526,0.9999711788933733
1527,5.899926533159438e-05
1528,4.4951462417414637e-07
1529,0.9997574656942044
1530,0.9999699952871344
1531,0.9999989908014706
1532,1.8562762851340908e-06
1533,3.00030444076646e-06
1534,0.0002353234384557021
1535,5.653689969819126e-08
1536,0.9999796187585881
1537,0.9999039539036038
1538,0.9996754666798306
1539,0.0001971694524058983
1540,2.7125360068432944e-06
1541,0.9999998265583324
1542,0.9985042883720805
1543,0.5184833219006719
1544,0.9998835472316998
1545,0.008976067715944608
1546,0.999202829143652
1547,0.9999568302142868
1548,3.6621296482433263e-06
1549,0.9993713825666402
1550,0.006760614550364018
1551,4.61530691591097e-05
1552,0.0012286380592053737
1553,0.999982206039034
1554,0.9992664419134198
1555,7.52039834635858e-06
1556,0.00010392694095170096
1557,0.9999993396074756
1558,1.3358228695039568e-05
1559,0.0005022403457865016
1560,0.03261051204801248
1561,0.0006607109470862136
1562,0.9971205509301656
1563,0.9999988326634881
1564,0.9999656675696516
1565,0.00019317139889892332
1566,0.0001273580948687108
1567,3.538788856156371e-08
1568,0.9953980179712414
1569,0.9999342599955472
1570,0.0001169516175075203
1571,0.7692741768960233
1572,0.9998934319890281
1573,0.9999793654145153
1574,0.9999621471699759
1575,0.9999847736279556
1576,0.9996529643868782
1577,0.9979858738244087
1578,0.01949452601794428
1579,9.317866423413149e-06
1580,0.9989402919428747
1581,0.9999632506271144
1582,1.4139350683500633e-05
1583,0.9999916703371454
1584,1.600408585132995e-05
1585,0.0001560279192274863
1586,2.125537141632826e-05
1587,0.003250079429899617
1588,0.00016588043977347786
1589,3.471419235227014e-05
1590,0.9998301099110168
1591,0.999941124315231
1592,0.0563377059975573
1593,0.9965268566504714
1594,0.9996757783737319
1595,2.61124714215121e-05
1596,0.9975083587736812
1597,0.0027533765884163374
1598,0.01843647328347214
1599,0.994767828906711
1600,0.9990190037972124
1601,3.920357931979375e-05
1602,0.9999758668725991
1603,0.00012235825749405688
1604,1.610879266646147e-05
1605,0.7065576783589734
1606,2.355417037079397e-05
1607,1.2204983178335605e-05
1608,1.9841695767200682e-07
1609,0.99996591204524
1610,0.9978431103285338
1611,0.0002841243568589613
1612,0.9998534256124637
1613,1.9373153962989096e-05
1614,0.17276214781372895
1615,7.538286395245624e-05
1616,0.03315601935677807
1617,0.9998480341042729
1618,1.532004217517143e-05
1619,0.9990796152314363
1620,0.9999931016998769
1621,0.07770221648603981
1622,0.00023313374131035677
1623,1.1561671164621693e-07
1624,0.011967999463637741
1625,0.9997629073541615
1626,6.9391574391369465e-06
1627,1.0896446932515516e-06
1628,0.9991390941524084
1629,0.9997906585819095
1630,0.9998468146205463
1631,2.083323886811548e-07
1632,0.9999981880050675
1633,0.9999590796322283
1634,0.9996220132037922
1635,0.9997946251644232
1636,0.00016550244298379465
1637,0.999895695331599
1638,0.9999822120989293
1639,0.9922146975974202
1640,0.999931584404759
1641,0.0002539357704105619
1642,0.998122226134005
1643,0.9999713803059318
1644,0.9999656004798333
1645,0.9999977593836054
1646,1.7126403638122128e-05
1647,0.9999607255302321
1648,0.006383148960024527
1649,0.00010371148990698642
1650,0.58335863077748
1651,0.0001564009156530265
1652,0.9780184508364402
1653,0.9999940254002834
1654,0.9999532514005653
1655,0.7551997143260122
1656,7.099977303414036e-05
1657,1.2499260506368463e-06
1658,0.9999603082304556
1659,0.9938741332037148
1660,0.0032178630807079573
1661,0.00012579495462388977
1662,0.9999173126744791
1663,0.02135521989622304
1664,3.0966494307918086e-06
1665,0.0006171325139908847
1666,5.262489518189163e-05
1667,0.9999899866307648
1668,0.005976806508372647
1669,0.9999962002239394
1670,6.374014906319688e-05
1671,0.9975397746818192
1672,0.9994044979441158
1673,8.087164349745173e-05
1674,0.00011084726631067014
1675,0.00020675585895156735
1676,0.9998795551139162
1677,0.9998196765506787
1678,0.9985454313403184
1679,0.0001886614866358069
1680,2.195662515168204e-05
1681,1.740925167814045e-05
1682,0.9999532927818111
1683,1.4727527275186346e-05
1684,0.9999820660400245
1685,0.9816232740576726
1686,0.9999397511913172
1687,0.9994709675690694
1688,0.9893525566503026
1689,3.2501925213825477e-06
1690,0.9996468453772851
1691,0.9866465155465801
1692,0.9996877335369662
1693,0.999995510566997
1694,9.32802828576443e-06
1695,0.05674488153179257
1696,0.9999610225860018
1697,0.00016746700565110117
1698,3.3804472309052075e-06
1699,0.9974615211745533
1700,3.6078172871307075e-05
1701,0.9999949326697172
1702,0.9999436135740032
1703,0.9999848855811085
1704,0.9992012770325388
1705,0.9999215653656767
1706,0.9999929327778395
1707,8.220048556432776e-06
1708,0.941740942816037
1709,0.0002916515252252857
1710,1.0374658013210046e-05
1711,0.999472556029368
1712,9.367083551959535e-05
1713,0.00020102878786741547
1714,0.9932211444887901
1715,0.7551559762933735
1716,0.9880610319892712
1717,0.9886048044843987
1718,1.155483039629827e-05
1719,0.9990570575339003
1720,0.9324223483139236
1721,3.4278839916758505e-05
1722,0.9999987361229437
1723,0.014330488980959316
1724,8.935175066636871e-05
1725,0.9991392534771752
1726,0.9996517829739187
1727,0.9999493788910941
1728,0.9978798720146839
1729,1.3691144001587734e-06
1730,0.9999954758357602
1731,4.416569490498554e-07
1732,0.9990126963357976
1733,0.9999223035832374
1734,0.0005205289542290006
1735,0.00585425456138988
1736,6.278831426070329e-07
1737,0.9999984988967214
1738,2.7280550426173464e-05
1739,0.9994752034827394
1740,3.2648176481826674e-06
1741,4.4695473248044326e-06
1742,0.999984563500018
1743,0.9987918692008005
1744,0.9999080572292489
1745,4.27143667779899e-05
1746,0.9999490778971497
1747,1.2459274742865701e-05
1748,0.0017223920858170044
1749,0.0067236679461965335
1750,0.00313308716253918
1751,0.9942694716762361
1752,0.00012308230370795543
1753,0.9997435402219946
1754,1.3808384314973559e-06
1755,0.9989639850295329
1756,0.0007539792444232602
1757,0.3853393760228076
1758,0.9998162396744008
1759,0.9999952373946315
1760,3.570202824199796e-05
1761,0.9987223870509275
1762,0.999933173458952
1763,2.823661617362086e-06
1764,0.9999396131216449
1765,6.809090142313898e-05
1766,0.9999963326993858
1767,0.9999714311119396
1768,0.9927704126364232
1769,0.9999986443735774
1770,0.013571044889417235
1771,0.0001707425046436507
1772,0.006858513839850665
1773,0.9999574467216497
1774,2.705834722982864e-05
1775,0.0002292492678125791
1776,0.9998013570288036
1777,3.227310938579851e-05
1778,0.0020310784656950897
1779,6.2250707521185055e-06
1780,8.82314579240517e-06
1781,0.9995353348172683
1782,0.9991265230759715
1783,0.0005663649950324302
1784,0.0011661866462869598
1785,2.118157331670854e-05
1786,0.9974827387796195
1787,0.9999953796899479
1788,0.9798019159043778
1789,0.9999977791165063
1790,0.0002792406769845264
1791,0.9999778600084739
1792,3.211049844533521e-05
1793,0.0007749951943604263
1794,0.9999058084389963
1795,1.906142274756766e-05
1796,0.00019042822952092082
1797,0.9999242414857918
1798,3.769987139685763e-05
1799,5.68510492502381e-05
1800,0.999997333310144
1801,0.999910115641087
1802,4.67499763327579e-06
1803,0.9999787745391261
1804,4.739660682585225e-07
1805,6.7986462626884285e-06
1806,0.004286091482299228
1807,0.9984858736213537
1808,0.05430293161553002
1809,0.9999802803562958
1810,0.5713908701432047
1811,0.9998277967637762
1812,0.00048627453394451997
1813,0.9999613811632727
1814,0.9999528948139084
1815,2.6700734278041594e-05
1816,0.999696180869872
1817,0.9987182699251991
1818,2.637872297916273e-05
1819,0.4555203470271217
1820,3.179924199234842e-05
1821,0.9997419862575496
1822,2.3809495378936697e-06
1823,0.0020574577076623557
1824,0.0010923754120643896
1825,0.9995638527433057
1826,0.031878425566304214
1827,1.0599090678182175e-05
1828,0.9433430665908438
1829,0.9999994658031535
1830,7.045455861283325e-05
1831,0.9974027749472792
1832,0.9999346689965386
1833,0.00037272195878612554
1834,3.4513788863129448e-06
1835,3.1290830363130097e-06
1836,4.12323845329971e-05
1837,0.9999363470475513
1838,0.9999742425457978
1839,0.0001353048732174179
1840,0.999948340535069
1841,0.9999606159038166
1842,0.9960273003816656
1843,4.391529715039028e-05
1844,3.5873451794148676e-05
1845,0.9999367493214995
1846,0.9925975958493666
1847,3.4156421411651863e-07
1848,0.999698783845851
1849,0.9999678149821369
1850,0.9998955629783544
1851,0.9980549882324788
1852,1.4867893197496628e-07
1853,0.9998962834776713
1854,1.7138042775854912e-06
1855,0.9999975607330623
1856,0.9999152985395474
1857,1.5040268916109189e-06
1858,4.396706529083328e-08
1859,0.9999419575230811
1860,0.9998895928948976
1861,2.960137438787331e-07
1862,0.0004424695731250431
1863,0.9996251538262055
1864,1.522691427812669e-06
1865,0.999859847225387
1866,0.9999889893960526
1867,5.6542917146028186e-05
1868,1.1344731378200301e-06
1869,0.00017702515400550923
1870,3.6186947698924106e-05
1871,0.9998016526107358
1872,0.999960600428038
1873,0.9255474248993599
1874,0.9997070435956367
1875,6.522241833087279e-06
1876,0.9999999529846753
1877,0.9999458832812657
1878,0.9999987029858424
1879,2.735817639446633e-06
1880,0.00011321061689364494
1881,0.9986176121530006
1882,0.9997366750202835
1883,0.00014901050240720483
1884,0.9992532495654832
1885,0.024746073046722886
1886,0.9538128056971749
1887,0.012780117734021252
1888,0.9999903811813918
1889,9.182076906905402e-06
1890,0.00014738682785981277
1891,0.9999752206497027
1892,0.9910216366548041
1893,3.543889165273512e-06
1894,1.9703796826196135e-08
1895,0.9989064452625721
1896,0.002513387321993925
1897,0.0001479510624917759
1898,6.256809610980737e-08
1899,5.968285959275713e-06
1900,5.4838587156132036e-05
1901,0.0005347060891614002
1902,0.9412208826576519
1903,0.9993728795712725
1904,0.9983169220894453
1905,0.9999402101148914
1906,0.9998026034040143
1907,0.008187953038297793
1908,0.9936452575831924
1909,0.9997184864796932
1910,0.9999597590226871
1911,0.5763685663821673
1912,0.998327136519594
1913,9.125109261732818e-06
1914,0.9998399437350097
1915,0.9995522990745936
1916,0.9999994976184604
1917,0.9999392984890026
1918,3.863472332473196e-06
1919,0.9947238047080922
1920,6.31895597342885e-07
1921,5.3752132098475404e-05
1922,0.9931132371796187
1923,1.3535437551146062e-05
1924,1.4374476919167286e-05
1925,0.9999294062543468
1926,2.1608062634852105e-05
1927,1.951306353092441e-05
1928,0.9996117190144067
1929,2.081770123004117e-06
1930,0.9874102695772962
1931,3.673414960318653e-05
1932,0.9938191803609432
1933,0.872039144842975
1934,5.593157122377625e-06
1935,5.249159441527241e-06
1936,0.001432754355341639
1937,0.9990040185983038
1938,0.999949303585092
1939,0.999975593987833
1940,0.9995306714914558
1941,0.9999891718034977
1942,2.1445248886704525e-06
1943,0.7218146175013157
1944,0.0002789932939388369
1945,0.003317507964515154
1946,2.342591400065222e-06
1947,0.9999769101907036
1948,0.9999987410023888
1949,0.9999911502932002
1950,0.9997737480964015
1951,0.00022444501630426394
1952,1.5086488417917417e-07
1953,0.00017183055307054426
1954,0.9999388697726493
1955,2.5582034220125075e-05
1956,0.9991420142969187
1957,2.521110963420166e-06
1958,2.0795284070528946e-07
1959,0.00027540763731749877
1960,7.85063345712955e-06
1961,8.435541659417538e-06
1962,0.999663471162591
1963,3.612346086904768e-06
1964,0.0013719478953992976
1965,4.515040555305552e-07
1966,0.9999935166508204
1967,1.2287781313031245e-05
1968,0.999980854057275
1969,0.0021304967648726383
1970,0.997925443412218
1971,1.0469979224283416e-06
1972,0.9985724499478855
1973,0.004670252826226046
1974,4.176130626471027e-05
1975,1.6343279472978413e-05
1976,1.3220697302282677e-06
1977,0.9990853442104227
1978,8.019014549075274e-07
1979,0.9997745309523318
1980,0.9999584057763782
1981,0.9999750610456957
1982,7.989451849126131e-05
1983,0.9998956727489566
1984,0.9999757627374523
1985,3.808981204327553e-05
1986,0.9988451559794268
1987,0.9972373241559069
1988,1.5523073031349858e-05
1989,0.9999905207020598
1990,0.9999997627067517
1991,0.9999055067489143
1992,1.094543771297347e-06
1993,0.0002046796698165409
1994,0.9979767366921324
1995,1.4463074082636896e-06
1996,0.9997783923910841
1997,0.9999924656929905
1998,0.9997273966622698
1999,8.167593558483935e-06
2000,0.9460730963416577
2001,0.9999072372610492
2002,0.999803184913442
2003,1.3919183572886072e-06
2004,0.9999452013135272
2005,0.9980811317624474
2006,0.0012346419213607304
2007,0.9755778972580823
2008,0.9999990560280141
2009,0.9999974653031866
2010,0.9998117903643784
2011,0.8301349212738777
2012,2.207082380730577e-05
2013,0.004602313343132815
2014,1.6681456023041054e-05
2015,0.9999750206113635
2016,0.04376335156681165
2017,1.4573583036999672e-05
2018,0.0003107285931906252
2019,8.93850811850733e-06
2020,3.250085178936569e-07
2021,0.0008950512086990215
2022,1.274457548017367e-05
2023,0.01136353717620102
2024,3.165895428364115e-05
2025,2.4303873474548222e-05
2026,0.0001798729345417594
2027,0.00027929903924492447
2028,4.663879505830151e-05
2029,1.0122257132113289e-07
2030,0.0071754622123084465
2031,0.0003875290448292895
2032,4.5265333991238205e-06
2033,0.9497855235408197
2034,0.00021119278490867234
2035,0.9999984279589769
2036,3.0524871271234927e-06
2037,0.0010529669887761723
2038,0.9998312252055198
2039,3.1861322339695414e-05
2040,0.9998312549659446
2041,0.999775499483648
2042,0.9998637662786978
2043,0.003394530744752697
2044,6.186592435878207e-05
2045,0.9988944504432228
2046,0.9993648326468392
2047,0.00012602252305561043
2048,0.00010780279752934657
2049,9.067504963086514e-06
2050,0.9998695454010728
2051,0.01969533074514362
2052,0.998389953866604
2053,9.859491431565189e-06
2054,0.9964592529481393
2055,0.9999908106624795
2056,0.9999565943081724
2057,0.9998956256211526
2058,8.073230533972914e-05
2059,0.999564051236689
2060,0.9669450963043146
2061,0.9999298356303564
2062,0.9999986652881958
2063,0.9468393852503988
2064,0.9996517231967753
2065,0.9998203427651416
2066,1.5971664977617492e-05
2067,0.9999719397374464
2068,9.095037591055705e-05
2069,0.9964923120576357
2070,0.9996438518795573
2071,0.999238770647756
2072,0.00493475893797946
2073,5.454050061171906e-06
2074,0.0020127807196087563
2075,3.8873163557351106e-05
2076,4.182555275372185e-07
2077,0.9978667775005323
2078,0.9999976432787069
2079,1.1056072582433859e-05
2080,0.9960912739231678
2081,0.9990199060743453
2082,0.9100350870266887
2083,0.9999875110410338
2084,0.9995195872822686
2085,0.9849097263453545
2086,0.9992750070063436
2087,0.0010384555729737017
2088,8.406115644661371e-05
2089,3.1633202189625616e-06
2090,0.00012961206435291455
2091,0.9999795217181567
2092,0.9999838357616893
2093,0.00027329088855822817
2094,0.02351472573251436
2095,0.9999787096300056
2096,0.011642961741561247
2097,0.10993729883133684
2098,0.8703373388639657
2099,0.9999552512156301
2100,1.0639146068637303e-05
2101,0.9999953027387432
2102,0.9987161980204432
2103,0.9994955899845233
2104,0.9999310965806795
2105,2.032718472556883e-06
2106,0.00028874597857678886
2107,0.999994113490422
2108,3.440210931275758e-06
2109,0.9999533318619179
2110,0.9999083783105882
2111,0.9999100386958832
2112,7.912579147685944e-07
2113,0.0006139667235452267
2114,0.9998098863531257
2115,0.0073538549291357926
2116,7.584519257226277e-07
2117,0.999987657940563
2118,2.1578159205636934e-05
2119,0.9875559515877577
2120,0.999937947092946
2121,0.9362921889550053
2122,0.9999890468889544
2123,0.9999938337992884
2124,0.9672191530057018
2125,0.9033642380406408
2126,0.9999174275609187
2127,0.024961281499049307
2128,9.215604522132087e-05
2129,0.9995222508495708
2130,0.00026894918956777856
2131,4.929717220120112e-06
2132,6.93870159994349e-05
2133,1.0739386805077014e-05
2134,0.9999912528361249
2135,0.9999996661650328
2136,0.9999739320837668
2137,0.04402221151241304
2138,0.9779842683492644
2139,8.336522681984145e-05
2140,0.8391579911549429
2141,9.880318839841148e-05
2142,3.2382950970274494e-05
2143,0.9999658200851522
2144,0.0003682109438718001
2145,0.9993620974301877
2146,0.9999700335946371
2147,0.0057066586235118046
2148,0.06487655124756841
2149,1.1114595416731493e-06
2150,0.000241865887494177
2151,5.99964165571983e-06
2152,2.869988599443479e-07
2153,0.00018985183256329467
2154,0.9999910811061453
2155,0.9999842436893347
2156,0.00010583715702937221
2157,0.999964876799322
2158,0.9969708475043637
2159,0.9786681180731307
2160,0.9708207815266664
2161,9.23983486083667e-05
2162,1.1911186621565225e-07
2163,0.9999867907867702
2164,0.023456864015998488
2165,0.0002658576932141324
2166,9.827367799936158e-07
2167,3.058877624606859e-05
2168,1.529647083552064e-05
2169,1.8785763899888113e-05
2170,7.875501472034101e-06
2171,0.9998664708398459
2172,0.0033157418844831517
2173,0.9980621786908346
2174,0.9999867586115182
2175,0.9999232303126889
2176,0.7258286737461025
2177,0.9998428147793432
2178,0.9999853618644607
2179,0.9999993508037106
2180,0.9988940407142746
2181,0.021312481065550483
2182,0.9974276376486928
2183,4.00785980465187e-06
2184,0.9995759066609113
2185,0.9999998913152657
2186,0.9994786476953008
2187,1.5545215888416514e-06
2188,3.529069242330845e-05
2189,0.9999882821559343
2190,1.3658746722325646e-05
2191,6.301778489573635e-08
2192,0.5148765972494272
2193,0.999587597380687
2194,0.9986155203389199
2195,0.010783759306951564
2196,0.9999133691571586
2197,0.9999370024930422
2198,0.9993510150439786
2199,0.9950531056281137
2200,5.089226978084842e-05
2201,0.9950817813075348
2202,0.9999996014915307
2203,1.2211568214725874e-05
2204,0.9485318590795705
2205,2.1214360796585235e-07
2206,0.010612968878462877
2207,0.0012122553365947143
2208,6.575993840923418e-06
2209,0.9998619205949534
2210,0.9996050491925269
2211,0.9999930147778009
2212,0.999577174447813
2213,4.299157153061284e-05
2214,0.9984682212172138
2215,0.999674098048945
2216,0.9998467106731043
2217,0.9999668691386161
2218,1.7585884752135084e-06
2219,4.3384228440944985e-07
2220,0.9983621656064409
2221,0.9999848599733753
2222,0.9999926249205254
2223,0.9999022787507486
2224,0.004146307044683078
2225,0.00013540047923909493
2226,0.9993396718963021
2227,0.005606032717256473
2228,0.9999508992352967
2229,0.9997801843472187
2230,0.997486069824579
2231,3.8589764804092194e-05
2232,0.9998121796329243
2233,3.841735263114764e-06
2234,0.9914706423272062
2235,7.422382381693608e-06
2236,0.06266137030140022
2237,6.193171445037146e-05
2238,0.9988050291237252
2239,7.909611286109526e-07
2240,0.999868519374612
2241,0.9999998060883971
2242,7.697057693310252e-07
2243,0.00035732254131025674
2244,0.9995008583087919
2245,1.7684431109121257e-06
2246,0.9999756170712475
2247,0.0003450692652313984
2248,0.004156090613727504
2249,0.5592309587045746
2250,0.9961697257809967
2251,0.0003113716453344025
2252,2.9158659037282857e-06
2253,0.9995949921649807
2254,0.9935836646108647
2255,0.9998775579111985
2256,1.4263185588613325e-06
2257,0.010720841578609518
2258,0.9998699660159954
2259,0.9960125394571436
2260,0.9999373608317308
2261,0.9765863050255452
2262,0.00029260349925089286
2263,0.9999148527825737
2264,0.2411888470042653
2265,6.527301766719906e-06
2266,1.2976667221777086e-06
2267,0.9999921107798285
2268,2.6643217741085617e-06
2269,0.00025727890968170854
2270,0.002694803516609954
2271,0.9999986261782363
2272,0.9999788481544244
2273,9.248949968372724e-06
2274,5.226823186465982e-07
2275,0.9999214856939016
2276,0.9999798441416217
2277,0.22566993292845655
2278,4.311077050311531e-06
2279,0.011580990194429855
2280,0.9999937336106846
2281,0.9988588636802702
2282,0.0003614688115759912
2283,0.007455745192942918
2284,0.9999992972623652
2285,0.9999914772920079
2286,0.9926842939135342
2287,4.9874619310081495e-06
2288,3.068421582600031e-08
2289,1.5600149155402508e-06
2290,3.291797250920884e-05
2291,0.9625300045824781
2292,4.205363121787518e-06
2293,0.00019701700433525678
2294,0.7396316728302759
2295,0.9998497384958507
2296,9.030332314500475e-06
2297,0.9999730691696422
2298,2.8579101707394242e-06
2299,5.1472136101099206e-05
2300,0.9999995324500693
2301,0.99972902153517
2302,2.490885746928852e-05
2303,0.00019433089452092529
2304,0.9999956185246895
2305,0.9904445485053711
2306,0.9996545235975718
2307,1.2232098017137442e-05
2308,0.9851022832887445
2309,0.015567142052992169
2310,0.9999711213873143
2311,0.9993849325928308
2312,2.3701326447242785e-05
2313,0.9939387119094466
2314,0.0048242450346276744
2315,0.7693190201996007
2316,0.9999479916462346
2317,1.9192793151022174e-06
2318,0.00220853800594605
2319,0.9999995301270003
2320,0.9953367997805438
2321,1.938384157024652e-05
2322,0.9999889732522618
2323,1.7269077533897644e-05
2324,0.999798956956672
2325,0.9999892476669439
2326,0.04864706632055
2327,0.9998501649543444
2328,0.0002108185314857049
2329,2.4906602833514296e-05
2330,0.0014827084336793894
2331,1.2822188443215176e-05
2332,0.00032498868873294374
2333,0.9999362806058744
2334,0.999830722265373
2335,1.0732111515783406e-06
2336,0.999954324657427
2337,7.406818106957125e-07
2338,2.663570994293339e-06
2339,0.9936553966809794
2340,0.9940850991000972
2341,5.351790167139946e-06
2342,0.9998168951800268
2343,0.00015499059691528094
2344,5.1368587219286075e-05
2345,0.9996831243826232
2346,1.4536724166370803e-07
2347,0.1602409987551516
2348,3.538553382314135e-05
2349,5.278529818972018e-06
2350,0.9999965953935572
2351,0.9999914071899433
2352,4.6062799394321226e-05
2353,2.2059135412991313e-07
2354,1.789292030670584e-05
2355,0.9998955552793681
2356,0.029697626041206432
2357,0.9999821818785681
2358,0.9997421648099626
2359,0.9997836034057835
2360,7.880456574116873e-06
2361,0.42293235311834865
2362,0.998619224140972
2363,2.3419114781921625e-05
2364,0.00018095110213267972
2365,0.9998797862973162
2366,0.9997670936663196
2367,2.39080190907139e-06
2368,0.9999475113493838
2369,1.6683931377402332e-05
2370,9.192947357950379e-05
2371,7.088061720397127e-05
2372,0.9981346036669851
2373,0.9999377796956704
2374,0.9999901752726429
2375,2.1915225902025994e-06
2376,0.9998305334150868
2377,2.7503217979816607e-06
2378,0.9996816223417201
2379,0.006762475939847083
2380,2.2540638893150636e-06
2381,0.9999604472547602
2382,8.33919134460238e-05
2383,0.9996716070286221
2384,0.9971966488938656
2385,0.9860261840590048
2386,0.9974062646453932
2387,0.0016672730344770759
2388,0.9997486785577941
2389,0.9999478184374895
2390,1.0436455529913081e-05
2391,0.9987010833021143
2392,4.0038333254865095e-05
2393,0.999999970460143
2394,4.0581125332789307e-07
2395,1.5084490334310654e-06
2396,1.2236656613609392e-06
2397,2.0557930285552292e-07
2398,0.9691194472293554
2399,0.00011085823072681053
2400,0.9999972415247831
2401,6.963777434060831e-07
2402,0.9999479641210781
2403,0.9991941153215969
2404,0.9999415480219429
2405,5.036281388441778e-06
2406,0.9998303674641126
2407,1.0039953728131393e-06
2408,3.082277093588216e-06
2409,0.9999540987532103
2410,0.0041069759760154695
2411,1.6693696261105863e-05
2412,0.9999823312321107
2413,3.9046146480488694e-05
2414,7.877534232409087e-05
2415,3.499831601566157e-05
2416,0.9998248234904098
2417,0.00027828049649479504
2418,2.7942555525157755e-06
2419,4.8086675893201965e-08
2420,0.92207505417844
2421,5.059783885464541e-06
2422,0.9999594738993968
2423,0.006009682296146654
2424,0.000344965624997748
2425,3.462329842851551e-08
2426,1.140596773120799e-05
2427,0.00026303745263678925
2428,0.9998468352014968
2429,8.144873178549011e-05
2430,0.999964078678503
2431,0.9999049746245842
2432,0.9997748187561204
2433,0.9989474692461414
2434,0.0020574577076623557
2435,1.3191856094650282e-05
2436,0.004277731962200793
2437,0.9999257291368172
2438,0.9999873968771498
2439,8.763471617597419e-07
2440,7.401015485026948e-08
2441,0.0034638455020790243
2442,0.9998574758070562
2443,0.00014657794347573317
2444,0.9996898156260321
2445,0.9996959721848148
2446,0.002208493791915385
2447,0.9999877534305894
2448,0.9977956624911365
2449,0.003401738059481964
2450,0.9995600785208713
2451,0.9992771561279382
2452,0.9999613049754297
2453,4.0841785941539686e-08
2454,0.00010309330208066759
2455,1.4612538943488983e-06
2456,0.9982320958578244
2457,0.9997866381008657
2458,0.00016280252396031603
2459,0.9999830930066459
2460,1.3663877396652852e-07
2461,0.00016332881165934002
2462,0.9947673625959074
2463,0.0001297587267045417
2464,0.9999908331371714
2465,0.999960386528609
2466,0.9839213945581045
2467,0.9999826590433362
2468,0.8391317587454264
2469,0.999988978015597
2470,0.9993167064544574
2471,0.9999885620125649
2472,0.9984943559125139
2473,0.0012163888359614926
2474,0.9999932652772046
2475,0.001023582691340416
2476,0.9977245880361305
2477,1.492238371325589e-06
2478,0.9996632261942269
2479,1.1021707764191698e-06
2480,0.00010538099073027203
2481,0.999999193189402
2482,0.9977289460950967
2483,0.999959811111039
2484,0.9999829820115108
2485,2.4321841248978966e-06
2486,2.6140477468557863e-06
2487,0.9991967104271179
2488,4.847735253684438e-05
2489,0.9998470251588015
2490,0.9999533950092442
2491,0.9999997106250684
2492,0.00015910688126232966
2493,7.354989404211916e-06
2494,0.9999456258290808
2495,0.24725626364311573
2496,0.6317924330630578
2497,9.941643135051871e-05
2498,0.9999991667650956
2499,1.700958751246542e-06
2500,4.045861390941812e-05
2501,2.7486126071576007e-08
2502,5.6430536826958415e-05
2503,0.003852752968213179
2504,0.9989934336434283
2505,0.9999962456264244
2506,0.9999957303699809
2507,0.9996489993336503
2508,0.00021290313876083953
2509,0.999971122222726
2510,0.997500203089829
2511,0.9999803790392551
2512,7.688432046427845e-05
2513,1.216001079078263e-06
2514,0.995860436628598
2515,0.9753183590841887
2516,0.0025544014165251035
2517,3.0609449680982345e-06
2518,0.9988032980928467
2519,2.2505638711917905e-05
2520,0.997691222845209
2521,0.9999530428483108
2522,1.7156188933381213e-06
2523,0.9999506587845578
2524,0.000410014408299499
2525,0.9970293357806678
2526,1.648184416563889e-05
2527,0.9892756095577252
2528,0.2538712687758878
2529,0.9943355203010268
2530,1.1554377518884616e-05
2531,9.526734690313636e-08
2532,0.9998943956561026
2533,0.9995048877987338
2534,1.1088734569633884e-05
2535,5.661488381604062e-06
2536,7.245056831882234e-05
2537,0.9999992212883451
2538,0.003191495681358645
2539,0.9999814535891149
2540,2.854740825195971e-06
2541,0.9999812368197312
2542,0.0002428547055929739
2543,0.9998405511518759
2544,0.9785118759724146
2545,4.0960077572403685e-07
2546,0.999994820526206
2547,0.9996746060030107
2548,4.664482152680566e-06
2549,4.2594697950846e-06
2550,2.3375315586280726e-05
2551,0.00043242698036315277
2552,0.99999992514674
2553,4.976659404202112e-05
2554,3.0851023711385035e-05
2555,0.9999837788385647
2556,0.9997556805854039
2557,1.5162127233088346e-06
2558,1.4620551622298016e-05
2559,0.9999793350253057
2560,0.9999670807987276
2561,0.9999520064307116
2562,0.9999714547496905
2563,1.2582400203031431e-06
2564,3.236075589660241e-07
2565,3.5246042370892054e-07
2566,0.999924481040228
2567,6.755194687377668e-05
2568,0.9999494072259282
2569,0.9996647289932755
2570,0.9984585057201888
2571,1.5630393384282175e-05
2572,0.08558182186669376
2573,0.9996985471387015
2574,6.674563266303526e-07
2575,0.9987877068104132
2576,1.7732521074855128e-06
2577,0.9999957290947625
2578,3.235938853128765e-05
2579,0.9998311355776354
2580,0.00019024193805637827
2581,0.9996770022724705
2582,0.9999987766917139
2583,0.9999927223058596
2584,0.00025141267061465724
2585,0.00035618533372560804
2586,4.1889067258449023e-07
2587,8.869169145099394e-07
2588,0.00011530619002912335
2589,0.9988099926122459
2590,0.9999866317574183
2591,1.5977911287295116e-05
2592,4.738399297233066e-05
2593,0.025969517520256093
2594,0.9999881810865537
2595,0.0025149378059892077
2596,0.011003760409456222
2597,3.857171573185837e-06
2598,0.9997450486769196
2599,0.9996924751278734
2600,0.9972992056403197
2601,0.9915240887398648
2602,0.9999814384562311
2603,3.089475748070466e-05
2604,0.0178058886895083
2605,0.9998950290434606
2606,0.988777668955428
2607,0.00045920956569621917
2608,1.203354273383615e-06
2609,0.9999928068351451
2610,1.817441281075962e-06
2611,0.00038862704889661755
2612,0.9999927416158756
2613,0.9999599600974749
2614,0.9997927750372207
2615,0.002393519296766477
2616,0.9956281707073005
2617,0.9999712787979421
2618,6.603180545697325e-06
2619,1.5061351366836133e-05
2620,9.445583507673918e-06
2621,6.823977566856148e-08
2622,0.0004164363760494321
2623,6.430208480003631e-07
2624,0.9998326203189108
2625,3.408933381168729e-06
2626,0.9999757164394627
2627,0.9993836566515409
2628,0.9999668143700164
2629,0.9877571137661099
2630,1.439916997177096e-07
2631,0.13247158444266482
2632,0.00011753537718408084
2633,0.026088394522254046
2634,0.9999920424211499
2635,0.9999256687472128
2636,0.2177134802629281
2637,3.5352923998016687e-05
2638,0.9999990298779312
2639,1.4985349208426734e-06
2640,2.6986063269366437e-06
2641,0.9964219561860721
2642,0.9999509399517457
2643,0.998912166451449
2644,0.9943393166612161
2645,0.7646782566215663
2646,3.463917888295101e-06
2647,0.0033950880133516155
2648,0.9999985813529251
2649,0.00011942682494673906
2650,0.0002685006685485449
2651,0.9999989112294648
2652,0.000285635302143963
2653,1.4077050281252434e-05
2654,0.6050568933825318
2655,2.682999076289821e-05
2656,0.9999519958152252
2657,0.005003312324943294
2658,5.598765766102673e-06
2659,0.8755777358119387
2660,3.4737064065241576e-07
2661,0.9999998239223887
2662,0.06366487866926708
2663,0.9998427122274807
2664,0.9999924733459353
2665,0.002356760216275634
2666,7.677617228552112e-06
2667,1.7957640194025275e-05
2668,0.00996283477455383
2669,3.885219993495841e-06
2670,5.949518750350552e-05
2671,0.9974039592392482
2672,3.7961573275582587e-06
2673,0.9902772798708072
2674,0.004336627547064908
2675,4.1856463839792056e-05
2676,0.00030965410712418585
2677,0.44200936811103225
2678,0.9999984117116494
2679,0.9999586648693528
2680,0.9990175343382596
2681,1.569885039088772e-05
2682,0.9999362855408676
2683,0.9999778077989101
2684,0.9992156706481252
2685,0.0001801932707829796
2686,0.0005316593377406307
2687,4.2581979911849295e-06
2688,4.704552336765392e-06
2689,0.9996977623164317
2690,6.524055894740594e-06
2691,0.9992954903578493
2692,0.999915022802707
2693,0.00926764509071583
2694,0.012201313134399604
2695,0.9999722413848846
2696,1.751150207086941e-06
2697,0.9999560860961673
2698,5.6197617826839745e-06
2699,1.0042688469938206e-05
2700,0.9988215688480259
2701,0.004391082686326089
2702,0.9999837506430671
2703,1.797923750482873e-05
2704,0.9999289297647798
2705,4.874865158857962e-06
2706,0.6448693927878537
2707,0.00482842474767725
2708,6.018295292004896e-05
2709,0.9999401580927956
2710,0.9998703650759457
2711,7.444427857358536e-06
2712,0.9896928636562481
2713,0.030510399398899296
2714,0.9969581613572914
2715,9.312272174485688e-07
2716,0.9999339011301881
2717,0.9965973142655115
2718,0.9997393492698708
2719,0.9999376906822175
2720,0.9994579394417927
2721,0.9996193867051133
2722,0.9999903435600165
2723,1.9617599178419992e-06
2724,0.9990960004114701
2725,0.0016499606752370165
2726,0.00011202809340012831
2727,0.9999484736552178
2728,0.010569471082859402
2729,0.0002542674326366295
2730,0.9997043412853279
2731,1.9000613662201178e-05
2732,0.9999533999234015
2733,7.636728563625184e-05
2734,0.0003193173278167582
2735,2.3105360029865342e-07
2736,4.649799687256782e-05
2737,0.9994369106288645
2738,0.9960664210746585
2739,0.999983504384235
2740,0.999538571840694
2741,0.0026956187564211426
2742,5.647868750467376e-05
2743,0.9999975672461029
2744,0.9999727637612131
2745,0.9998362310868772
2746,4.0748670122396965e-07
2747,4.294493456874196e-06
2748,0.9972735338573037
2749,2.990516878713132e-09
2750,9.253623010423751e-05
2751,0.9999494955758487
2752,0.9965149810079915
2753,0.003282933292728164
2754,2.1877157757545534e-06
2755,0.9795204751525821
2756,0.9999980279279845
2757,0.9999968029094648
2758,0.05114273508880458
2759,0.9994665027078256
2760,5.66086460845982e-05
2761,0.968904102059538
2762,0.0008875644159466049
2763,0.9997014286003291
2764,0.0002865310194308315
2765,1.3378888220640086e-05
2766,0.9999262051887348
2767,0.9985777606266701
2768,0.9998425983004164
2769,3.147678248424313e-05
2770,0.9996017000664608
2771,0.9994634239095401
2772,0.6518161656409097
2773,0.22137597480462298
2774,0.9993141067506978
2775,0.9999960667051578
2776,0.9999601702042704
2777,0.9982275049022831
2778,0.9999887173116352
2779,5.034284324663516e-06
2780,2.5993802201691054e-05
2781,4.3699614981011634e-05
2782,0.0002066862310306198
2783,6.551003423396942e-06
2784,6.011764344059507e-06
2785,7.114541442117068e-05
2786,0.9906646768462196
2787,0.9998114713679828
2788,0.9999422004215963
2789,0.999881772090924
2790,0.0003963969489432884
2791,0.9997640865363365
2792,0.9981651282891658
2793,2.3809917549485754e-06
2794,1.7348127013783162e-05
2795,0.9999929451922522
2796,0.9999971869955389
2797,4.730729384698662e-05
2798,0.999296814272527
2799,0.0018796095402769935
2800,0.999859357931663
2801,0.9979725331381399
2802,0.998664783297851
2803,2.7394249883012646e-06
2804,0.9999709224674055
2805,6.701989159154195e-06
2806,0.9999386615501229
2807,8.879727100159376e-05
2808,3.8972842010021344e-07
2809,0.0004934427814816091
2810,4.7105401696874015e-06
2811,0.013581542859261749
2812,0.018539636988417187
2813,0.999999815666673
2814,0.00039187504573896066
2815,1.4874389339740288e-06
2816,0.00020799454845761746
2817,4.257035691842335e-05
2818,0.00013210533654883005
2819,4.460392967692646e-06
2820,0.9999592367321984
2821,0.006212505540265578
2822,0.9993721978268951
2823,3.6659832405402574e-06
2824,0.9992115517560115
2825,8.215004850209702e-05
2826,0.9998492053337953
2827,0.9998180865179292
2828,2.4921552320080873e-05
2829,0.9999262226774278
2830,0.9999950143715446
2831,0.0006474588012656806
2832,0.999671860597065
2833,0.9995825370143977
2834,0.9994528359736992
2835,0.9970972051920025
2836,0.0009761426638445424
2837,4.611428055910101e-05
2838,2.9613604425684232e-05
2839,0.030343081927123275
2840,1.2906863735842066e-08
2841,4.967203807806927e-05
2842,0.9997730391911608
2843,0.9991956652133214
2844,0.9932081761433594
2845,0.9999411023349739
2846,0.9983616230426116
2847,0.9999914022649504
2848,1.2739046310812405e-05
2849,4.4020905064723494e-06
2850,2.0329583294189817e-07
2851,2.4584997279442232e-05
2852,6.848969209460998e-05
2853,1.0175790715921033e-05
2854,4.182296427796897e-05
2855,0.9996278106841506
2856,0.9982801365013978
2857,9.115074886242327e-06
2858,0.0005363404200186862
2859,5.9870796574925116e-06
2860,0.6897410617261708
2861,0.9988405384055264
2862,0.9760561096685559
2863,0.01630850269747417
2864,0.9999519894985686
2865,0.010529012520571378
2866,5.861283425856211e-06
2867,0.9999613548463849
2868,0.9999421631396171
2869,0.0001379148458221144
2870,0.999921004265602
2871,0.9999993208785329
2872,9.716043212572272e-07
2873,2.2948248703216927e-05
2874,5.531729284971084e-05
2875,0.9999299148089361
2876,0.999934932437398
2877,0.9999607519094074
2878,0.9999002933398988
2879,0.9999897531212545
2880,9.048097360445158e-06
2881,0.9999960531225928
2882,0.9999450835741792
2883,8.609975404515743e-05
2884,0.9983392382197438
2885,0.9998587105288032
2886,3.276338348521904e-07
2887,1.9193240675725605e-08
2888,0.017421177132871307
2889,0.9998364445710386
2890,0.00022640140730823325
2891,0.9998999988114328
2892,0.9999898410034992
2893,0.00032809379364932806
2894,0.9810346026182493
2895,0.9999953699438218
2896,2.8172188240903894e-07
2897,4.160656852927515e-05
2898,0.0009572505414995942
2899,0.9941928301388799
2900,0.9996830075915629
2901,9.697011813910876e-07
2902,0.00012172998620934613
2903,0.145262684444399
2904,0.9980933002049388
2905,0.998038424690708
2906,0.001508075292752373
2907,0.9999082825063349
2908,0.002941266866533542
2909,0.00031866738443372207
2910,0.9999529007917023
2911,0.9999159494323496
2912,0.9996659166804976
2913,0.999259356600989
2914,0.09350026763575886
2915,8.173202419175264e-08
2916,0.999940865197261
2917,3.0947989319289203e-07
2918,0.007387392399386629
2919,0.9999884722678245
2920,3.0725984900472405e-05
2921,0.0010046781974394803
2922,3.376777057580268e-05
2923,0.9972132204785794
2924,0.9999424965794557
2925,0.999994340508373
2926,0.9975608053587968
2927,0.9994229888600249
2928,0.999986844741894
2929,0.06641888795045921
2930,0.017849051451864047
2931,0.9996688953312919
2932,7.250832770529724e-05
2933,0.0002486175533777655
2934,0.00010452115652927112
2935,2.116900337611164e-06
2936,0.9999629316561962
2937,6.738915962408828e-07
2938,4.685813759508936e-05
2939,0.9999832900630119
2940,0.9999810162413287
2941,7.146382343424324e-06
2942,9.257673623933579e-05
2943,0.00016810778572764692
2944,2.1409033571912687e-05
2945,0.9999801162093699
2946,0.999825525074242
2947,0.00016965738713868125
2948,0.9999040481407108
2949,0.9958164815649815
2950,0.9999214657633169
2951,0.9999225674755361
2952,0.9998438988344605
2953,2.7289686088991167e-06
2954,2.451178120228264e-07
2955,0.0002789035090744787
2956,0.9998601491190534
2957,0.003252045077841044
2958,0.9995724529194
2959,0.00012479931673162198
2960,0.029195976888804338
2961,0.9945158800299772
2962,5.233580677849373e-06
2963,0.0005768849542463243
2964,0.9999987401526402
2965,0.00020205927682594442
2966,1.5874810699425005e-05
2967,2.133205513757705e-06
2968,3.8499482648779835e-05
2969,0.7928273291849943
2970,0.0003209857186081596
2971,0.9998405358271911
2972,0.9998321434636362
2973,0.004181172811382986
2974,0.9991079434815254
2975,0.9999943234234309
2976,0.030107454907609393
2977,1.0695150676220787e-05
2978,0.028103863525720557
2979,0.001254217294416548
2980,3.771961295203995e-05
2981,0.9990441692093197
2982,0.9979919376808499
2983,1.8457095185416555e-05
2984,0.9998004123380748
2985,1.4237782989510937e-07
2986,0.00037804568654681287
2987,2.9248294145147835e-06
2988,0.9999936303321115
2989,2.1423003298830977e-05
2990,0.9999824820313602
2991,8.24762594129171e-06
2992,0.9999619696786546
2993,7.187380821134829e-06
2994,0.007640780103149327
2995,1.8031005454019822e-05
2996,0.9999896983355674
2997,0.00010102283211230531
2998,0.9999927869986218
2999,9.285748613278127e-06
3000,0.9929394067294742
3001,0.9999885266271022
3002,0.9996686193782903
3003,7.063641881958592e-06
3004,2.39540691782926e-06
3005,0.00016130122423857284
3006,0.9999284055788591
3007,0.9998396085578952
3008,3.389502970875677e-07
3009,0.9999783316421588
3010,0.0024830035199926445
3011,0.9996355967826215
3012,0.0004662057583944969
3013,0.00018471299652862873
3014,1.5509187050068756e-05
3015,0.8929181013961675
3016,0.9977359535326742
3017,0.019113382158048274
3018,0.9998981215856775
3019,0.999964177028563
3020,0.9998944538778172
3021,0.9999340877576249
3022,5.663602116599194e-06
3023,0.00018320581704421286
3024,0.9999941006659996
3025,2.851867788925252e-05
3026,1.3202139505598462e-05
3027,9.109493678370704e-05
3028,0.9999713786500166
3029,0.9998582466336942
3030,0.0006750508050974498
3031,0.0020650882842125117
3032,0.9999703834384798
3033,0.00014144103049376584
3034,2.122545978647061e-06
3035,7.573019196412895e-07
3036,4.435916933458748e-08
3037,0.9865314250181164
3038,0.9993802182659922
3039,0.9998053390096865
3040,0.00012278440446421702
3041,0.9999809051598232
3042,3.71668309193104e-07
3043,0.9998738951362313
3044,0.9999110756974544
3045,0.9999464762593838
3046,0.00015963790587247145
3047,3.04528054784656e-05
3048,7.538131642115507e-05
3049,0.041278185839426926
3050,0.8274840488790665
3051,0.9999842138271015
3052,0.9999461758909546
3053,0.0005510096266516697
3054,9.830211641122366e-06
3055,0.1422360844146503
3056,8.828136893646849e-06
3057,0.9914482794457331
3058,0.00015233245218007857
3059,0.9975122987132696
3060,0.9996926910864627
3061,0.9991610708033077
3062,0.9965229947467125
3063,9.863107938792918e-07
3064,0.9741166044790813
3065,0.9999943339872628
3066,0.9994855068832885
3067,0.0001756872119757875
3068,0.9999029371650179
3069,0.9965311917474725
3070,0.9999784837925864
3071,9.374663818461813e-06
3072,0.999949702471678
3073,0.9885971432341469
3074,0.9972654808739763
3075,0.9999981235864177
3076,0.9999084976690525
3077,1.165544981801337e-08
3078,0.9923338212482872
3079,2.2848994693584286e-07
3080,5.3387909098886186e-05
3081,0.0021198891037592835
3082,0.9967365930033578
3083,0.9992990302007339
3084,6.535310684697787e-06
3085,0.997878519162122
3086,0.9968277452388754
3087,3.6569224846418524e-05
3088,1.6128241693655465e-05
3089,0.9999703680678891
3090,7.782746533317477e-05
3091,0.0003691908569699387
3092,0.9996619242519805
3093,5.769854286407371e-06
3094,0.99980908965807
3095,0.9996838277657741
3096,0.9977921508100253
3097,2.412649693062158e-07
3098,8.401544445767327e-07
3099,0.9981396436222377
3100,5.328162383008538e-07
3101,0.999999744097021
3102,0.9046562816704243
3103,0.9999715271399405
3104,0.004057458777791387
3105,0.9995111632865996
3106,1.5516425322934768e-05
3107,0.0016537912634589198
3108,0.00018269661500210029
3109,0.8240885883446717
3110,0.9979267741267286
3111,0.0017393811658750814
3112,0.993916886946586
3113,1.931969607722462e-05
3114,0.9999764894206711
3115,0.9994228812171381
3116,0.9999994824258928
3117,0.9994125332294943
3118,0.00014225302546463117
3119,0.9999859076108182
3120,0.991814899792298
3121,2.7178953852998205e-07
3122,6.499443251697112e-07
3123,0.0019728378957860515
3124,0.9996840884057172
3125,0.9997654988939106
3126,0.011757849636591778
3127,0.007823178399712943
3128,0.9999564990574602
3129,0.9930603388101565
3130,5.001263869626105e-05
3131,1.3805895013986707e-07
3132,1.3618725921610897e-06
3133,0.9991038528049316
3134,0.9999185639597133
3135,0.00010320158188720459
3136,0.9948215476400442
3137,0.9832614821116128
3138,0.9989908657391506
3139,0.9989333427137908
3140,0.3415929216916134
3141,0.9999977343814119
3142,0.16018173534506608
3143,0.9999455762842956
3144,6.581217212542365e-07
3145,0.998597675524937
3146,4.189801542363629e-08
3147,0.9999433389801287
3148,0.9999715717434422
3149,0.9999927132946265
3150,0.9937527886674661
3151,0.9999973801349963
3152,0.9927880538006439
3153,7.341053633291328e-05
3154,0.0005266905824122607
3155,0.9948033745901311
3156,0.9976831337336857
3157,0.9999975497614804
3158,4.254031521181869e-06
3159,0.9911300534669437
3160,0.9993733475856186
3161,8.172402249150141e-05
3162,0.9312868210086367
3163,7.463651497604994e-05
3164,5.231229543877812e-08
3165,1.5399886592637766e-06
3166,0.9999307536044643
3167,1.887592369218486e-08
3168,6.574023097174714e-07
3169,0.0006117327464058079
3170,0.9999401479286932
3171,6.946793396066378e-05
3172,5.257924481882364e-05
3173,6.8678727654919315e-06
3174,4.684392859532759e-05
3175,3.653162762852252e-07
3176,0.9998787155906427
3177,1.735268018784803e-06
3178,0.9992522579912263
3179,0.00029585986408305515
3180,6.187308336554664e-05
3181,0.9997428458780209
3182,0.9999987174989214
3183,3.480391169583634e-05
3184,0.9999704640860618
3185,0.012358880352636131
3186,0.0007860312712146275
3187,0.9999743272793645
3188,0.0009249587397702487
3189,0.99996896411283
3190,1.6870365991944856e-05
3191,0.0004942316072440338
3192,0.9997790701508799
3193,1.092285651269532e-06
3194,9.580178941287372e-07
3195,0.9749349101378039
3196,0.9999688414767927
3197,0.00021121406700010809
3198,0.9975156716836341
3199,1.1723126641070853e-08
3200,0.9998461943259838
3201,0.9980063563594075
3202,2.616398002766284e-06
3203,0.9994029516514593
3204,0.9989061292014739
3205,1.0525850199998384e-06
3206,0.9998106784875886
3207,9.476702966926399e-07
3208,4.862829769954147e-07
3209,0.9999479874237438
3210,0.9366124585873941
3211,6.828089363347064e-05
3212,0.9989002471315072
3213,3.1341602285062545e-05
3214,0.0020384263049165836
3215,0.9978603564261439
3216,0.9997442706301465
3217,0.9983418997179999
3218,0.0004116625416283511
3219,0.04674537662737398
3220,0.00011720977177628797
3221,0.00030114281828765146
3222,0.9821335089535232
3223,0.9999997949971625
3224,0.9998640511060675
3225,0.00020351121975618943
3226,0.9999648553570681
3227,0.049160149768043976
3228,0.00040719592943727796
3229,0.9992498117725273
3230,0.0010302035428323526
3231,3.166778906727648e-05
3232,1.1533854943105192e-05
3233,0.00019432327935180893
3234,0.053868989857290585
3235,0.9994438605362065
3236,3.044484480114909e-06
3237,0.999986441300908
3238,0.9999329842428945
3239,0.9999761105481305
3240,0.9619482931949016
3241,0.9717880046039847
3242,1.8454464781350975e-06
3243,0.9985344749061116
3244,0.9994167468260812
3245,0.9924675937487176
3246,0.0013925884916699467
3247,0.9998182086849137
3248,0.9997816990275996
3249,0.05356750031518446
3250,0.0009202680708773423
3251,0.0005015311262054137
3252,0.8274840488790665
3253,0.9975909639759646
3254,0.9997907021336238
3255,5.928519091216105e-07
3256,0.0004123126090402248
3257,9.256472937450089e-05
3258,0.9990179276601541
3259,0.14220557352861324
3260,0.9999834841136966
3261,0.9986364158441265
3262,0.999969410881212
3263,4.2632254583973295e-05
3264,0.5604360554762571
3265,0.00011589406503673567
3266,0.0007507820397723782
3267,0.35504252021504706
3268,9.454689860773892e-07
3269,0.9990400772699803
3270,0.02300309881179291
3271,2.146771161489514e-05
3272,0.99970429466616
3273,0.9989309211965698
3274,0.9999892105570751
3275,0.005275766748116829
3276,0.8056193981653894
3277,0.999996410203189
3278,5.5222702682455795e-05
3279,0.9811212841015267
3280,0.00019959734564466895
3281,0.01070788844288714
3282,1.8343751171182073e-06
3283,1.1554966463819027e-06
3284,0.9977164273958997
3285,3.6123594318250386e-07
3286,5.618505037640071e-05
3287,0.9990819930268873
3288,0.9999850749961864
3289,1.0879570125303474e-05
3290,3.079757874858293e-05
3291,0.9998580196133661
3292,0.9965602225762826
3293,0.9999451921082545
3294,0.9998642613910655
3295,0.08451240095518651
3296,5.350944369414539e-07
3297,0.00012192858331531805
3298,0.9999465362114585
3299,9.841685335112272e-06
3300,4.422914139587028e-06
3301,0.9999589579058094
3302,0.9999944856771259
3303,0.999980825609888
3304,0.9879523871267036
3305,0.0001422589986044816
3306,6.421381428695365e-07
3307,0.0008985521957796126
3308,0.9998768898999353
3309,0.9998952347328081
3310,0.9968296598629768
3311,0.0430483466876388
3312,0.9969417568847545
3313,0.02284744506310522
3314,0.9999805233033533
3315,0.9999902051073435
3316,3.706744443782729e-05
3317,0.9423545641600106
3318,2.636368423113408e-06
3319,0.0019553178399243022
3320,0.002303451187692586
3321,0.9999972811535526
3322,0.00014690066166976625
3323,0.9995247106109854
3324,2.1221027268980207e-08
3325,0.99198827256273
3326,4.621508571672802e-07
3327,0.9999834950376192
3328,0.9999920715077455
3329,0.9999755776067677
3330,3.797085269251439e-05
3331,0.9999438766255521
3332,0.00039712941248566067
3333,1.119977583778031e-06
3334,0.9999999104082744
3335,0.012024409083888701
3336,0.999902671154639
3337,0.2289606579167522
3338,0.9910713622656193
3339,0.9919428884877071
3340,0.9999995480056487
3341,0.00042987954887740217
3342,2.9927699913093052e-05
3343,0.0020262002580736754
3344,0.9999714645774467
3345,0.9919545711661988
3346,0.4291005624306387
3347,2.4147201684708934e-06
3348,9.565640175482252e-05
3349,3.6089395318866845e-06
3350,0.0004286704406067556
3351,0.999465247277693
3352,5.615082418505893e-05
3353,5.951834828916531e-07
3354,0.999998883544342
3355,0.11616954937460448
3356,0.9998706281418113
3357,0.9988285855580311
3358,0.9960102204846717
3359,0.9995800985813005
3360,3.9990625979876686e-07
3361,0.9972163463871085
3362,0.9999608515504059
3363,0.9980411130770873
3364,0.9999803022244821
3365,0.5218023221211678
3366,0.9999649957720645
3367,0.9999747885324973
3368,0.00010076477798758755
3369,0.00097832606076069
3370,0.0003198319108840364
3371,4.620879060975085e-05
3372,0.9999834171028307
3373,0.35590968528238165
3374,0.9999998430245924
3375,0.9992292105370288
3376,6.5789647086173976e-06
3377,5.777284262306471e-06
3378,0.9999885643072383
3379,0.0004647817901958522
3380,0.9998983183694483
3381,0.00021895187424129754
3382,0.012385078421281072
3383,0.9999984519668667
3384,0.9970344779630215
3385,0.9999129108906668
3386,5.5942406676323314e-05
3387,4.814742775936426e-06
3388,1.793367546716756e-05
3389,1.3808477199245797e-05
3390,5.423981460043034e-06
3391,0.9997063556856773
3392,1.268563130433442e-07
3393,8.048799707901342e-06
3394,1.1478663370886704e-05
3395,0.9995482283724147
3396,0.9994213451235343
3397,2.7135107594575504e-06
3398,3.0444082363894624e-05
3399,0.9999718821751299
3400,0.9999316184241036
3401,0.9998378316559802
3402,3.0009540921175496e-06
3403,0.02064429665216718
3404,7.481967564505422e-06
3405,0.00055040583673814
3406,0.0021736307300998983
3407,0.9992254274558952
3408,0.9998684377648037
3409,0.999990740367108
3410,0.9998939640536312
3411,1.3115773161815074e-07
3412,0.999354661379878
3413,0.9999992838239748
3414,0.9997795149419576
3415,0.0014613099513850819
3416,0.9996239388199334
3417,0.9999711179376167
3418,2.7276576391769716e-07
3419,0.9999710189880665
3420,0.9999838740157774
3421,0.9999622123562162
3422,0.9999974521815312
3423,1.084315130628326e-06
3424,0.9904636377887347
3425,0.9995402441852819
3426,0.9999990034201713
3427,0.9982293145045937
3428,0.004030376429604025
3429,7.27976801682722e-05
3430,0.9998307213176965
3431,0.12012887998424988
3432,0.9998035826306824
3433,0.9999504574866297
3434,0.9999825443848047
3435,0.9994140284892122
3436,0.9989792731908879
3437,0.9996926523799444
3438,0.00013674071867844816
3439,2.5930713255560897e-05
3440,0.0030402499821871026
3441,0.9999825599506637
3442,0.9998078897863205
3443,4.718160158432577e-05
3444,0.00014329132192833269
3445,0.9999281619837708
3446,0.9998542205173407
3447,9.032788388173178e-05
3448,1.1698614033157322e-05
3449,4.367737954689221e-06
3450,0.01785127650399973
3451,3.180179410687845e-05
3452,0.9998303576506774
3453,2.4677405668184e-06
3454,0.9998205670796511
3455,0.9999660718026573
3456,3.045348311454635e-06
3457,2.948631525282214e-08
3458,9.991751812106774e-09
3459,0.9997951025075899
3460,0.0017590068668063938
3461,9.775563239866592e-05
3462,3.089915451908614e-08
3463,0.00010763745019359399
3464,0.9998705035028728
3465,0.010433619004322717
3466,0.09088674443229329
3467,0.999846238234253
3468,0.9995964250989274
3469,0.9997550920033758
3470,0.9977416024059528
3471,0.9999803655949648
3472,1.387303229830241e-05
3473,4.862060493106799e-05
3474,3.143240083517416e-05
3475,0.00017238151681364861
3476,1.4261894520019317e-06
3477,0.03928420762740264
3478,0.9999978792280637
3479,0.9999771877398047
3480,0.001441712360530367
3481,0.7996523497276509
3482,0.998724350302219
3483,3.974910390897107e-06
3484,0.9988212112540024
3485,0.9999440581675573
3486,0.9999771317043166
3487,0.008072852842453154
3488,0.9999857074644751
3489,3.2361915703462397e-06
3490,0.9999920672596264
3491,0.9999948720833653
3492,1.1253203513024862e-05
3493,4.6014252534460943e-05
3494,0.9991992650769043
3495,0.9987289254360702
3496,2.0401766230778034e-07
3497,0.9999754092205296
3498,1.5694206977114578e-05
3499,5.508115129637551e-06
3500,0.9956556048104673
3501,5.554473466107714e-06
3502,5.2437346374029756e-06
3503,0.00014333063580506503
3504,0.999994456551217
3505,0.9999855258734068
3506,0.9791536626546885
3507,0.999946616773747
3508,0.9999644876033463
3509,0.999934915494865
3510,1.9884589356025836e-07
3511,0.9972568719415558
3512,0.9992179280703212
3513,2.371415829537554e-05
3514,0.0012113551224149134
3515,0.9999996990412443
3516,3.1815032777310007e-05
3517,0.0003738359110541769
3518,2.726189616476785e-05
3519,0.9999778914320377
3520,0.9932067721745325
3521,0.956298983848377
3522,0.9999919321971082
3523,0.9999996812506428
3524,0.9914485998895131
3525,0.0001426576409707538
3526,0.9999245093638722
3527,0.9999773325491867
3528,0.9811171870537021
3529,0.999854886053679
3530,0.9713963489023006
3531,0.03538249827781148
3532,0.9981814439843584
3533,1.9186274671618302e-06
3534,0.019883357249264252
3535,0.9999715466891292
3536,0.9994118561707106
3537,0.208806276324477
3538,0.9998920059076836
3539,0.9993566813344598
3540,2.071573575105114e-05
3541,0.0005421566277487602
3542,0.9989069044081156
3543,6.963139355623205e-06
3544,0.9993814257509872
3545,4.9728759358063756e-05
3546,0.9999149737048099
3547,2.7720898612910603e-05
3548,4.090224652941728e-07
3549,0.003698129467032713
3550,0.9999192404189836
3551,2.887414814285156e-06
3552,0.999924197572368
3553,0.00012749387932278693
3554,0.9999200583502819
3555,6.984845170474121e-05
3556,0.0006227372886117958
3557,0.9999895145088966
3558,0.9999547089398353
3559,7.972087742234494e-06
3560,0.007845658255481515
3561,1.1546440063595124e-06
3562,0.9999376984730686
3563,0.9999941090556254
3564,0.048777567668488744
3565,5.9596594992176964e-05
3566,0.012473120006059202
3567,0.9995857775891462
3568,0.9994999629073636
3569,0.9992277165928799
3570,0.999998105533923
3571,0.9994077108485351
3572,0.9999654967015331
3573,2.5957684157575745e-05
3574,0.9985013754320209
3575,2.2779308534606484e-05
3576,6.020800558387135e-05
3577,0.0006779472230036231
3578,1.4662233234094429e-06
3579,0.0012816279409451677
3580,0.9999048550214163
3581,0.008543709077434892
3582,0.9999477871178315
3583,4.0435023898900154e-05
3584,6.187920381837923e-05
3585,0.9997830357255604
3586,0.0004554064923415059
3587,0.9799573208850393
3588,0.999890606076249
3589,8.38287454273555e-05
3590,1.9318109584572553e-05
3591,0.00017729475644515176
3592,0.9981596027476374
3593,0.9999881200690988
3594,2.4086255418849295e-06
3595,0.9997636381955488
3596,0.9729650001417103
3597,1.4819577460406563e-06
3598,0.02318755117755761
3599,0.0011340501498627808
3600,0.9999427301148891
3601,0.9999920265878979
3602,0.0002421094951331841
3603,1.4232524375916268e-06
3604,7.683465936990565e-06
3605,6.032828301567734e-06
3606,0.999980514049788
3607,1.1889380259919966e-05
3608,0.9995154177622788
3609,1.2073777718312716e-05
3610,0.9999888894510092
3611,1.5435981398563277e-05
3612,1.1184459347329922e-07
3613,0.9999883027177875
3614,0.0001259242551542879
3615,0.999791151962678
3616,0.11115426012755394
3617,0.00023499740500951914
3618,0.00018390560641240507
3619,0.24476077932841264
3620,1.143226228665512e-06
3621,0.9999484473473016
3622,9.126510218986853e-05
3623,0.9997496560660506
3624,4.856443660139099e-06
3625,0.327887391786491
3626,0.9999450576375947
3627,0.9989359283889662
3628,5.828137522339424e-06
3629,4.6381336039010496e-05
3630,0.8126708217853631
3631,0.9998249911084065
3632,0.9985110001358254
3633,0.9999416430711086
3634,0.9999778072604536
3635,7.771091846841887e-05
3636,3.143667756650998e-06
3637,0.9960886388087307
3638,2.306226071666024e-06
3639,7.520503574616895e-05
3640,0.35471942727935357
3641,0.9996801627182991
3642,0.9936249015079416
3643,0.019973794940936717
3644,3.3325466805008456e-05
3645,0.9978261658429881
3646,0.9997575828797383
3647,2.7618753090026308e-06
3648,0.9999815027462504
3649,7.071843280405431e-08
3650,0.9999992187064544
3651,0.017654738447084452
3652,1.626697174245744e-05
3653,0.999996975214535
3654,0.00031030651579875727
3655,0.9999989413012249
3656,0.006401203010948637
3657,4.2732614075889705e-06
3658,0.9999814274017764
3659,0.9997988875406489
3660,0.14722495194987245
3661,0.9769884842628832
3662,0.04896280047326991
3663,0.04804377703007404
3664,0.9999729762995752
3665,5.6417847481809094e-05
3666,2.5488719873852047e-06
3667,5.532044176091171e-05
3668,0.004780607039558465
3669,0.9995950108659448
3670,1.0016490792848974e-05
3671,0.25158647542562107
3672,3.4825614012430526e-05
3673,3.04116047094413e-07
3674,0.9998059220594121
3675,0.9999608681691461
3676,0.9999558458766957
3677,0.9984235455474813
3678,4.011198716140141e-07
3679,0.00012111488519624856
3680,0.9992570302446717
3681,4.8076495183967404e-05
3682,0.9999899146164417
3683,0.00016535133123404163
3684,0.2565033548982912
3685,4.689355645021395e-06
3686,2.251309569545784e-05
3687,1.3267908170148186e-05
3688,0.9995629700231523
3689,0.0007456200572095968
3690,0.9990821954274637
3691,0.005822991154449841
3692,2.977803270314538e-07
3693,0.9995254353557862
3694,0.005580707744707262
3695,7.489819703840113e-06
3696,1.0000248781543994e-05
3697,0.9998298602221363
3698,3.597409268648042e-07
3699,8.750021358863211e-06
3700,5.403298359209749e-06
3701,0.9999722442600812
3702,7.353568749351279e-06
3703,6.386142385741958e-05
3704,1.9909710940593558e-05
3705,7.120721588889023e-07
3706,0.9999249026791139
3707,0.9999738801196885
3708,0.9746530035094048
3709,0.0003551763052967591
3710,0.9998569185705808
3711,8.793362742126197e-05
3712,6.160422692145778e-07
3713,0.9999225009719049
3714,0.08550175899959701
3715,0.9999667072951757
3716,0.9986012204040532
3717,0.9999905108954774
3718,0.9995965060318263
3719,0.9999956065854038
3720,1.0941822124511711e-05
3721,0.004960482622016185
3722,0.9997149054120755
3723,0.0006138879946235134
3724,0.0248106408767515
3725,2.67439817227194e-06
3726,6.846340290677559e-07
3727,0.003918976604670448
3728,9.779021014289833e-05
3729,0.00019720017696201814
3730,0.004241510633014146
3731,2.444450759169663e-07
3732,0.007395886095876709
3733,1.4422836049366587e-05
3734,0.9974529245228354
3735,0.9270373218255942
3736,0.999336407708616
3737,4.088048295121078e-05
3738,5.585343647757611e-06
3739,0.9999942619928414
3740,1.7758703105656896e-06
3741,0.9999990875731407
3742,0.9994987031874807
3743,3.669574229715241e-05
3744,0.999675024044808
3745,1.008919795872175e-06
3746,7.4161648815652685e-06
3747,1.6295307692883185e-05
3748,0.04492169360070357
3749,0.9999766402541835
3750,0.9914179377755601
3751,0.9996761900765009
3752,0.999487144281361
3753,1.0947286347608858e-05
3754,0.9999427241825191
3755,0.9994580051637809
3756,0.9998763896442451
3757,0.9980206763202057
3758,0.9992298510430194
3759,3.0467184411873597e-06
3760,5.65872022416891e-07
3761,0.9999252533621544
3762,4.626004411461046e-08
3763,2.621359854131231e-05
3764,0.0004834711411771936
3765,0.9999915903492259
3766,6.942406200020471e-05
3767,2.676540408691106e-06
3768,0.9598503356470213
3769,7.93380651647376e-05
3770,0.9988738993803611
3771,0.9927828535373193
3772,0.9999211832615326
3773,0.0017232989186351968
3774,0.999982998964138
3775,0.9989657625490076
3776,0.002216969167825172
3777,0.0010396896580580578
3778,0.9999230861153168
3779,9.80119182261176e-09
3780,0.9999933367380263
3781,0.0011565865261392906
3782,0.7265114206422183
3783,0.9989563395462187
3784,0.9999636326833254
3785,0.9999672892141638
3786,7.647425860652576e-07
3787,0.999942669907565
3788,0.9991544040073582
3789,0.9987255707558085
3790,2.2298342376478912e-05
3791,1.010351741753817e-05
3792,0.9999993918075516
3793,0.9965934116309263
3794,0.9997152265331197
3795,0.9999434350233389
3796,1.8206224197831414e-05
3797,0.9983161598552909
3798,0.00754786772829106
3799,0.9999938605276928
3800,0.9986301135206085
3801,0.9999979082729454
3802,0.9838399263885278
3803,0.9993573592409459
3804,2.5536286937922252e-05
3805,0.9882269270943487
3806,0.9999786197365104
3807,0.9999966967453355
3808,0.9999964881704155
3809,0.9998818837911922
3810,0.9999953222792157
3811,0.9998005193863572
3812,0.9975188021998722
3813,0.999635544767735
3814,0.9999928558447747
3815,7.298131534673919e-06
3816,0.9994791454081174
3817,0.9988086258364973
3818,0.9998328734431148
3819,0.9995450834612073
3820,0.9998194777378671
3821,3.489138826438927e-05
3822,7.530342529866816e-06
3823,0.9998949216352417
3824,0.06968349175460305
3825,0.0015404654945850903
3826,0.9999973070490367
3827,0.9992472277040509
3828,0.9998689022020506
3829,0.9999858775286489
3830,4.191098719660552e-05
3831,3.3989168453117074e-07
3832,2.331070570770597e-05
3833,0.9987074234115622
3834,1.237627282866688e-06
3835,0.00014747734590874994
3836,0.9935197363747057
3837,0.06323511466667053
3838,0.9982729386626091
3839,3.161449279647482e-05
3840,3.728856221383897e-06
3841,6.839909036375469e-06
3842,3.800335920248828e-05
3843,9.587620201087572e-07
3844,0.9999793022736704
3845,0.005390317926396148
3846,0.17863661071695966
3847,0.0014024427485107805
3848,0.9915615616047498
3849,0.9993706666219384
3850,1.4071482013579376e-06
3851,0.4750339119995884
3852,0.01441764331197236
3853,0.006594643166806874
3854,0.000765466112692944
3855,0.9999437376675189
3856,0.000209004762917888
3857,2.12680698589178e-05
3858,0.9999282275814994
3859,8.898617214415822e-07
3860,0.9998148893209635
3861,2.731922290513069e-05
3862,0.9930438038362389
3863,0.00015345833823143947
3864,1.4043159001551511e-05
3865,0.0025710122689161364
3866,7.483671421607223e-06
3867,0.9988336062556105
3868,0.0003875247067641908
3869,4.507051165359166e-06
3870,0.09636471488628139
3871,0.026529310211442163
3872,1.1794827650237796e-05
3873,8.032022640826187e-05
3874,0.9999666997447495
3875,0.999980661309986
3876,4.242239852986028e-05
3877,0.9994376165628682
3878,3.0065519540245713e-06
3879,0.00021598208576110298
3880,0.00010011350736284428
3881,0.0001461218474442411
3882,0.999962965436614
3883,4.5092430372172835e-06
3884,0.9999410373903749
3885,2.698323029883734e-05
3886,2.7161363066748344e-05
3887,3.632286259025901e-08
3888,7.081686993947543e-06
3889,8.13065183565311e-07
3890,0.00046850686143875365
3891,0.999992384833778
3892,7.747655483840731e-06
3893,0.9999990179773837
3894,0.9999137960589741
3895,3.576398389806602e-05
3896,0.9999387630641923
3897,0.9999448711084212
3898,1.986897033823707e-05
3899,0.9998988262289886
3900,1.4675388479538823e-06
3901,1.412555473977612e-07
3902,0.002765725495979808
3903,0.0001145913079603088
3904,0.9999810417169342
3905,0.9999912551459221
3906,0.09660576586932054
3907,0.9995032036977965
3908,0.9941409775526233
3909,0.9999861892288865
3910,0.999529682604513
3911,0.0014008759438687657
3912,5.346837866434706e-05
3913,0.9998775108308614
3914,0.9992146039475786
3915,0.9999643516375011
3916,0.00030205276962981894
3917,0.9999964600838556
3918,0.9999967989627636
3919,0.9999799076733293
3920,1.441460631267741e-06
3921,0.9999980562609747
3922,0.2767287468872443
3923,0.9999178668910127
3924,0.9999954006575448
3925,0.99992497328314
3926,0.9996133679004682
3927,0.9995740700706516
3928,0.9999874370834512
3929,0.9999973021616668
3930,0.028386656611753543
3931,0.97145691047551
3932,1.3244267949788905e-05
3933,0.9998489171815599
3934,0.07646185808995218
3935,0.005320624976221932
3936,0.00017995602946600561
3937,0.9975787957632677
3938,0.015956533697989033
3939,0.9996507705788892
3940,0.9999125066336522
3941,0.967396795682767
3942,0.9999968128263261
3943,0.9999814170517554
3944,0.006720306383109922
3945,0.9998432098360722
3946,0.9999375193866317
3947,0.9996291758083253
3948,0.9993058026023299
3949,0.9994622560415253
3950,0.9912213397911064
3951,0.0012514924276465817
3952,0.9999340869580399
3953,0.0028976888743120397
3954,0.9999698207616414
3955,0.9999409495657463
3956,0.9999880073434032
3957,3.5801048601465173e-06
3958,6.472206323171323e-07
3959,2.452608208241704e-07
3960,0.9792902485500766
3961,0.9993691622789196
3962,0.999938585146556
3963,0.00010067831151172873
3964,0.00010530372958456052
3965,0.9999793122571229
3966,0.9999923746290805
3967,0.9996509907448957
3968,0.9998984307414073
3969,0.9999974130570798
3970,0.9575257290261376
3971,1.5318126542313704e-05
3972,0.999179011120843
3973,0.9995619974790084
3974,0.9934673027507956
3975,0.4619225563101814
3976,0.0005672047266103531
3977,3.6860102496277324e-05
3978,0.024937013052915895
3979,0.9998474295667006
3980,0.13164163551277258
3981,0.9999426752571341
3982,1.3836829889978318e-05
3983,5.4068613859156186e-05
3984,0.9997878038435202
3985,0.9999971955378353
3986,0.9984255316519005
3987,0.004925648218489759
3988,0.9999969551006842
3989,0.9990243049835688
3990,0.9999761683073848
3991,0.036356650356114524
3992,4.132888230402919e-05
3993,6.649039954470373e-05
3994,6.163060131382331e-05
3995,4.7515602131339465e-08
3996,0.999770482785953
3997,0.9999464320885157
3998,0.9502538557545794
3999,0.9964204087355215
4000,4.5032719300929975e-05
4001,0.9996788183798698
4002,0.00011519800228862357
4003,1.1145087884300419e-05
4004,0.0005259112899194267
4005,0.03475949358283978
4006,0.999362578241809
4007,0.004276746284414299
4008,0.00268545591093129
4009,0.9912712651937055
4010,0.00024272309803735623
4011,1.702400851254878e-05
4012,7.409869609812184e-06
4013,0.11105492976685492
4014,1.0759623952518404e-07
4015,6.89200707418231e-06
4016,7.306002526221712e-05
4017,0.15034992098644517
4018,4.775668243962378e-07
4019,1.3177684087175062e-06
4020,0.00402677433809736
4021,0.9999817744309156
4022,6.093650844591547e-08
4023,0.9999986998180195
4024,0.999970801003378
4025,0.9999989081199687
4026,0.9974965971164358
4027,0.999824471395791
4028,0.004093233104899451
4029,5.394310188480279e-06
4030,0.024928312437741275
4031,0.9991242017272606
4032,0.9998331328796844
4033,0.9999551574117593
4034,8.835540698572946e-05
4035,1.57143872432048e-05
4036,0.9811264430667976
4037,4.263784789064957e-09
4038,1.856701819340469e-05
4039,0.0002482580501314175
4040,0.9988620959666814
4041,0.24156192929934003
4042,0.9994564492105308
4043,0.9994074832138649
4044,0.9999490026668816
4045,1.3698594874754444e-06
4046,0.00011822459955481856
4047,8.851978303568702e-07
4048,0.0005311867183801752
4049,0.9999759921674292
4050,0.9999213736652766
4051,4.1412209971498495e-06
4052,0.0004863750117606653
4053,0.9988607905585427
4054,0.9999990891631866
4055,0.9930560542864121
4056,0.00032566488827256523
4057,0.9996419139641233
4058,8.083025668122528e-06
4059,0.06360952100248925
4060,2.687592369212519e-05
4061,0.00012086301666961182
4062,0.9998333029695292
4063,0.999826881385483
4064,1.6636163139646823e-06
4065,0.0006931587980217973
4066,0.7427307933472187
4067,0.999330971455796
4068,3.211160716984446e-05
4069,0.9990264489319601
4070,1.8189547954492867e-06
4071,0.9999999652983559
4072,0.9999180326523481
4073,0.9999673264641719
4074,1.10661692918242e-06
4075,0.0019867603471666706
4076,0.0001198745262716235
4077,0.9999159401770307
4078,0.00024704017524060503
4079,5.201095691977264e-06
4080,0.9710877881078606
4081,0.1411894821863351
4082,0.9961362664323427
4083,0.9991890251133492
4084,1.2510141896204634e-05
4085,3.0250038172371886e-05
4086,0.9999903228475695
4087,2.603507208977996e-05
4088,0.0007187758186547104
4089,0.9936817640267087
4090,0.999993116194858
4091,0.9999969295853709
4092,0.9999719298113868
4093,4.931364459692048e-06
4094,2.30322570901252e-06
4095,0.999883809139908
4096,0.025435370440837227
4097,2.472601476772907e-05
4098,3.059993898559086e-06
4099,0.9999604574036316
4100,0.00017729426017191118
4101,8.793438551827895e-07
4102,0.9999095478750568
4103,0.9999884633569908
4104,0.9997546652592418
4105,2.518293967197951e-06
4106,6.854109595747457e-05
4107,0.9987174167004744
4108,0.9997773945952236
4109,0.15641319197525402
4110,0.9999258276930628
4111,9.137141219335526e-06
4112,2.312497960227238e-05
4113,0.999740364508128
4114,0.0010634285256089409
4115,6.660658836206193e-05
4116,0.9997082823484501
4117,1.9361117122059802e-05
4118,0.016892850634104457
4119,5.2415306279445e-08
4120,2.2302017677702292e-07
4121,0.9996628398502593
4122,0.9995592015289121
4123,0.00011357247515421307
4124,2.5691970666589674e-07
4125,0.9999468375954577
4126,0.9995137653792484
4127,2.4317281150631247e-05
4128,2.365342333587239e-05
4129,0.06281496519701384
4130,0.9999382226863054
4131,0.9999927168977392
4132,0.9999558870197469
4133,0.00012602252305561043
4134,9.270101359259306e-08
4135,0.9993785397096714
4136,0.9999968098000209
4137,1.9993367558145348e-07
4138,0.9999459215465464
4139,2.2312684156800202e-05
4140,0.028118332628945347
4141,0.9999350980472123
4142,0.999838132792087
4143,0.9998961914962071
4144,0.9999736634111412
4145,0.9999511816291091
4146,0.00021826085170039
4147,6.629790285665338e-05
4148,1.8017580416461963e-06
4149,4.864461223729103e-05
4150,5.796531597550429e-07
4151,4.305890321223151e-06
4152,0.99634186540075
4153,4.813099034524321e-05
4154,0.0009815560862046152
4155,0.9997797072010809
4156,0.0001558706214464427
4157,4.699844735458305e-05
4158,1.5045673658804552e-06
4159,2.2654924798517625e-08
4160,5.141870417550078e-05
4161,0.9999702570306783
4162,3.142864023946924e-06
4163,3.4265608899834535e-07
4164,0.9990583726856289
4165,0.999963432890884
4166,0.9999938870489652
4167,1.380818082238707e-05
4168,0.04008021275109181
4169,3.159445146552043e-07
4170,0.9999978778323176
4171,0.9999373187320801
4172,0.00022529850740904544
4173,0.9999769518039753
4174,0.998643176760307
4175,0.9999851854386268
4176,0.9999502623764446
4177,0.9999656028552265
4178,0.9999884444255523
4179,0.49733450311137584
4180,0.9987224918338
4181,4.055576076239263e-05
4182,4.827231834246965e-05
4183,5.467237267275776e-05
4184,1.6745106528772213e-05
4185,4.612445116463841e-09
4186,0.9935267682828851
4187,1.2611735037051773e-05
4188,5.023776390722928e-06
4189,8.349425474795012e-09
4190,0.9998264494041511
4191,0.9146249579241675
4192,0.9999975202828907
4193,0.0022411553807526303
4194,0.99995637563955
4195,0.9992698590470743
4196,0.9992231713810782
4197,1.9552417498021487e-05
4198,0.9805702803334572
4199,0.9998109443267764
4200,0.25139538901726466
4201,5.323557891987687e-05
4202,7.707128318550088e-06
4203,0.9989288537219341
4204,7.097611974762134e-06
4205,0.0005752293424271721
4206,0.9999052461001552
4207,0.0034550672533529463
4208,0.9974289626030288
4209,2.641379870098717e-06
4210,0.9993409183717363
4211,2.362781601936333e-06
4212,0.022398030042270492
4213,0.0002148705825647752
4214,6.510139222576837e-07
4215,0.9999749309383311
4216,0.9959230092024046
4217,0.119332442257362
4218,0.9999895975765752
4219,0.9999996853237099
4220,1.1194321338408748e-06
4221,0.00016767777178958523
4222,2.1245217410645237e-06
4223,0.9975122466076133
4224,0.999106576307563
4225,0.000410790991774252
4226,0.008509194047380722
4227,6.400190962994622e-07
4228,8.593529880582794e-07
4229,0.9999515212450786
4230,0.9999514218440014
4231,0.9999708334922996
4232,0.0006146098153767297
4233,0.9993126730874796
4234,0.012249151189619637
4235,0.9994913095739039
4236,5.753116727752176e-06
4237,0.9999842264323567
4238,0.4825005264884517
4239,0.0007061790694095762
4240,0.9999165478351965
4241,0.00034541710577084194
4242,0.9999643945253014
4243,0.9999912067087903
4244,0.00037088542634943584
4245,0.999999479578975
4246,0.9997436237138161
4247,0.9999201852876111
4248,0.9874988531113088
4249,3.0791319004897316e-06
4250,3.6964374002045674e-06
4251,0.9999947147567406
4252,0.9993625919145149
4253,4.375914380632043e-09
4254,1.2453468223821842e-06
4255,0.9999831150808338
4256,0.002848624762620449
4257,0.9993162443113043
4258,0.9999774336464531
4259,0.9999994030537436
4260,0.9999894322375541
4261,0.9747905743191726
4262,0.2982954212652147
4263,2.2224821978012385e-05
4264,0.9999438167846346
4265,0.99979471769572
4266,0.00038692543627595215
4267,0.9999960161658518
4268,0.9996941383551478
4269,1.1853285937621907e-06
4270,4.822081294312123e-05
4271,2.776713884432499e-05
4272,0.9994384017590262
4273,0.00016441610117375852
4274,0.9998870108998532
4275,0.2374792548114182
4276,0.9994739361332092
4277,2.063505487080782e-06
4278,2.8232987820607698e-05
4279,0.0001690025013910426
4280,0.1820300237526692
4281,0.0006840500294010406
4282,0.9999997894677005
4283,1.7023118876364416e-05
4284,0.0027593098209004415
4285,0.025746378431922325
4286,5.248336098008295e-05
4287,0.9998110906788558
4288,4.098395847397089e-05
4289,0.9999808836220497
4290,0.9999852653930004
4291,9.145757379265496e-06
4292,0.009217295210979647
4293,4.730345332275906e-05
4294,0.9999994250098212
4295,0.999975319629763
4296,8.108488271232157e-07
4297,0.9999202558617989
4298,8.065361920825826e-05
4299,0.9998710951921684
4300,0.9998658804551154
4301,5.753642900010901e-06
4302,0.9964512264747037
4303,0.9999568481776214
4304,0.9998626992896763
4305,0.7837684314982722
4306,0.005654047762408988
4307,0.9998818877588549
4308,3.283758176675617e-07
4309,0.9999891663454673
4310,0.005615714699032163
4311,0.04380978985949076
4312,0.0002596083632365796
4313,2.7383923718305025e-06
4314,0.9999970366379561
4315,0.9999920971847327
4316,0.9999695174546518
4317,0.9993844930303148
4318,0.0001630320619776301
4319,0.9998684418158079
4320,0.010249810439512863
4321,0.9756982291524253
4322,0.9988966675604561
4323,2.852623706106663e-05
4324,1.7166552860423538e-07
4325,0.9991105538082312
4326,1.9069304483089993e-05
4327,0.9994155779983871
4328,0.9999700400257213
4329,4.604839692253021e-06
4330,0.9998949088879278
4331,4.637965469099439e-07
4332,0.0004759106865881231
4333,0.9999642106426657
4334,0.9989436858200866
4335,0.999738966224145
4336,0.9999131660156789
4337,6.265684792224322e-07
4338,0.9999102641426953
4339,1.0777456382702844e-06
4340,0.9901227584512905
4341,0.9998623959670325
4342,0.9980050905579734
4343,0.9999305507328305
4344,0.99998955578907
4345,1.3020384729465956e-05
4346,2.362871428019504e-05
4347,0.9998209762874352
4348,0.006100592464557627
4349,0.9980891479289372
4350,0.9978877497928356
4351,0.9955183644950101
4352,0.999091905396371
4353,0.9932328526781192
4354,0.9999433760854316
4355,1.2143338734485059e-05
4356,0.001348725656038215
4357,0.9987627984373266
4358,0.9989237284977763
4359,0.00028933950182262583
4360,0.9998990255149869
4361,4.861358920603677e-06
4362,0.9999997595947013
4363,0.15470653721586028
4364,7.582325402177891e-07
4365,0.0005119696074804519
4366,0.00029651281606590314
4367,0.9999756057371519
4368,0.00011393878568540868
4369,0.9999229729200575
4370,0.999908537363749
4371,1.3071116042353582e-06
4372,6.348195555388816e-07
4373,7.773190830157293e-07
4374,7.958601992738019e-05
4375,0.9999829627049611
4376,8.830669410341654e-05
4377,0.006771049910394065
4378,0.9998379284675589
4379,3.7033809687275073e-06
4380,3.440886283063272e-05
4381,0.0003530828093677366
4382,9.959925864067585e-05
4383,0.9920953990936615
4384,1.6036197515073375e-06
4385,0.9999641994191987
4386,0.0039370815112464656
4387,0.000383283422291055
4388,0.9999903685433984
4389,3.3693547202480633e-06
4390,0.9999778730416621
4391,0.9997810182982266
4392,1.1934601169433447e-06
4393,0.999521139050366
4394,0.00022478241689146832
4395,1.4827493345890531e-05
4396,0.9994091541802502
4397,0.9999612357280336
4398,0.0003717808820197598
4399,0.003130313611023473
4400,0.9971310724958542
4401,0.9996408648459372
4402,0.0004582536408993259
4403,1.43578686695662e-07
4404,0.998643626843703
4405,0.9999504701986571
4406,0.9998805415226114
4407,0.9976295723554838
4408,0.9999861717542899
4409,0.9999688228039781
4410,0.9998627205548499
4411,0.9999494982150072
4412,6.765911311871028e-07
4413,0.9997906564333842
4414,3.994402850687902e-06
4415,0.9958372104711277
4416,0.9893515047302291
4417,0.9999355671041533
4418,3.264759878874868e-05
4419,0.0005013655518970859
4420,0.9977252860129354
4421,0.9999969677504207
4422,0.9999918980037548
4423,4.189933395110202e-05
4424,0.9999888610260133
4425,2.656121917550564e-06
4426,0.9999999714620748
4427,0.9980205528034118
4428,2.567140300509605e-05
4429,0.9999877455537988
4430,0.9999997881234906
4431,1.6543396484091296e-06
4432,0.9999686833651393
4433,0.0006485299683060951
4434,0.9998520874483346
4435,4.933748604753054e-05
4436,0.9998182249676462
4437,0.9991779908026407
4438,0.00012326113699234281
4439,0.9999990234888877
4440,3.7555089205594666e-06
4441,4.6104768764373745e-06
4442,0.004442776850253527
4443,0.9999945730059869
4444,1.1878134269411676e-06
4445,6.292547596343792e-05
4446,0.02074691762018053
4447,0.9999934111554959
4448,0.00039304145178664543
4449,6.752015854865521e-06
4450,3.810485037618325e-05
4451,0.9613765864324234
4452,0.9982679340873254
4453,7.373981160550252e-05
4454,8.380559443436547e-05
4455,1.472962582275981e-06
4456,0.9993633464309384
4457,0.9999968326979193
4458,0.0005044516551291466
4459,0.0029604066335402377
4460,0.000331234118598367
4461,0.001957364073133485
4462,0.0008682043926157081
4463,1.4009702305875262e-05
4464,0.99934912968576
4465,0.9993915001433759
4466,0.9999846199519015
4467,0.999999792046383
4468,0.9998393295071603
4469,0.9899405182823118
4470,8.040835997977875e-07
4471,0.9976229557823304
4472,0.9999961005775134
4473,0.9999983459459393
4474,1.511769155404066e-05
4475,1.8746090741829872e-06
4476,0.00016943448922350217
4477,4.790872985826897e-05
4478,0.997994544904146
4479,4.7295243592569835e-05
4480,0.913969141499247
4481,5.672720370485751e-05
4482,0.0024266922362766157
4483,0.9991409816798549
4484,4.5366828551028555e-06
4485,4.77040746823797e-08
4486,0.0010717935260567445
4487,1.750860389441481e-05
4488,0.0069580143024644756
4489,1.4300997758753975e-06
4490,0.00032001546488828677
4491,0.9949575626356556
4492,0.9999963375730138
4493,3.1016905000611542e-06
4494,0.999801492465877
4495,1.2264994622358663e-05
4496,0.00015994489397020393
4497,8.86399763653674e-07
4498,0.9884123581355844
4499,0.9999999127074181
4500,1.2690042920548653e-05
4501,0.9999795762433714
4502,0.9999661441662063
4503,0.0404443768984387
4504,6.984061973454624e-06
4505,6.976279127052236e-07
4506,2.363096350049625e-05
4507,2.1881842142365103e-05
4508,0.0001423961843212257
4509,0.01996031796691316
4510,0.00018126963717937964
4511,0.9973090936908777
4512,0.9815529772154996
4513,0.009461707000733
4514,1.5492167493006624e-06
4515,0.9991993083819459
4516,0.9999560577703551
4517,7.018041255576641e-05
4518,0.9943950310528228
4519,5.033034729154186e-05
4520,0.9999325343575124
4521,9.3328594916395e-08
4522,1.834530616565344e-05
4523,5.8409001844923685e-06
4524,3.5373879289827386e-05
4525,7.110871067194985e-05
4526,0.9999934285274039
4527,0.11795493935655721
4528,0.0006455709762070937
4529,1.5455719236552133e-07
4530,6.725779046863769e-06
4531,0.9999405796597669
4532,5.295143911268871e-05
4533,8.064513421224991e-06
4534,0.00017665439868834473
4535,0.9991814625096992
4536,1.6577837571195344e-05
4537,0.9995251829723706
4538,0.0001140689922403003
4539,0.9999135021145903
4540,0.006966760205622256
4541,0.9999907647203258
4542,0.0007041408358476109
4543,0.999673403192556
4544,0.005088731910671101
4545,3.625120729093255e-08
4546,0.9999718885505362
4547,0.9028853572202435
4548,0.9999175143522138
4549,2.1671135847540504e-06
4550,0.00014163794378995714
4551,0.9995293811207734
4552,2.170269969029829e-05
4553,8.544465462139583e-05
4554,0.9999985028293468
4555,1.0213541072852872e-05
4556,6.752923980334814e-08
4557,0.0007916111945261209
4558,0.9982624974750832
4559,0.9998885335170999
4560,3.3828989818103574e-05
4561,1.59060404258121e-05
4562,0.9999902510953097
4563,0.00016234623457527777
4564,0.99997237792479
4565,9.683891729265314e-06
4566,0.9987043834217018
4567,0.9999116777305868
4568,2.3564837785118316e-06
4569,2.7979883667150454e-05
4570,0.9777168115201592
4571,0.9987437288741282
4572,5.837980503449626e-05
4573,0.9987575648160858
4574,0.980267206573584
4575,0.9999042395545417
4576,5.905233134604288e-06
4577,0.9999892285248894
4578,0.9998913028697551
4579,0.0002165080720835525
4580,0.1438785746657371
4581,0.9996339064217052
4582,2.9562744448112987e-05
4583,0.00045705598906518847
4584,1.2872430122720308e-07
4585,2.775217197272898e-06
4586,0.998209653966948
4587,9.53809399739916e-06
4588,0.9999576025342681
4589,1.022962353346832e-05
4590,0.9999317554150277
4591,0.00012087339264010185
4592,0.03096535071348928
4593,0.9996038285506519
4594,0.9999990902496944
4595,7.457423492557048e-06
4596,0.9996836283078364
4597,2.001031296300147e-05
4598,0.9999996912905602
4599,0.9998347658820533
4600,0.0008546159429696588
4601,5.519373427053328e-06
4602,0.9999805888430142
4603,0.9988081215708019
4604,1.917353063917294e-06
4605,0.0016091800590173001
4606,0.9999964107860481
4607,0.04338376203544164
4608,7.628488386340239e-06
4609,1.5469177015531523e-05
4610,1.5781027889120395e-06
4611,6.977229704076767e-07
4612,0.00011203363386520147
4613,5.028818772997959e-06
4614,8.135871365009784e-06
4615,0.9998705659581167
4616,0.9999951114040369
4617,0.043935037783399314
4618,0.9999417548173001
4619,0.007263632132864163
4620,0.008487243764044963
4621,2.3815095302384894e-06
4622,0.9999852929641084
4623,0.9999944818214127
4624,0.9995536657146143
4625,0.017823580936030748
4626,0.9999960018454043
4627,0.9999789713786285
4628,0.999973417532431
4629,7.206670213109659e-05
4630,0.9989396441855285
4631,0.9969888240926313
4632,0.0003572015596199904
4633,0.0005751102509984564
4634,5.816564890260633e-08
4635,0.9998422819264986
4636,0.9996892789437597
4637,0.9999272584770006
4638,5.250891560086604e-07
4639,4.278971834513783e-06
4640,0.9999994299151976
4641,0.9986901238905755
4642,0.9820500082795663
4643,0.9999429123288728
4644,0.006101022520126982
4645,1.0955212494353898e-07
4646,0.997576761775156
4647,0.9999995869599495
4648,1.552601399365708e-05
4649,0.9998459744528018
4650,0.9975713935295087
4651,0.9976217028846436
4652,0.9994477416613321
4653,0.0005167865433670464
4654,0.9994280980533011
4655,1.4692860328880389e-06
4656,0.9592405995563473
4657,4.109288832070181e-08
4658,1.3299519664077963e-07
4659,5.3913788132411076e-05
4660,0.0002625733095035223
4661,4.451571380320662e-05
4662,7.854260795975627e-06
4663,0.00043796166578371457
4664,0.9998017336521582
4665,0.9999838660530211
4666,0.999880141803475
4667,0.99999326120336
4668,0.9999164908911687
4669,0.9514103545246899
4670,2.1764121411661836e-06
4671,0.9999935823428256
4672,2.1599232382201777e-05
4673,0.07323558084689322
4674,0.9993719304865039
4675,0.9999862485160057
4676,0.9999335500419209
4677,0.9999981335968819
4678,9.264974657236868e-06
4679,0.9974756076459338
4680,0.9998753272002063
4681,1.6269749978529132e-05
4682,1.9783594917849853e-06
4683,0.00012771165009375639
4684,0.1896238828068172
4685,0.9999193369726145
4686,2.0443000202807996e-06
4687,0.009521375844072215
4688,0.00028950204988478496
4689,0.9978450085299441
4690,6.668480509064942e-07
4691,0.9999932222395715
4692,1.7776676941360291e-06
4693,0.9999322832018273
4694,5.9342926370333174e-08
4695,5.857560569758866e-08
4696,0.05053380927335676
4697,1.2621656308161038e-06
4698,0.9981546923970497
4699,0.9995415176147965
4700,0.9997526013922298
4701,3.6108924348570736e-05
4702,0.9812753673049801
4703,6.828229540748491e-05
4704,0.0001934116217516591
4705,0.005789443805823967
4706,8.017615265646816e-07
4707,1.3831730373808933e-05
4708,0.9265035889748731
4709,0.9334418083319151
4710,0.9999785861110325
4711,0.9998911018593234
4712,2.917568154285032e-05
4713,0.9979268870726832
4714,0.8899403922549577
4715,0.9994271988322205
4716,1.8122013245723664e-05
4717,0.9988693375850577
4718,0.9976947251299358
4719,0.009809942320821132
4720,0.9999838608276791
4721,0.0001236158922313534
4722,5.500054888084959e-07
4723,0.9998567605451881
4724,0.9999840401799013
4725,0.036456780493017725
4726,0.999863534727555
4727,0.0025299311321286236
4728,1.3504488430440858e-05
4729,0.9999994293627027
4730,0.9924854462576871
4731,0.9999981394191627
4732,0.995841411595477
4733,0.993323669373865
4734,0.9994620659165394
4735,0.010117828744271654
4736,0.9998997933115674
4737,0.9997020263222316
4738,0.9989787820553261
4739,0.011597415174723732
4740,1.6198034050760385e-06
4741,1.3441917167549639e-06
4742,4.9733420499346406e-06
4743,0.6132540848821152
4744,0.9930742293444126
4745,0.9983922099356362
4746,0.991357069846439
4747,0.9987731110940727
4748,0.9289850008962252
4749,6.101451913595189e-07
4750,0.9999566392454996
4751,0.057607629409350734
4752,2.940053485529833e-05
4753,0.0017347570431833614
4754,3.317714576163219e-05
4755,0.9995062026906414
4756,0.9999084995474693
4757,0.9921620562301157
4758,5.778275273735998e-05
4759,0.001501990969537824
4760,0.0004581512773782164
4761,3.6582015868105813e-06
4762,0.0004298069745025871
4763,0.9996477764986712
4764,0.000152291380081497
4765,0.9999234636375163
4766,0.0008593996613842601
4767,0.9999845171028634
4768,0.010208177013909116
4769,4.387933093840003e-05
4770,0.0003035516784655266
4771,0.9999334677685295
4772,0.9999989919479281
4773,0.9999985235500911
4774,0.9991435485198243
4775,0.10393934821021934
4776,0.0011823855311868016
4777,0.000456324981122244
4778,0.9988342502591081
4779,3.818284970624481e-06
4780,0.9999660704728609
4781,6.172913935801864e-06
4782,0.9999793364330225
4783,0.9995447604227877
4784,0.9990302115617162
4785,0.003622526354505702
4786,0.9997795881641305
4787,0.9965636693839107
4788,0.99999934824203
4789,0.0010989161301839432
4790,0.9976822167753993
4791,0.9996557175563261
4792,0.9986029855808671
4793,2.4470346439404566e-05
4794,0.9995068871150758
4795,0.596982014518049
4796,1.6530118265638164e-05
4797,0.9999874613515801
4798,1.818647579090045e-06
4799,0.9978296882113806
4800,7.597413523063947e-06
4801,0.9998011025800612
4802,0.999897870496136
4803,0.9999950958911982
4804,0.9999364823311632
4805,0.999808790349803
4806,1.1516345378571218e-05
4807,2.3248183492328538e-05
4808,0.999552438327144
4809,0.00034730345446816794
4810,3.718476506811877e-06
4811,0.1833478601380101
4812,0.999022002238233
4813,1.9020589604769783e-05
4814,0.9999755854683169
4815,0.993736438279712
4816,0.9994370852265116
4817,3.807776433006366e-05
4818,0.9766680409051899
4819,0.00011482689384750577
4820,0.9999844142351342
4821,0.9997191734903658
4822,0.9975013616750353
4823,0.9999915569371334
4824,0.9997658936931965
4825,0.9991983730701955
4826,0.9997896318172746
4827,0.994930753385221
4828,0.999757766688075
4829,1.871503782882255e-05
4830,7.563980151480717e-06
4831,0.0012002257430526052
4832,0.9999893168693794
4833,7.816546315180817e-05
4834,0.9998272720053702
4835,0.9998560793002474
4836,0.9970794892376986
4837,8.915647811246066e-11
4838,0.9878820185085203
4839,2.2413941797671114e-05
4840,0.9999669779117613
4841,0.00042167344562627087
4842,0.9992617266261847
4843,0.9988318632207047
4844,0.02853918242975412
4845,0.00019200950409185274
4846,0.9982493149311459
4847,0.9999489285169457
4848,3.1494877428159755e-06
4849,0.9996246289382381
4850,0.9998677496227464
4851,8.660198843632169e-05
4852,0.9998520119355897
4853,3.009902471665697e-05
4854,0.9999624512427965
4855,9.633872605972276e-07
4856,0.9999053540845281
4857,0.9999973472470088
4858,0.9998848985925249
4859,5.867923007358897e-08
4860,0.9999871048413209
4861,0.9554262105532512
4862,0.7394420509690642
4863,3.253494675478702e-05
4864,9.777250918953622e-05
4865,0.9999064795580755
4866,0.9999954388782736
4867,0.9999895077256248
4868,0.13029153072894417
4869,7.20279772175847e-05
4870,0.9999574426710743
4871,0.9999453372689251
4872,0.9998294167331876
4873,0.9999090054817825
4874,0.999141479732311
4875,0.9579316884920557
4876,0.6425125486583271
4877,1.3917561308060954e-05
4878,0.0008972604172340627
4879,0.9972701315728792
4880,8.105061167317076e-07
4881,2.2778436994218075e-05
4882,3.230119040702075e-05
4883,0.9988433051202859
4884,0.00015815855315996433
4885,0.0005628394375351895
4886,2.8741885864960757e-07
4887,0.9994571653457747
4888,0.0005011474420699277
4889,0.9999708172932094
4890,0.9999245506325461
4891,0.0038913985118455524
4892,2.690557050173876e-06
4893,0.0033200252835779236
4894,0.9999840190764927
4895,0.9998960856651657
4896,5.202379618519444e-07
4897,0.9984808624332587
4898,0.9968686786377362
4899,1.1376675054176545e-06
4900,0.005746493912769268
4901,0.998970417655338
4902,0.9999540172540302
4903,6.595500303668839e-05
4904,0.0003447018369509232
4905,0.001986649326903773
4906,2.2692044054699625e-05
4907,9.220990479372453e-08
4908,0.9949092384233724
4909,0.9993832538545602
4910,3.930777621873525e-06
4911,0.99999874632287
4912,0.9998634695170006
4913,0.9999867856578001
4914,0.0003389691655324417
4915,0.9995594796031565
4916,0.016987105527801423
4917,9.98010204440846e-06
4918,0.36311153045277433
4919,0.9971514123483984
4920,0.0004039775479578598
4921,0.0008348172645830983
4922,0.00022865798500469137
4923,0.005169988293169283
4924,0.9927730042923205
4925,1.7326366149069323e-05
4926,0.9999991688200499
4927,0.9997902973202163
4928,7.941902509197844e-05
4929,0.999995475265755
4930,1.339963932967081e-08
4931,0.9999627056762592
4932,1.7859234511592157e-06
4933,9.1146123169668e-05
4934,1.2677437053593123e-05
4935,0.9999782598610822
4936,6.558424905900546e-05
4937,0.9999676400679135
4938,0.9988171878737455
4939,0.9998792268335461
4940,0.9998594487140079
4941,0.9965631612122514
4942,0.9999830563788222
4943,0.0001740107670968473
4944,8.082562327451914e-05
4945,0.0001619504481142372
4946,0.9995611599259231
4947,0.00024824438490297327
4948,4.054405212108295e-06
4949,2.9109401683123436e-07
4950,0.9999626956170399
4951,7.058798537735214e-06
4952,0.9998563469586496
4953,0.999947725056272
4954,0.999977350543335
4955,0.996925408671744
4956,3.117265767344503e-05
4957,0.00015688557784502067
4958,2.7034723033862348e-05
4959,0.6156224828936372
4960,0.7376495636427434
4961,0.00019851327581744775
4962,0.9999642024926406
4963,0.9998972865565791
4964,5.198834354402554e-06
4965,0.9997296634230955
4966,0.9998790523706446
4967,5.581269121746619e-06
4968,1.6563935499039183e-05
4969,0.999992652083698
4970,0.00044950970347126145
4971,0.9990144666263518
4972,1.448659916903691e-05
4973,0.9999560564171458
4974,0.9986655228767819
4975,0.00015967559532133766
4976,0.9963697046862149
4977,0.10273125982132116
4978,3.9326951024578454e-05
4979,0.9979215506777979
4980,0.9999911935365876
4981,1.008846358635476e-06
4982,0.9999947298131048
4983,1.9037370702026754e-05
4984,0.9999292321975064
4985,0.9906793804138955
4986,0.99999216524114
4987,3.744974935321647e-07
4988,0.9999569068486703
4989,0.999821053108227
4990,6.374014906319688e-05
4991,8.135059517751911e-05
4992,0.9999959555221659
4993,0.9684035188847621
4994,0.00011171576234634546
4995,6.687775607664012e-06
4996,0.9999378846398878
4997,0.0018368254938254344
4998,0.9999733040493264
4999,0.9998885890448765
5000,0.9999989099525515
5001,0.006139993525449087
5002,0.0025412331293024697
5003,0.9997191415248301
5004,0.9995266129187415
5005,3.14702720594561e-07
5006,9.293776345184337e-06
5007,3.532735047842235e-06
5008,9.061253813603371e-06
5009,9.55429866533923e-06
5010,2.7361830468380517e-07
5011,0.9996775460140571
5012,2.3430898917324e-06
5013,0.011920652593628863
5014,0.0051839719819199
5015,0.999994930432463
5016,0.9962463123433802
5017,0.9991188921564921
5018,8.069088202259346e-05
5019,0.9998482224332866
5020,0.00017559248887082497
5021,0.9999918893873837
5022,0.9999976304792186
5023,7.316386234579685e-05
5024,0.9999923465616636
5025,0.0003936347682936445
5026,0.00013268150315103375
5027,1.934874468932626e-05
5028,0.0014919046180725665
5029,7.149984542086194e-06
5030,0.99178568846521
5031,0.9951874256077183
5032,0.02459890948750561
5033,0.9999637470414089
5034,1.1956676290134315e-08
5035,0.9999966899473075
5036,0.9999863999766341
5037,4.695044785750127e-05
5038,2.586906707998261e-06
5039,0.00020878452286647313
5040,0.9994532772414504
5041,0.02609620247621825
5042,0.0009477251828039679
5043,2.2181765896981256e-05
5044,1.0781822293028053e-06
5045,0.9999514979414627
5046,0.9999865262138937
5047,7.459643846552271e-06
5048,0.9979673774183903
5049,0.9999164958003229
5050,0.0016646585010321388
5051,0.00011447268156154509
5052,0.9998981842140547
5053,2.006923986155396e-05
5054,9.513041941771653e-05
5055,0.0009557038113377522
5056,0.9963281989761392
5057,0.002407464381471454
5058,0.0001614302580052041
5059,2.2845504852172516e-06
5060,0.9999821259547482
5061,0.8363298470869649
5062,0.9993534119347551
5063,0.9918051172616109
5064,0.9999469164157144
5065,4.790795549144045e-06
5066,0.9840890616404822
5067,0.9999017135020882
5068,0.9999904619683094
5069,0.999373292646374
5070,0.9999944989943467
5071,0.9999311750428769
5072,0.9999923530298005
5073,0.9999524615257589
5074,6.844528822829143e-05
5075,4.872316597213844e-09
5076,2.86028732630198e-05
5077,0.9999727601009837
5078,0.9971340916115075
5079,3.497193685827475e-05
5080,0.9999448731147097
5081,0.999881324011175
5082,0.0022388527449457383
5083,1.496366094431877e-06
5084,3.105581958255067e-05
5085,9.282866580603415e-09
5086,0.9296058954311007
5087,3.7493820114723055e-05
5088,0.00037015576586470455
5089,0.9999939024890554
5090,0.9995365390588571
5091,0.00013174465952836233
5092,0.9998028309155239
5093,0.3558496940742664
5094,0.9740686846114852
5095,0.017089117654237183
5096,0.9994703178043606
5097,4.692708976326017e-06
5098,0.9993336536435247
5099,1.0833947726932588e-05
5100,0.9999827801172534
5101,0.9998883955138195
5102,6.736747442168966e-08
5103,3.387612300944401e-05
5104,0.00010059473519573555
5105,3.652086664599539e-05
5106,0.0043525851309332494
5107,0.9999996509828947
5108,2.0484956814867084e-06
5109,0.00011810915527750296
5110,0.0018124120387965899
5111,0.9999695668535155
5112,1.714591318285238e-05
5113,0.9627745037178829
5114,0.999558025845581
5115,0.005271267904801436
5116,0.9984788099513762
5117,0.9997474454729313
5118,0.9999518642035783
5119,2.2036536945823247e-05
5120,0.9999819372487061
5121,0.9989741274305605
5122,1.7519168124457065e-06
5123,0.9999993540133597
5124,0.00019874270893318705
5125,1.4673087856141602e-06
5126,6.0555488554357186e-05
5127,0.9994822818313608
5128,0.9998549613180803
5129,6.377537060635643e-05
5130,0.9999933197656095
5131,6.724822995208285e-05
5132,1.4262653175033107e-06
5133,6.829544430453902e-06
5134,8.600341216359854e-07
5135,0.9997161215249625
5136,2.7724986187529962e-05
5137,8.018781006962079e-06
5138,2.2704379736454432e-06
5139,7.72463996805623e-06
5140,0.0006324762988342764
5141,0.998522747947453
5142,1.1169183534774592e-06
5143,0.9982850611460723
5144,1.1114813236880732e-06
5145,0.999995721403508
5146,0.9999595224664012
5147,0.9999997979973319
5148,0.9999649516134177
5149,4.46089116997387e-08
5150,0.9999878093935692
5151,0.00017173566560006411
5152,2.8384623510577985e-05
5153,0.0006020012677376144
5154,0.00023506297031268723
5155,0.9991994569452493
5156,0.9995718101334139
5157,0.9999732331294128
5158,0.9999332242001561
5159,0.9997646370382385
5160,3.0557107693128414e-05
5161,3.3307701636990235e-06
5162,0.999997291642595
5163,0.9993555331731675
5164,0.8251242214069177
5165,0.9999009216869288
5166,0.6064057357475424
5167,1.5576131978943599e-06
5168,0.0016263758254784564
5169,4.9774025089454895e-05
5170,0.000242972102606165
5171,0.9999950492415066
5172,0.9999209350177165
5173,0.9984366590323696
5174,6.019196879245749e-06
5175,0.9864615414593257
5176,0.9999994686470896
5177,0.9999985941499234
5178,0.0020388079210992937
5179,9.784734950701594e-05
5180,0.9999996796304313
5181,3.72171773508195e-05
5182,2.1950909246103574e-05
5183,6.664581912950989e-05
5184,0.005628904076859439
5185,2.3279814649367155e-05
5186,0.0001643398739731335
5187,0.9992614983669293
5188,0.9999240512229952
5189,0.9999917563600055
5190,0.004458715241337948
5191,0.9997780764412624
5192,0.00034262051289402475
5193,5.324659992440208e-06
5194,0.9998965857632176
5195,2.9519820282566704e-06
5196,1.1759058976963738e-07
5197,0.00023624473517556475
5198,0.9993238264194996
5199,0.07788914656423288
5200,0.9997840469303076
5201,1.1573456862874328e-05
5202,4.147917917186878e-07
5203,0.9995807922844634
5204,3.5200684778360942e-06
5205,5.748796678275954e-08
5206,0.0002860355729013922
5207,1.3702102029899153e-05
5208,1.312658691023788e-05
5209,0.07617790490993974
5210,1.704387856870624e-05
5211,5.494577026669697e-06
5212,0.99780094260238
5213,3.4401791712324563e-09
5214,2.926850743114247e-07
5215,0.9997176895596556
5216,0.5802097169163339
5217,0.997988814849334
5218,0.9998934767277166
5219,5.394136528094744e-05
5220,0.9999996666833432
5221,3.625715382170405e-05
5222,0.9981228067371742
5223,1.1960736103546322e-06
5224,0.9999656366065937
5225,0.999999399785363
5226,0.9999454366974332
5227,0.00010024222660587583
5228,0.9999744865560167
5229,0.00014987909140690435
5230,0.07701319049809041
5231,0.9999277125187647
5232,0.999711555843115
5233,0.9987369104750956
5234,0.9998322478965509
5235,0.9930865611364549
5236,0.9999990567307322
5237,0.9998021357783884
5238,0.9994224100434856
5239,0.9970810812612335
5240,1.1810434844096007e-05
5241,0.9999945523796141
5242,0.9998418321495018
5243,0.9999826606453341
5244,0.9959521669162105
5245,2.2602680080613186e-08
5246,0.0001587064032168798
5247,8.456017958353031e-05
5248,0.0005415516736174959
5249,1.154131641440826e-05
5250,9.6988323149924e-05
5251,0.9999825058501434
5252,0.000290394446359188
5253,0.4244720901777705
5254,1.0921062629827375e-06
5255,0.0001275196971080852
5256,0.9999650332191178
5257,3.998796399739904e-06
5258,0.9998880804653109
5259,0.00031481889756533496
5260,1.2413293517964773e-05
5261,0.002125192267158643
5262,4.3447188819886754e-05
5263,2.157340748906102e-05
5264,0.999883433406248
5265,2.833563620710254e-05
5266,0.9999447332716528
5267,3.7792717788292594e-08
5268,0.7851537809694419
5269,1.6420670123609335e-06
5270,7.105103758520775e-08
5271,0.999990109203428
5272,1.4842444862487239e-05
5273,0.9996072239115541
5274,0.9999975144514512
5275,0.039541106085116524
5276,0.9998699246345951
5277,0.999564890782656
5278,0.9991191003917419
5279,0.9998152170181709
5280,0.0020538356351574253
5281,0.9991739750253049
5282,2.7726150480445662e-05
5283,0.9441289391113741
5284,4.361495766239123e-05
5285,8.499885751636988e-07
5286,0.0007115856049473056
5287,0.0005188070252572397
5288,0.9998203254985707
5289,0.8349362132457294
5290,2.7979921771304304e-06
5291,0.9987248661961315
5292,0.9999585222511865
5293,0.9999696211621792
5294,3.928465980398893e-05
5295,0.017269307013025734
5296,1.3589151045543203e-05
5297,5.667779061915633e-06
5298,0.003950897083889757
5299,0.9880234895325986
5300,0.00012481282565754155
5301,0.9904027088389127
5302,0.9998891312175847
5303,3.621934661686138e-05
5304,0.9999697795312645
5305,0.9999925294675563
5306,0.9999936500008485
5307,0.9999858142594391
5308,0.999748694267315
5309,5.251501477564981e-06
5310,0.9999042966362931
5311,0.0004323203014969909
5312,2.7860162807897962e-05
5313,0.4175390040366293
5314,0.9941572485237997
5315,0.9998498356265793
5316,2.8681030414478657e-06
5317,0.9970117935577945
5318,0.9999970111170303
5319,3.5847016736050888e-06
5320,0.9999854285112243
5321,3.837138270758493e-06
5322,0.9985702872280542
5323,9.708703071263268e-06
5324,0.9801628247203747
5325,5.761610932579665e-05
5326,0.8312715470156663
5327,0.9996618239429548
5328,0.9999946954364637
5329,4.280833061095656e-06
5330,3.80543257688772e-06
5331,0.9993542848126385
5332,0.9999690220989055
5333,0.9516182604291242
5334,8.248665066366011e-06
5335,0.0007509826493276876
5336,0.9979047538601872
5337,0.9999955870961046
5338,1.2271612036728271e-05
5339,0.9999893741002209
5340,0.03571985225697887
5341,1.1758604411822668e-05
5342,2.4494109131659065e-06
5343,0.9999976845592267
5344,0.9996815156937063
5345,7.746404766107282e-06
5346,0.9921854259047105
5347,0.9991405422413381
5348,0.9999716267641223
5349,0.998834788558098
5350,0.999397491522344
5351,0.9999825556209716
5352,0.0018928127310960951
5353,2.9926452575865247e-06
5354,0.00025706536757621594
5355,5.0967741344536935e-05
5356,0.0013309639693520326
5357,0.9990027931037995
5358,0.9999896365473138
5359,4.204017160571233e-05
5360,5.698922623971609e-06
5361,0.9999809284709615
5362,0.9819977032639892
5363,0.00018599900880047996
5364,0.00016838580411023842
5365,1.3205074641512348e-06
5366,0.9935849525265029
5367,0.9998204074581158
5368,3.8966649119166986e-05
5369,0.9671945262465174
5370,0.9996515659079133
5371,0.9999992874412497
5372,8.711566169942984e-08
5373,0.0034574683279646502
5374,1.489995226592889e-06
5375,0.9998898099548793
5376,0.9999309775281034
5377,0.9998711549576136
5378,0.9862092577746737
5379,5.0351251781487315e-05
5380,0.9999914315807185
5381,0.9999953089242116
5382,0.9995495752923664
5383,0.9991047802010141
5384,2.6558614447367233e-05
5385,0.9998072437773652
5386,7.600308366639594e-05
5387,0.00028490527412728555
5388,0.9999785741376799
5389,5.245951525912251e-05
5390,0.9999299259914286
5391,0.9993460009696591
5392,2.6888341317652402e-05
5393,0.9994794052547205
5394,0.9999387987685783
5395,0.9999350247240034
5396,0.9998615627302871
5397,1.1192024733849293e-08
5398,4.875366408306497e-07
5399,0.9999604666645103
5400,0.9994510914032684
5401,7.344911721592099e-08
5402,0.9999732451663688
5403,0.9998817830119924
5404,0.999605532274659
5405,4.297576770009643e-05
5406,0.9999950307126789
5407,0.9998115798697824
5408,9.562201615862847e-06
5409,0.9999159757024907
5410,0.9996866762976709
5411,0.9993081586404322
5412,2.921314182226758e-05
5413,0.9999997392511062
5414,0.9999387332850989
5415,4.2111085688502576e-06
5416,0.0007278472701560101
5417,0.0005851613138790727
5418,0.9906746096608683
5419,0.9859860285667247
5420,0.9998896726052178
5421,0.9962162589749477
5422,0.9954203003033231
5423,1.1175293217226574e-06
5424,0.0002678336615847772
5425,0.9994735930417126
5426,0.9999872980499072
5427,0.9999845667840858
5428,0.9999987926119535
5429,4.618128778710286e-05
5430,0.0003194895582956287
5431,0.9808430041955865
5432,0.9999968816444844
5433,0.9999962404304652
5434,0.9999790854356713
5435,0.003406490154835916
5436,0.9985103888226557
5437,0.9999826264534685
5438,0.9999269251109301
5439,0.027528881079060465
5440,0.9989169757104468
5441,0.9979816450416522
5442,0.999920951616188
5443,0.9998707386704608
5444,0.9999128935793496
5445,8.320600234671544e-07
5446,0.9999184129015156
5447,0.9914544211895269
5448,0.9970349621737699
5449,0.9999898480071168
5450,0.999983395578432
5451,0.9996321310164715
5452,3.588597415747934e-05
5453,1.8757867958819474e-06
5454,0.999980686342716
5455,0.9996701353568346
5456,2.009048924813559e-05
5457,0.9978832178559263
5458,0.998516186539841
5459,0.9998078897863205
5460,8.131173784748216e-05
5461,2.5030537628912993e-05
5462,4.5489035127713426e-05
5463,0.9999931747689879
5464,0.999818787689751
5465,0.9999954418185562
5466,0.00037168031718089986
5467,0.9999840636797241
5468,0.9994934879610002
5469,0.7917024993038151
5470,0.9989049237640216
5471,0.859125267152215
5472,1.2979598261264907e-05
5473,0.9930606989507422
5474,6.950667773935869e-06
5475,0.9956056828655948
5476,8.439262943205652e-07
5477,6.089673649540396e-05
5478,0.9999546853501898
5479,0.9999153478448473
5480,0.00021307463576279552
5481,0.9999590751260433
5482,4.684015405700512e-06
5483,7.045883213884051e-05
5484,0.9999776620235526
5485,0.9998950281619061
5486,3.318812247639144e-06
5487,0.999999913109404
5488,0.999937971408306
5489,0.9999729025619606
5490,0.9999976141260224
5491,0.9998023452034379
5492,0.18301010870579446
5493,0.999947475140251
5494,0.9988991091106681
5495,0.9994605042546694
5496,0.9992156984398141
5497,0.9959058594866788
5498,0.0008991996200596495
5499,2.7155052476500132e-05
5500,1.6860702313731525e-05
5501,0.9983877419555592
5502,0.0016646809891886155
5503,0.999536177075949
5504,0.9998281672023347
5505,0.9155055938614683
5506,0.42008021008073043
5507,0.999011362616219
5508,0.9999419347160133
5509,0.9999102482315857
5510,0.9999992422668558
5511,0.9887507339576388
5512,0.9989406964053112
5513,0.9999817355090145
5514,0.9999361859942242
5515,0.9997179446612549
5516,0.9967066695439356
5517,5.1747701932231526e-08
5518,1.2581440730035977e-08
5519,0.9999500730209667
5520,0.9999837902028987
5521,0.9977979222563471
5522,0.9999489860080089
5523,1.0284240186442877e-05
5524,0.9997976871846843
5525,2.85135419896106e-05
5526,0.9999845046865098
5527,0.9999844077177777
5528,0.9985331974729383
5529,6.158121915311524e-05
5530,0.04408405978572612
5531,0.9999445557829848
5532,0.9997771339967262
5533,7.561988203867192e-07
5534,0.9999934061977289
5535,2.5255403360289643e-06
5536,0.9996764250142904
5537,4.269562283783563e-06
5538,0.0005572220228945732
5539,0.9999861526553037
5540,1.014541066619818e-05
5541,1.7760731653197442e-05
5542,0.00151137275753671
5543,0.9994486325643339
5544,2.84756218645329e-06
5545,0.00012086301666961182
5546,0.03001363614003775
5547,2.9042047966047346e-06
5548,0.9997665515226964
5549,6.254497816731812e-08
5550,0.998676732244259
5551,0.996784792373499
5552,1.5746736433350616e-06
5553,0.03222222509399255
5554,0.9979928875127053
5555,0.9958318315900871
5556,0.00010059473519573555
5557,0.0014826207025806224
5558,0.9993072431569882
5559,0.9999561430204383
5560,0.9999703101631535
5561,0.999868091126964
5562,0.9999980741720407
5563,0.004271956251565735
5564,0.0002520315039710506
5565,0.9999888841826099
5566,9.965760286762617e-06
5567,0.9998842563701522
5568,0.9998536471413774
5569,0.06385991873952074
5570,0.9995788953418074
5571,0.9992994824128211
5572,0.9998931260705903
5573,0.9978596599436077
5574,0.9997030874641233
5575,0.9999488598907356
5576,3.2248199676261815e-06
5577,0.999751988040348
5578,0.9988784971548136
5579,6.965500802682531e-05
5580,0.9999994062799481
5581,0.9942624168020875
5582,5.885810646926125e-05
5583,0.08511497885279881
5584,0.9999917125089797
5585,0.9996570405130955
5586,0.9998202557448564
5587,0.9999964621050131
5588,0.999612359594886
5589,0.0011124671706803338
5590,0.9999789675320129
5591,0.9999839241253581
5592,0.999933949408244
5593,0.9999893082821539
5594,0.9999918522757895
5595,0.007569723760424367
5596,0.49915297042583795
5597,0.9717384873236522
5598,4.494438153812759e-06
5599,1.244288531919528e-06
5600,0.999994457720236
5601,0.9992564171797109
5602,0.9998362271138616
5603,1.635344014955988e-05
5604,0.999986784325915
5605,1.2737819034547985e-06
5606,1.4313815539211664e-06
5607,0.9993795687977636
5608,0.9999526223738938
5609,5.812256574856477e-08
5610,0.9999501122810939
5611,3.019302986060981e-06
5612,1.1227670333924895e-07
5613,0.9996749157938095
5614,0.9999820384380003
5615,2.49840978088929e-05
5616,0.003356488975397157
5617,0.9996115425787476
5618,0.9999988355076403
5619,0.9996696848364519
5620,0.9999462172116752
5621,6.910665744012078e-07
5622,2.327759720553884e-06
5623,0.0005351022261658983
5624,9.717140398506559e-07
5625,0.9999963439314616
5626,0.0004012769058548873
5627,0.0010413784812027809
5628,0.9999901235182368
5629,0.9999677763345234
5630,0.9999317741351054
5631,0.9996611168363793
5632,0.0005953362920401809
5633,0.9965686273153683
5634,0.7490705255202583
5635,0.9995859686189635
5636,1.3115015993437632e-05
5637,1.9120909678095085e-05
5638,7.333373027736998e-06
5639,0.9147947218695909
5640,0.9995146365297346
5641,0.9996771251911917
5642,0.9974363385175183
5643,3.2756852226269876e-06
5644,0.9871301894834665
5645,5.3180068376794694e-05
5646,0.0008323956352967687
5647,2.1162250473366533e-05
5648,0.20385493526972914
5649,0.9999857833279325
5650,0.9998640291588682
5651,0.9998994604434563
5652,4.864418350181272e-07
5653,0.9982450293962436
5654,7.198554406053091e-08
5655,0.9999381632804224
5656,0.9970769486306233
5657,0.0015078371242284296
5658,0.915704099799078
5659,4.553683207911908e-06
5660,0.9994881383035381
5661,5.3563201111425976e-08
5662,0.9999759576630383
5663,2.712705844325772e-07
5664,0.0007446618482374597
5665,0.999998114719012
5666,6.302443691170565e-05
5667,0.9999838479453331
5668,0.0005860114078486066
5669,0.35752896935085565
5670,0.999475682475356
5671,0.00015352078068840946
5672,0.9996735640267541
5673,2.786360388434016e-06
5674,0.0009786672435404833
5675,0.9970223387266653
5676,0.9647393606340009
5677,0.9999995505931726
5678,4.723376135495556e-06
5679,3.539278628740528e-06
5680,0.9999792095282785
5681,1.46614312338156e-05
5682,9.707270183812341e-07
5683,5.897955868195329e-05
5684,0.9990069461510389
5685,3.359963175236695e-06
5686,1.35426966238517e-06
5687,0.00012194200910410318
5688,0.9999671723386677
5689,0.9999578225321613
5690,0.9999038367846629
5691,0.9989997922447993
5692,0.9992137029862939
5693,0.9996395430736486
5694,0.9997042952179089
5695,0.9997763441096806
5696,0.3222361028722679
5697,0.9997260111360217
5698,0.9998028281560339
5699,3.9142183846710954e-07
5700,0.9999984945801151
5701,0.9999863514210882
5702,2.2022023276491225e-08
5703,0.9996305883121869
5704,7.820310149792294e-06
5705,0.9957719910348564
5706,0.9999947023722008
5707,0.018095537954647595
5708,0.9985199605520723
5709,1.1929991124417364e-06
5710,2.0496884542572714e-05
5711,0.5604360554762571
5712,9.004352441655936e-05
5713,1.3665567728515413e-05
5714,2.455886039750217e-06
5715,0.9999972558158609
5716,8.006704773588213e-06
5717,0.982845236127157
5718,0.9750619998586546
5719,0.0049608925933111525
5720,0.0312860213921789
5721,6.971359631125585e-05
5722,0.08357456978262741
5723,0.0004958731667849511
5724,0.001464089138831543
5725,2.0440681371717138e-07
5726,7.5716922463387716e-06
5727,3.2494634683727644e-07
5728,3.3613964293438943e-06
5729,3.086236003516275e-07
5730,0.9934475164805127
5731,0.37178413972709673
5732,0.9999977449219862
5733,0.9998896209133532
5734,1.0241413854901836e-06
5735,0.9999868072944421
5736,0.0020127975908522835
5737,0.9995784993943921
5738,0.9987993641748876
5739,0.9999959776545579
5740,0.9999950487840958
5741,0.0009957010225837837
5742,0.994681335393571
5743,1.545233956959233e-05
5744,0.000160361813040686
5745,7.829240658896485e-06
5746,3.367541086445531e-05
5747,0.9990847419433564
5748,0.9999015859378471
5749,0.9763054179245474
5750,0.03125371701366342
5751,0.9999555111134966
5752,0.9998916334228463
5753,0.03665504445300594
5754,0.00024727422772306514
5755,0.9962499208593616
5756,0.9823607032886921
5757,4.616108038145856e-06
5758,0.0012525327483950254
5759,0.999674524334191
5760,0.8706005265198286
5761,1.5131311742416137e-05
5762,3.851252631508616e-05
5763,0.0002678544023632306
5764,4.997702684826987e-06
5765,0.9999598808067385
5766,0.9556204065100697
5767,2.5761372466194626e-05
5768,0.9086056931584339
5769,0.00017112512240967566
5770,9.381157862069518e-05
5771,0.9998164456492835
5772,0.9999988254667795
5773,9.210388823069875e-06
5774,7.05072232360813e-07
5775,7.184041353097676e-06
5776,0.9999974245590744
5777,0.9999406590091491
5778,0.9989074998382591
5779,0.9998206780443264
5780,0.9982926698803378
5781,4.192006176564375e-05
5782,0.9999962610700693
5783,0.9999102934452512
5784,0.9999991435204306
5785,9.661977651786603e-05
5786,3.075064133317141e-07
5787,0.9995234034147322
5788,0.0006024795389206795
5789,0.9999742874790434
5790,7.202811164308511e-05
5791,0.00010555016021633337
5792,0.00020963088614751535
5793,0.0018159829301041322
5794,0.9997394744772666
5795,0.9985092161491209
5796,0.9995566433947634
5797,0.0025251373667098224
5798,0.9998773461359899
5799,0.9993950827837068
5800,9.108246934514555e-06
5801,0.9860427295034405
5802,4.050649824618917e-06
5803,1.7274592076651713e-06
5804,0.9999889175345755
5805,0.9999673662299399
5806,2.5712575487577684e-06
5807,0.9999633364669095
5808,0.999825109128858
5809,0.9999144020441092
5810,0.18798029976112507
5811,1.7552742033163014e-05
5812,0.0009511051875791894
5813,0.9988115583419619
5814,8.192678061751551e-06
5815,0.9999816565255599
5816,2.206722715277622e-07
5817,5.519735487405437e-05
5818,6.665290924387324e-05
5819,0.9929807915995886
5820,0.9999510336222873
5821,0.9999970188138273
5822,0.005537462831407824
5823,5.237609136358813e-08
5824,0.9998680219361847
5825,0.9999272374995257
5826,0.8723365698363701
5827,0.8337530568668386
5828,0.9995035758898515
5829,0.9998606708966403
5830,0.00010706827163077262
5831,0.9999902366374087
5832,0.00015033078142864519
5833,0.9971745389724144
5834,0.9999733544492502
5835,1.6167860515944916e-07
5836,0.9743481795580766
5837,5.5282336780088035e-08
5838,0.010278308054638523
5839,0.9991115413775717
5840,2.8243475746911474e-05
5841,0.00634875239865878
5842,0.0010214497931450193
5843,0.9999989159803031
5844,5.7230458486017434e-05
5845,0.9996397420859677
5846,5.458031713227016e-06
5847,6.812917423717473e-06
5848,0.6776863155367167
5849,0.9954462459697035
5850,8.589784916722769e-05
5851,5.964032290060836e-05
5852,0.9999678873739685
5853,1.3394558736592618e-06
5854,0.002213591413317625
5855,0.00010715322620426721
5856,1.1791316949226458e-05
5857,0.0009358465031162398
5858,0.9996392500702412
5859,9.923849427760963e-06
5860,0.9999463657138105
5861,0.00014522881327563823
5862,0.999956883840462
5863,1.7375528388630858e-06
5864,0.18131264490109486
5865,7.10408619580163e-05
5866,1.138013189866536e-05
5867,1.7761672969497533e-07
5868,3.4548462771580017e-06
5869,0.9999426034778595
5870,0.1228849476549455
5871,0.046891595959962964
5872,0.00024001583168090166
5873,0.9999993306093271
5874,0.999792027573558
5875,0.001057467430210339
5876,1.092613926567516e-06
5877,0.897166953752866
5878,0.9999985908727761
5879,4.856226125169525e-06
5880,0.9999566889865815
5881,0.9999730378878335
5882,0.997795934441832
5883,0.9999039506771226
5884,0.999902485068825
5885,0.0020345032147636947
5886,0.9999615524325859
5887,1.6706272872921398e-05
5888,2.7029161790156976e-06
5889,0.0002476561045746005
5890,0.9997906654179798
5891,1.6483326508971572e-06
5892,0.9998643181210966
5893,0.9998415449914634
5894,3.3003881202940386e-05
5895,0.0642114243816047
5896,2.5782664138556486e-07
5897,0.32167019423722243
5898,0.9974200890839044
5899,9.024603664888232e-06
5900,1.4854774592045801e-06
5901,0.999937896579187
5902,1.9196178834461085e-05
5903,2.2024064373709744e-07
5904,0.9999892084222884
5905,0.9998806517126553
5906,0.0001825020488620533
5907,0.00034708288327935376
5908,0.9990322726240746
5909,0.00013484748183932598
5910,0.015928891930296295
5911,0.9999998732154075
5912,1.8017580416461963e-06
5913,0.03901632956967261
5914,1.2582599819624703e-06
5915,0.9998272605623209
5916,0.9999834358326377
5917,0.9999692140874212
5918,4.365443759764208e-06
5919,0.999785643426722
5920,1.244144003328967e-05
5921,0.0004466818559573009
5922,0.9981043201373935
5923,0.9885605916880102
5924,0.999994537708472
5925,0.9999985529338543
5926,4.610679100370647e-06
5927,1.1018734582448946e-05
5928,0.9999458567118741
5929,0.9999979335769598
5930,0.9999850345083359
5931,0.99999853194475
5932,3.051482920988024e-07
5933,9.479121929335363e-05
5934,0.007035784872071534
5935,0.9999946114758287
5936,0.9995490807106931
5937,0.022006842221598138
5938,0.9998077581750467
5939,1.4215783205538261e-05
5940,0.002199219170169538
5941,2.7583442814342033e-07
5942,0.00011626493342937349
5943,0.9997260530545341
5944,0.9999727317938626
5945,1.361762026864278e-06
5946,0.9999333144291775
5947,3.8694230145735637e-07
5948,0.9997558542190262
5949,4.772633893450376e-08
5950,4.899905661084598e-07
5951,0.9999722457882178
5952,0.9997859913401511
5953,3.307293712104842e-08
5954,0.00030780788396996017
5955,0.9963942261387064
5956,0.008272026428642781
5957,0.9981945102812754
5958,0.999338193507024
5959,0.007974440734238052
5960,0.00010398727753891788
5961,0.0002780355202121797
5962,5.31708884046428e-05
5963,1.8899160978519028e-05
5964,1.3849578268547244e-06
5965,0.9998755567441968
5966,0.9999379308774113
5967,0.0030689771288756953
5968,0.9975650162198393
5969,0.9992562670421602
5970,0.9997993224022632
5971,0.9999997956576514
5972,0.999981276000578
5973,0.9997794139130461
5974,2.2974690206507908e-05
5975,0.9999996707748464
5976,0.9976478802961201
5977,0.001294310094867667
5978,0.1941988702413797
5979,0.9980916762816688
5980,0.0004202866298354866
5981,1.3710319953548127e-07
5982,1.6468089549224379e-06
5983,0.9993745004902495
5984,0.9990168805906638
5985,0.999565239288333
5986,0.0008594862077257667
5987,1.8196508512736652e-05
5988,0.9883273347454264
5989,0.999995258016825
5990,0.9444947668037303
5991,0.00010234558426382659
5992,0.9994279532163931
5993,0.9577145748382896
5994,1.967680288221867e-06
5995,0.9992584332952741
5996,0.00025491564604682377
5997,0.9998773033248626
5998,0.007636330584097724
5999,0.9999115309076584
6000,0.999910539376249
6001,8.415628006982047e-05
6002,0.00044616923725604256
6003,4.830976628256837e-05
6004,0.99996014536814
6005,0.012763638513611253
6006,0.00016753733579739246
6007,0.999995956458096
6008,0.00014007773030353822
6009,0.0006004667959571395
6010,0.9976375907097405
6011,5.586003831920308e-05
6012,0.9997190723410541
6013,1.776980009432958e-05
6014,3.271420483392871e-05
6015,1.815748090718322e-07
6016,0.999999361895286
6017,0.9999502070671823
6018,2.4782824690809577e-07
6019,0.9997768277056427
6020,0.9999890927790213
6021,5.7127532479251274e-05
6022,0.9992636778902396
6023,0.0005399777681582191
6024,1.103192610134619e-06
6025,0.9998617659005378
6026,0.9995558101102335
6027,0.9999144421316627
6028,0.9999965224332586
6029,0.001815571912040045
6030,0.9997333633265368
6031,4.882843975457876e-05
6032,4.598093608746794e-06
6033,2.4011180447107904e-07
6034,2.247841545525587e-05
6035,0.00015461100894275553
6036,2.4451058034720692e-05
6037,0.0029656337891161002
6038,0.9999553866413607
6039,1.536313917267403e-07
6040,0.9990096837027795
6041,0.9965858549427193
6042,0.9999445979854993
6043,1.1552835712212991e-05
6044,3.2561914877309297e-06
6045,0.9992043014512304
6046,0.9999634171906141
6047,0.998976974435709
6048,6.45540087634869e-07
6049,0.9999529770298766
6050,2.6173553059507954e-06
6051,0.9996391999229681
6052,6.782867358357515e-05
6053,0.00030894109636419177
6054,0.0008191532791442594
6055,0.9998027182969809
6056,0.0001046824987145588
6057,0.00238430399658771
6058,6.84216309581862e-07
6059,9.991061737670075e-07
6060,3.618743194261354e-07
6061,0.9989918953769625
6062,5.466257804741924e-05
6063,2.9681027596644607e-05
6064,0.9994637368633545
6065,0.7032111081112417
6066,0.9876384481865416
6067,0.9999889280166054
6068,2.3171549196511986e-06
6069,0.027753761119989576
6070,0.999974376871411
6071,0.0001387836294824425
6072,0.9999944459100986
6073,0.9999499671023486
6074,0.00010894001378317639
6075,0.976298514122077
6076,1.612085341368435e-05
6077,0.002430232604572142
6078,0.9992429112624369
6079,0.9998466269778089
6080,0.9999921843080991
6081,0.005995316878518536
6082,0.9999959629583371
6083,1.8439866356475533e-06
6084,0.9999747241980295
6085,0.995252952599158
6086,0.9999981089535632
6087,0.99993226190345
6088,0.9987522451214981
6089,0.9999763518515679
6090,0.9969250453756848
6091,0.9997747672769615
6092,6.359277588549328e-07
6093,0.9997876828417699
6094,0.9999702889881047
6095,0.0016864384045086043
6096,0.004722431858961096
6097,0.021850517568344684
6098,3.9670071636643185e-07
6099,0.0017978902366743345
6100,0.00016752092278897896
6101,0.0009413323819230122
6102,0.0001279787441058592
6103,0.9958570536451219
6104,0.9858676090697437
6105,0.999943543180311
6106,0.9999392246936034
6107,0.9999936833644378
6108,0.9997690620889792
6109,0.5131750854718494
6110,2.804447713882981e-05
6111,0.9999510113185962
6112,0.00252367457616025
6113,1.0171651260470121e-05
6114,0.0006914040592654594
6115,1.936993617686366e-05
6116,0.9999348109488068
6117,0.9943025845417802
6118,0.9983670018194004
6119,0.010184950875178367
6120,0.9999669454777664
6121,0.9943870543930015
6122,2.498631282557657e-05
6123,0.9952255606008862
6124,2.741465442392171e-08
6125,0.9999944745969287
6126,0.9984852428336628
6127,0.00011343214449944145
6128,0.999909719389115
6129,0.0006194581213217476
6130,0.9895203594463923
6131,3.850590012158501e-06
6132,0.0007196812791035963
6133,0.0010497972406970312
6134,0.9998395206860237
6135,2.921038855854197e-05
6136,0.0006787303891128652
6137,0.9998771782400101
6138,3.792358004850944e-06
6139,0.9978917695069504
6140,0.9906480613960726
6141,0.999777633935686
6142,0.9999766432622709
6143,5.16271410675647e-06
6144,5.3107713664978816e-05
6145,2.6085914981397276e-06
6146,1.462372524197295e-06
6147,8.523837394130859e-08
6148,0.9999862591888373
6149,4.2776633498072087e-05
6150,6.776558773822952e-06
6151,0.9451510111960865
6152,2.270030421975242e-05
6153,1.3109216010073102e-05
6154,0.9999368903463485
6155,0.9999800182185109
6156,0.0031578114961845452
6157,0.9996001484282037
6158,2.5959646331174304e-05
6159,8.382045413416631e-05
6160,0.994197704119623
6161,7.115072575423164e-05
6162,0.9998090230272396
6163,0.9999612650178752
6164,0.0005832575257963475
6165,2.3124504845833938e-05
6166,4.2162710814347046e-05
6167,0.005078890368551258
6168,5.373118429433969e-06
6169,0.9960526507669645
6170,5.495918159613241e-05
6171,2.3463784294574166e-05
6172,5.6490095212853825e-09
6173,0.6339969120700525
6174,4.551612570470059e-05
6175,0.9998624986458002
6176,0.9999217709077954
6177,0.9999335390035942
6178,0.00019751450441931261
6179,3.381627005418427e-05
6180,0.9999797698586058
6181,0.00019892117520953212
6182,0.00010090798667557889
6183,0.9999276814828848
6184,0.00013773300330947253
6185,5.976333333195325e-05
6186,0.9768217209573282
6187,0.9998643786238735
6188,0.9999820529477542
6189,0.00039224589891564027
6190,0.000372322318375157
6191,0.0006690990519177726
6192,0.9996328924177423
6193,0.9994265838594257
6194,0.00045856514605759215
6195,0.0017941877148130903
6196,0.2910891738606013
6197,5.182517605476748e-05
6198,2.902680076634899e-07
6199,0.999996183147193
6200,0.9999874503711452
6201,0.9994439258896511
6202,1.2488219130588362e-06
6203,0.9999718689474552
6204,2.737388564328383e-05
6205,0.0007775591413183357
6206,0.9999962491844169
6207,0.9967849269580487
6208,0.9998904857636831
6209,0.9999174180059913
6210,1.0716454020514543e-07
6211,7.224048050734898e-05
6212,1.263044627296181e-06
6213,6.703914959973147e-05
6214,0.9999886750639067
6215,0.9928895257857271
6216,5.469533441781261e-07
6217,0.9997535378939619
6218,0.9966368643857143
6219,0.9999878364731905
6220,1.0626204435930327e-06
6221,0.9999897042558188
6222,0.998586857920494
6223,0.999654185670353
6224,0.9800435700720181
6225,0.9999700894430398
6226,0.999983294366316
6227,0.006121740404402525
6228,1.1041328298058618e-05
6229,0.996122487372887
6230,0.9615674620221469
6231,0.9999907417150277
6232,0.9999747776606314
6233,2.998979258546866e-05
6234,0.04389159592109774
6235,0.00017106717235312828
6236,0.9999419571981029
6237,0.9998791096881068
6238,0.003014089585893201
6239,0.9997494511448476
6240,6.588604594724353e-05
6241,0.9928468279816465
6242,0.9491302604266781
6243,8.24551730469645e-06
6244,0.9997596157410149
6245,0.9999930988538943
6246,0.9999861858775402
6247,6.001623999765865e-06
6248,0.9995593542551064
6249,0.9999954078712812
6250,1.4121904660906451e-05
6251,0.00033077123625224514
6252,8.165548148467773e-08
6253,0.999969733104473
6254,0.9999931183722565
6255,0.9975316767681498
6256,4.2783819351068865e-05
6257,0.9999331387781817
6258,0.00018093793343683915
6259,8.374079567992816e-08
6260,0.9992525661262619
6261,0.0030288354551065017
6262,4.9347397277535635e-08
6263,1.4710069343623359e-05
6264,0.9998380667775071
6265,0.9999767402284746
6266,0.9961721605798753
6267,9.161212653484704e-07
6268,9.857007494377996e-06
6269,6.825103989535157e-07
6270,7.027064853485921e-05
6271,7.105219873104544e-05
6272,0.00015399680654275524
6273,0.999949682989464
6274,5.827382084353159e-07
6275,7.353799102864936e-07
6276,0.0004132294002134435
6277,0.9999965233093802
6278,0.0023227929619551485
6279,0.9942141754679854
6280,0.9996704026683186
6281,0.9999884602667253
6282,0.01030969743736812
6283,0.9978482499816483
6284,0.9999997894677005
6285,0.9753183590841887
6286,4.0255099319179034e-05
6287,0.9999898216165198
6288,0.9997791931758231
6289,0.9998831382695256
6290,0.99980472177965
6291,0.006722465193346633
6292,0.9747081205120793
6293,0.9992370273960427
6294,0.998720260964529
6295,0.9999575317739939
6296,0.013146476395998544
6297,8.505180741645828e-06
6298,5.946171929537753e-05
6299,1.999143835177898e-06
6300,0.0008132246677144027
6301,0.9996547207840564
6302,0.9999909539120256
6303,1.0606751166673711e-07
6304,0.0073281628843564475
6305,0.9998498881603185
6306,0.9966798064157224
6307,0.9989160080830587
6308,3.7267169928842227e-07
6309,0.9999976926609736
6310,0.16527916616950694
6311,7.066608834750872e-06
6312,0.09546666143289466
6313,0.9996277325552636
6314,5.2557023018002555e-05
6315,0.9999102143901655
6316,6.1795941007437494e-06
6317,0.9992479072543036
6318,0.9999146794765743
6319,0.9999956177191147
6320,0.013345734514893794
6321,0.9998745776399737
6322,0.8017067029592241
6323,0.9999658743292114
6324,0.00028690176202008624
6325,0.005021279460067919
6326,0.0014296728028840488
6327,0.9999706183626033
6328,2.7369875372257355e-05
6329,4.949276589409924e-08
6330,5.001963971155318e-05
6331,0.9999846305261739
6332,0.9996838938306122
6333,6.344942438148583e-05
6334,0.017446466743698923
6335,0.00017859494024139575
6336,0.0002855729519791731
6337,0.00019207203817391254
6338,7.137589182550254e-05
6339,0.0014658064436112305
6340,0.9994424475986409
6341,0.9995007609944297
6342,1.781146896837713e-07
6343,1.3399131596296778e-07
6344,1.3016023376954273e-05
6345,3.3339090846556786e-05
6346,1.2097236429688722e-05
6347,0.9514385395847722
6348,0.9926472724131509
6349,0.9999828463087936
6350,2.3113631276288215e-05
6351,0.9998160231692228
6352,1.497693402637407e-05
6353,0.00020943734192134978
6354,0.9998128614924214
6355,0.9999750683057541
6356,0.9302774465775963
6357,0.007058463998093037
6358,2.2256473082081405e-05
6359,4.728412641401562e-06
6360,3.5784046987208227e-06
6361,0.9999378611023161
6362,7.732854636446249e-05
6363,0.9595256702742253
6364,1.6334957742433746e-06
6365,0.999965148865221
6366,0.5546616769353762
6367,0.9998165429015127
6368,0.9999805706476189
6369,1.8711781288691325e-06
6370,1.7586271484332154e-05
6371,0.00015199681021912373
6372,5.999930899296001e-05
6373,0.00794944188035059
6374,0.008171815154469748
6375,0.9999685138165426
6376,1.7192234070525532e-06
6377,0.9998931486062013
6378,0.0018037515045026045
6379,0.9999955488547954
6380,1.2010991873619068e-06
6381,1.6705399840605605e-05
6382,7.571974889894138e-06
6383,5.059783885464541e-06
6384,0.9997677312222591
6385,0.9999981973522659
6386,0.0004888114079227889
6387,0.9999681798899482
6388,0.9994440583883525
6389,0.999698559231576
6390,1.029501275896816e-07
6391,0.999962603217035
6392,0.00047911338230835894
6393,0.9999092082744582
6394,0.9999682451794432
6395,0.9998732513845607
6396,4.168479916930113e-05
6397,0.9999030526656382
6398,0.9999973864596116
6399,0.9989217868488774
6400,0.9992939236570687
6401,1.7565982209663828e-05
6402,0.9999576997111975
6403,0.00016937126427044345
6404,0.9954140103270519
6405,9.288123267074035e-06
6406,0.9999750708183587
6407,1.0035757106326677e-06
6408,0.0026482669719863072
6409,0.9997531333186074
6410,2.369427910132614e-06
6411,1.9516110157347066e-06
6412,2.4255137362414077e-05
6413,1.2295317358487325e-07
6414,8.059074061422988e-06
6415,0.7801118737404544
6416,0.00020191943857942582
6417,0.19658124841795976
6418,2.878752001056856e-07
6419,6.57304837680884e-08
6420,0.9999385287279223
6421,0.9988985599376501
6422,0.9999777249303667
6423,1.7315697311056326e-08
6424,0.0014019827795773224
6425,0.0012205648534667636
6426,0.9999854156689416
6427,1.7684893208469562e-06
6428,0.9999988757100934
6429,0.9999850604343095
6430,6.933228255254936e-06
6431,0.6289209122566126
6432,0.9999289290352666
6433,0.9999484021067089
6434,0.0005672687420342097
6435,0.999969201127931
6436,0.9999947291786205
6437,6.055384984980677e-05
6438,0.9999974898383264
6439,0.9997755688042155
6440,0.0005242629990723178
6441,1.227733932364912e-05
6442,5.761820857358636e-06
6443,0.994771577320253
6444,0.9582796942803646
6445,0.9999075885451011
6446,0.9998876742157224
6447,0.9999989731033327
6448,0.9295525029509327
6449,0.9999531881023496
6450,0.9999817478620039
6451,1.6632196718898793e-05
6452,6.0824666678501696e-05
6453,0.9971730490766132
6454,0.00010142284014575112
6455,0.9980473347069609
6456,5.331119212132419e-05
6457,0.999795688953637
6458,2.111029681662674e-05
6459,6.90105573889449e-05
6460,0.9996955484200982
6461,0.618816264376476
6462,0.9995343757308633
6463,2.465086382539067e-07
6464,0.9999637549230699
6465,1.2289252923219484e-06
6466,0.9999609205723684
6467,0.9995588457164306
6468,0.9933750068629292
6469,0.999892857071879
6470,1.2411613934546212e-05
6471,0.00011224343205746597
6472,0.0017646618647895504
6473,0.9999959992589021
6474,1.7034099604561676e-05
6475,0.9893366882900166
6476,0.9990790422545021
6477,8.064122086129242e-06
6478,0.9999335670299198
6479,2.4325270285874694e-05
6480,0.9998586343077933
6481,0.9981203528175494
6482,0.9999999547867311
6483,2.2597710755811425e-05
6484,3.756884032972425e-05
6485,0.9999900360251718
6486,0.007796841340373059
6487,9.816019814267521e-05
6488,6.355498394554506e-07
6489,0.7901275498876563
6490,3.895181741046572e-06
6491,0.9997458928813473
6492,0.9999486410948253
6493,0.9988587089000741
6494,0.01537967752117575
6495,0.0005064603089353606
6496,1.7465522047648525e-05
6497,0.9960985431070972
6498,9.700695611139827e-07
6499,0.9999907642376819
6500,0.9994387122848782
6501,1.2596232633277772e-05
6502,0.9999797634577234
6503,0.9999990329385431
6504,0.0777589985209576
6505,4.0033666329062835e-06
6506,0.9999940883322416
6507,0.9999018955676694
6508,2.3210118216116414e-05
6509,7.527307318119126e-06
6510,0.9999449107576559
6511,0.9999668003694049
6512,0.9989185278664154
6513,3.099517467677234e-06
6514,0.9993568705964971
6515,0.00040704250044242555
6516,0.9999999427124362
6517,0.9601669818351395
6518,0.06651424263670606
6519,1.0194096641797074e-05
6520,2.9598215720897746e-05
6521,2.634762625757076e-05
6522,2.562298828239511e-07
6523,0.9998265460505008
6524,0.9999995467295707
6525,0.9999857874799007
6526,0.9999139073158126
6527,0.48473361540354276
6528,0.0015041913079068072
6529,0.9998109891260725
6530,0.9962194165385352
6531,8.320670119025341e-07
6532,0.9999903283998985
6533,0.00012435492155176626
6534,6.704710743830251e-08
6535,5.251685361566657e-08
6536,0.9999999890679442
6537,0.02094474973621357
6538,0.00021293234112604716
6539,0.9999963875022113
6540,0.999978304650841
6541,0.0011978642041527551
6542,0.9997279756600768
6543,0.001681868610414167
6544,0.9999453148712787
6545,0.9999831181689195
6546,0.9999938639357439
6547,1.0056795312025164e-06
6548,0.00046854532010789896
6549,0.9997251521869176
6550,0.0016616253823997455
6551,0.9999513596091874
6552,0.0385509354244916
6553,0.0005953734946509878
6554,0.9999826432419766
6555,0.0001006403648970055
6556,0.9998911123250855
6557,0.00010042329258536033
6558,0.00040978326769077
6559,1.804938735499848e-06
6560,0.9969958116183963
6561,0.004737124299858689
6562,0.008902069917169088
6563,0.00021290274147735855
6564,0.9996365341561229
6565,9.097005155210777e-08
6566,0.9978180863143933
6567,0.9999959756270519
6568,1.5584063237016645e-05
6569,0.9997589766033472
6570,3.2216074890046915e-06
6571,0.0016948105518736322
6572,0.9999890453862927
6573,0.9999272975645016
6574,0.9980425338325977
6575,0.0001508746064028112
6576,0.0001915934280318968
6577,0.9999171872739221
6578,3.9547319882678186e-05
6579,0.00014748285031754066
6580,0.9804139204391361
6581,0.0002511486914606907
6582,0.9873610737009847
6583,0.9995973694966216
6584,3.600206382607854e-05
6585,0.9998181072242204
6586,0.999760491510203
6587,1.7549499057116935e-05
6588,0.9974093699070433
6589,0.9999283549203725
6590,0.9999648635551932
6591,0.9998880035760743
6592,0.9999989273295409
6593,0.9991292057529163
6594,0.05482486509486383
6595,1.105442189454343e-05
6596,0.9999778009429683
6597,1.590329461418371e-05
6598,0.002757618077863501
6599,0.9996226445520066
6600,0.9998556808499712
6601,1.163773173420686e-06
6602,0.9999774675045823
6603,2.357633720699663e-05
6604,1.8084947562429842e-05
6605,0.00019966477224993005
6606,0.9995846714031642
6607,0.99991782419061
6608,0.999970570890195
6609,0.004171706483404681
6610,0.9999934924104115
6611,0.9996242025393174
6612,0.004726018955872114
6613,1.612068793090402e-05
6614,0.0032439029195925014
6615,0.9991042120185442
6616,0.0007606964419387174
6617,0.0004977961372074324
6618,6.903206940092027e-05
6619,0.9999968795456072
6620,0.9998740051078434
6621,0.999850241549129
6622,0.9999870040273128
6623,0.0018448023185121212
6624,8.014060510306079e-06
6625,0.9989845025177855
6626,5.233233923484355e-06
6627,0.9973932084026039
6628,0.9999023647923813
6629,0.9999922211633047
6630,0.9859794894191575
6631,0.9991097693544536
6632,0.9893271294417074
6633,0.0004089105453661128
6634,0.0003011908639044949
6635,0.9992547306414131
6636,0.9999777473689611
6637,0.9999958889748078
6638,6.065321282794032e-05
6639,3.6162878445239574e-05
6640,0.99997777492914
6641,0.6931435614932673
6642,0.00024008884474867686
6643,0.9999959364622267
6644,6.574834796622713e-05
6645,1.1565586056873187e-05
6646,0.9958139926451404
6647,0.025499382300836
6648,0.980727969826703
6649,0.9986337624204124
6650,0.6964562547258029
6651,0.9983622243543455
6652,0.999998390898132
6653,0.9999973532929021
6654,0.9996183702384172
6655,1.3475172370468598e-07
6656,6.0420754495918455e-05
6657,2.5776458158688703e-06
6658,6.712528426527174e-05
6659,0.9997742750052232
6660,9.56313231594053e-05
6661,0.9975153178229409
6662,0.9999853489087518
6663,0.9999589320071851
6664,0.9999610960625793
6665,0.9997509975664712
6666,0.010775171496621017
6667,4.242493220577329e-05
6668,0.9973958736050885
6669,1.7249818197307368e-07
6670,0.9999544636520091
6671,0.9982949786443612
6672,0.9999957226331228
6673,0.00011730890198093221
6674,0.9998434158315224
6675,0.9953071374895841
6676,0.9999691302860986
6677,2.6348732710668566e-05
6678,1.8777383760006987e-07
6679,0.999946073834089
6680,1.575975172565604e-05
6681,5.8700197320439844e-06
6682,4.838579413197678e-06
6683,1.2614418723267837e-05
6684,0.0067895076234232256
6685,0.9999911045964183
6686,3.229524137498013e-06
6687,3.2561914877309297e-06
6688,0.999996477890967
6689,2.3712631383933288e-05
6690,0.00011244554364483753
6691,1.6972327286130897e-07
6692,3.8074140100211904e-05
6693,0.0004608876625310442
6694,0.001346106824331969
6695,0.00029286895790083044
6696,2.3629309641204943e-05
6697,0.00040727722465131724
6698,1.0751470156254151e-05
6699,0.9999156463018734
6700,0.9999960082726829
6701,0.9997078904535731
6702,0.001175002990791767
6703,0.9970764086888232
6704,0.9999679977620205
6705,8.232025043282912e-05
6706,0.0024485110192801244
6707,0.9999499607522317
6708,0.9999979420656984
6709,0.0002504098082303211
6710,0.9999994617061407
6711,4.997419725758033e-05
6712,0.9998812234194026
6713,4.363460232818812e-06
6714,0.00013773505959181366
6715,0.9908692455575812
6716,0.999992749651661
6717,0.00011530038015547836
6718,0.9993994315504272
6719,0.9714226170467848
6720,0.999142786347177
6721,0.9999998115160047
6722,0.9967960779226446
6723,1.3188067337740017e-06
6724,4.087891505942718e-06
6725,0.9984336948584362
6726,5.901679728653971e-06
6727,0.0012199995681551642
6728,0.9999863838996216
6729,0.9999976171188214
6730,1.75363694935375e-05
6731,0.9996530695884376
6732,0.9999049751566063
6733,0.9999692592736201
6734,0.9999989434124311
6735,0.9944281231463629
6736,1.4583792394089296e-07
6737,0.9999902023464804
6738,0.9962342058561522
6739,5.1874746312661495e-06
6740,0.00018801621631768967
6741,0.9999854976427437
6742,0.9981808238690024
6743,2.945114325783403e-05
6744,0.0002623504788420639
6745,0.9996771908491824
6746,0.0007494652296658425
6747,0.00015827429228940557
6748,0.00031525711031080096
6749,0.00014721104057959658
6750,0.00013416535594882757
6751,0.9999712139437624
6752,9.771760188167982e-05
6753,0.9999979873108152
6754,0.9999968512381405
6755,2.908009749751964e-06
6756,0.014868477423133039
6757,0.9999728490524215
6758,2.6796336509057323e-05
6759,0.9999937304930069
6760,0.0009961439091293871
6761,0.9999125245116218
6762,1.3384075361916937e-06
6763,0.9980812157627199
6764,0.08731035790000259
6765,0.00023862032579408812
6766,0.9972623819640862
6767,0.990756444293784
6768,1.159370368063393e-05
6769,4.4549665614358535e-05
6770,4.289271272982361e-05
6771,0.9998928523728764
6772,0.9999673473434291
6773,0.9999371970690778
6774,0.9999992694907912
6775,0.9996273840745641
6776,1.5080788259853456e-05
6777,0.13228590167198984
6778,3.2677530316067304e-05
6779,0.11711991451395033
6780,0.001363103885185476
6781,3.7024058666583374e-05
6782,3.3715501698525937e-06
6783,1.5248341168793925e-05
6784,5.5715585359776075e-06
6785,7.747133540803466e-05
6786,0.9999823248994101
6787,0.11526901876121454
6788,3.14592314426045e-07
6789,2.315429969372992e-06
6790,0.9991433480557852
6791,0.9999985842625164
6792,0.9999393721382271
6793,0.00021018395906304173
6794,0.9996848749172786
6795,0.0009926710995584811
6796,2.91948736705106e-08
6797,0.9999496622784075
6798,5.558590242189038e-05
6799,0.9999072783676889
6800,0.999663120928742
6801,2.923929713105849e-05
6802,0.9999831437656583
6803,0.99999724507752
6804,0.9999339958648986
6805,0.0005856385035930945
6806,0.984244367864076
6807,0.0002959821657332952
6808,4.039440585927901e-05
6809,0.9822558537549698
6810,0.0016617414921308372
6811,0.9994441338285016
6812,0.010066877160526691
6813,0.9994276519556251
6814,0.9999707240351635
6815,0.9970108189029514
6816,0.9998123008624366
6817,0.00017517356754062058
6818,0.9998608629127632
6819,0.9999451972736257
6820,0.9990835674080824
6821,0.0003496916997927687
6822,0.999163120904174
6823,0.9999912891832848
6824,0.9999851479533078
6825,0.9999725231024025
6826,0.00010284502530976391
6827,0.9993064419244637
6828,0.9989389322342149
6829,1.7214901902963525e-05
6830,2.0395454062825212e-05
6831,0.9997533782603008
6832,0.9997230238993008
6833,0.4967179183189594
6834,0.9999972331716199
6835,0.9998938425801249
6836,0.0001623045831354163
6837,0.0020202694552964103
6838,9.450317951629367e-08
6839,0.9920735311076672
6840,0.9999872913627796
6841,3.360653068091017e-06
6842,0.9998338977724548
6843,0.9997928307131586
6844,0.9999790783106217
6845,2.2983053255646417e-05
6846,0.9965118764356584
6847,0.9999966658711676
6848,1.6316611075799216e-05
6849,0.9999383148541318
6850,0.9999996350932777
6851,1.4188944554044479e-05
6852,0.9999998437850868
6853,0.9999993621298652
6854,0.9997483127410122
6855,8.64517292795231e-05
6856,0.999717888342862
6857,0.9957542778189215
6858,0.999967383340209
6859,0.9983036690373114
6860,1.202707524331146e-05
6861,1.5616921473687814e-05
6862,0.9997756372660586
6863,9.73362928708625e-05
6864,6.578313509176165e-08
6865,6.554201537698612e-06
6866,0.999967446284683
6867,1.3202114865099423e-05
6868,0.9993224705596292
6869,0.9996829274391371
6870,0.9998944349666692
6871,6.615954679707411e-06
6872,0.9999625000564062
6873,4.25285067522343e-05
6874,1.9436969059389402e-05
6875,0.9181026442770608
6876,0.998906400917566
6877,9.853319335797975e-07
6878,1.4443610837347736e-06
6879,0.9999793757524451
6880,0.00012962657798189556
6881,2.8652459135831107e-06
6882,2.686886169615539e-06
6883,0.9988487259589153
6884,0.0184288752312459
6885,0.9960903963539341
6886,0.9999214100480994
6887,0.9972770890341798
6888,2.9366365434531575e-08
6889,1.610329163355546e-05
6890,0.00045724148291586853
6891,6.973246428629954e-05
6892,0.9237788041210454
6893,2.4448091937564187e-05
6894,6.738976068168836e-05
6895,0.9999977075176404
6896,0.008414173253654102
6897,0.0018338985868554686
6898,0.0004016328614129935
6899,0.9997786791903857
6900,3.3264586202048647e-06
6901,0.9997272933855696
6902,0.9976272871437145
6903,0.029746405129710596
6904,0.00010865159920495121
6905,1.0417617177405272e-05
6906,0.9999792986807664
6907,0.9999919048056507
6908,0.994654182005271
6909,0.9997920153485245
6910,0.9360633280973162
6911,0.999996836960213
6912,0.9999203033227981
6913,7.289998796220168e-05
6914,0.9999465637937867
6915,6.871304154364903e-05
6916,0.9996849607496548
6917,2.9356910440469153e-06
6918,0.9999636549054396
6919,1.438515864706251e-05
6920,0.9992262363507435
6921,3.1963046348424873e-07
6922,3.7378326530199025e-05
6923,0.9995792000562643
6924,9.774733191090952e-05
6925,5.399497721353591e-06
6926,0.9999755090701093
6927,2.1459663065107014e-06
6928,0.99373647022711
6929,0.9894008437962231
6930,5.290587573302916e-06
6931,1.4951196386698822e-09
6932,0.9998048795018402
6933,1.2836497412600121e-08
6934,0.9999329263096606
6935,1.6787351300666488e-05
6936,0.999866071541163
6937,9.571845713545583e-05
6938,0.999988378967108
6939,1.608442805260352e-05
6940,1.377804500992109e-06
6941,0.9887605024191727
6942,3.7367968403595314e-05
6943,7.140720268320703e-05
6944,0.9999981148368859
6945,0.9175694559377005
6946,0.00017039062856883235
6947,0.801427906091232
6948,0.9999653014183589
6949,0.999995244145497
6950,0.9632330639545482
6951,0.012913857603604273
6952,0.999439423804169
6953,0.9999946766218609
6954,1.301015488517738e-07
6955,0.999833010924572
6956,0.9975070084940444
6957,0.004242929790978797
6958,0.9999602259176441
6959,0.00018859196824371638
6960,4.777058577712836e-06
6961,5.493365907441895e-08
6962,0.9997915405398666
6963,0.9999480161978368
6964,0.0011218656675144442
6965,0.00021241761630704534
6966,2.056719870408012e-07
6967,0.9963822552348512
6968,9.330908755010628e-08
6969,7.408535655134732e-05
6970,5.11243156441634e-05
6971,0.0009646498304391473
6972,0.999994157807838
6973,0.0004754858274176906
6974,0.9997889937357078
6975,1.037045701597624e-05
6976,0.02416235994063188
6977,0.0003803871897640268
6978,0.9998442712614369
6979,2.85300972699656e-05
6980,0.999888552757383
6981,0.00010784173376032945
6982,0.999590321840015
6983,0.0003289071396271406
6984,0.9999948103270891
6985,0.9999630193798542
6986,0.9999816030908405
6987,0.8327303841519501
6988,0.0008803712318855423
6989,2.0704429724006254e-05
6990,5.581986326607913e-05
6991,0.0036934012645414567
6992,0.9998212925439819
6993,0.019791501222017963
6994,0.9999929735105811
6995,8.931848948718924e-05
6996,0.947581403089714
6997,0.999947598364655
6998,3.3780156865550875e-05
6999,0.9999605333451377
7000,0.9951478160430132
7001,0.9999635298100148
7002,0.999952298351051
7003,0.00042013081780581916
7004,3.852798320793148e-05
7005,6.328737244563206e-06
7006,0.9999998626581004
7007,0.4585534549217542
7008,0.9951655851537957
7009,0.00014854656107121919
7010,0.9999826495901537
7011,4.984276838697299e-05
7012,2.557415929217263e-07
7013,0.9993772603882424
7014,0.001449251470749641
7015,5.790086856931028e-06
7016,0.0049504120736419185
7017,0.9999582695470601
7018,0.9999888650481258
7019,4.333520021573313e-06
7020,0.0011595988605595095
7021,1.454807803802152e-05
7022,0.001529705621699662
7023,1.7555814796854524e-07
7024,0.0001331347785444
7025,1.7851724660818615e-05
7026,0.9999637217611795
7027,2.918491274064692e-05
7028,2.2127470742909764e-06
7029,4.342084335946772e-05
7030,5.798197572049438e-06
7031,0.983812506824284
7032,0.0017223920858170044
7033,5.262456262083412e-06
7034,0.9488919204059728
7035,0.9995523782054174
7036,0.9999819007014462
7037,0.9983825805776931
7038,6.893364291086003e-06
7039,0.26175816747274966
7040,0.07874423669851184
7041,3.248023376498834e-07
7042,0.005239585956439846
7043,0.9999290402988946
7044,1.8685824557688297e-05
7045,6.931641138022036e-05
7046,0.0006088197354060259
7047,0.9982308618877181
7048,4.761388025221126e-07
7049,2.481973431801024e-05
7050,4.392263328649447e-05
7051,0.999962548911406
7052,0.9998974123224317
7053,0.9843133790508867
7054,0.9998490270991964
7055,0.9999056335463157
7056,2.978546592584256e-05
7057,0.00034689707741391017
7058,3.829156242133703e-05
7059,0.9976195940511761
7060,8.713978478781455e-07
7061,0.011454329732019665
7062,2.2471871676164743e-05
7063,0.00028679257589414906
7064,0.005815214085421756
7065,0.9999485913231257
7066,0.9998701809629548
7067,2.3026196585480364e-06
7068,0.9998922455764888
7069,0.9961144319614175
7070,8.563542517650936e-05
7071,0.0001055473040302273
7072,0.9967528064126159
7073,0.7390186015839048
7074,0.999861227506802
7075,0.05741110543930394
7076,0.9999987155285969
7077,0.9999895083718396
7078,0.9981496104037219
7079,0.9999881149017185
7080,0.999354518123572
7081,0.999990327596588
7082,0.9999428035505298
7083,0.9999938275180953
7084,2.9887184079325196e-06
7085,0.9962556604929546
7086,6.578762106827726e-06
7087,6.317694155225662e-07
7088,0.9986803438427058
7089,1.0135798360231846e-06
7090,0.13670004019176057
7091,7.930408806982254e-06
7092,2.9992899199030926e-05
7093,0.9971117732826916
7094,6.94697490551684e-05
7095,2.531245667994254e-06
7096,0.9997669215004447
7097,0.9999990297375946
7098,0.9926761907376033
7099,1.3287919587543347e-05
7100,6.72541917304997e-05
7101,0.019418832537090994
7102,0.9999185404750849
7103,1.1094147920432412e-05
7104,0.9994113713348225
7105,0.027643441040414465
7106,1.824330009107095e-05
7107,0.999942881795865
7108,3.078757890391704e-05
7109,4.2751013782875765e-05
7110,0.9957858806990993
7111,0.9999901784077643
7112,0.9959683984281564
7113,0.00011285117505757836
7114,0.9998308776125692
7115,2.503698534109303e-05
7116,0.9999912060358763
7117,0.9999519427025644
7118,4.506992526372724e-05
7119,0.9999666368513077
7120,0.9997977856949783
7121,0.9999937068230844
7122,1.1724564402116295e-07
7123,0.9982695042051362
7124,1.1840153164550037e-05
7125,2.1275732274294413e-05
7126,7.242912580282552e-07
7127,0.9996898289371651
7128,0.0009080586205605926
7129,0.9910402215785832
7130,0.9999805660054273
7131,0.9999374304678978
7132,0.006825643063696635
7133,0.9997660264550144
7134,0.9996931311376336
7135,0.9998555458563227
7136,0.9999727352034646
7137,6.647076298029906e-07
7138,0.9884962441451118
7139,0.9986157112794061
7140,8.668137409492552e-07
7141,0.9999347135459071
7142,0.9985431836279427
7143,0.9999760089868726
7144,0.9999379950198182
7145,1.1899480640419039e-06
7146,0.0032540209911636653
7147,4.656530091987449e-05
7148,0.9998417087235495
7149,0.9909071488901243
7150,1.2682367899057278e-06
7151,0.003942778236674266
7152,2.680717452968494e-06
7153,0.999955817973158
7154,0.0004249084679763115
7155,1.7197207467640386e-05
7156,3.63173098342129e-07
7157,3.168194758840025e-05
7158,0.9970994462136193
7159,0.005727086487836085
7160,0.015197123998253284
7161,0.9871436624712947
7162,5.205320135168695e-06
7163,0.0026803906978272157
7164,4.590714748159965e-06
7165,0.22837898144505947
7166,0.9999318650517636
7167,1.1693113065810554e-05
7168,0.9999947139033944
7169,0.9999351076760931
7170,3.193906687110598e-08
7171,1.9904453592612226e-05
7172,5.900350477295155e-05
7173,1.5903410684871916e-07
7174,0.00021124796512793543
7175,6.251728397523693e-06
7176,6.990021582905249e-06
7177,3.0431442593613426e-08
7178,1.187376764918785e-06
7179,0.9997161713113092
7180,0.9999991887598672
7181,0.9993146080502173
7182,7.562399154472715e-06
7183,0.9999953620299765
7184,0.0005384789953490559
7185,9.731676707463278e-05
7186,0.0067724401982175355
7187,4.854276489990843e-05
7188,0.9997308123310847
7189,0.9999938426431312
7190,0.9999791262651174
7191,0.0009517398619804319
7192,3.6770913552078327e-06
7193,0.004404544176623362
7194,1.4210411417102237e-05
7195,0.999658532043958
7196,0.00011233333101237732
7197,7.146145800525497e-08
7198,0.9999992896872941
7199,0.017390317391467475
7200,0.99997888004797
7201,1.8116909578813515e-07
7202,2.3188512089131332e-05
7203,0.000797556742115011
7204,0.0016242663954954485
7205,0.009934477900848414
7206,0.9999286651911631
7207,0.01661965550183031
7208,7.607446445732616e-05
7209,0.9993836336580788
7210,2.984164481607872e-06
7211,0.001014109600678305
7212,8.716508864848097e-06
7213,0.999698845943658
7214,0.9998756218692142
7215,0.0002943085774153939
7216,2.3916531444477597e-05
7217,5.028182094165689e-07
7218,0.999489072501173
7219,0.9999797770689735
7220,0.9998428466023006
7221,0.0016915768072092853
7222,0.0003904497654495803
7223,0.99941589078612
7224,2.4138629081218988e-08
7225,0.015993516656673704
7226,0.9998576906843331
7227,2.831552033167324e-07
7228,0.9995955503662467
7229,5.3558514629005776e-05
7230,0.37616612656942583
7231,0.9999651337715417
7232,0.005960967923555476
7233,5.990047192767346e-06
7234,0.9644001701102313
7235,9.464038292921963e-07
7236,0.00035313518555155716
7237,0.9997784562711906
7238,0.998456073541467
7239,1.9202216735169078e-05
7240,0.00022245010514007803
7241,7.54163546828762e-05
7242,0.0007019438288456949
7243,3.7048467828188504e-07
7244,4.684191782345362e-05
7245,0.98621410536746
7246,0.9989545838578037
7247,0.99842681988737
7248,0.9994774693262904
7249,4.19427567849237e-05
7250,4.155001959349181e-06
7251,0.999531494231091
7252,0.999824736350663
7253,1.2529559962436798e-05
7254,0.9795650429547335
7255,0.9999485556669472
7256,0.9994889655019938
7257,0.999987277977961
7258,1.3119532946692719e-05
7259,0.9985954495312682
7260,0.9999685628469828
7261,0.9999641505093119
7262,1.8571010431595993e-06
7263,0.00037639354732236564
7264,0.9996385099438293
7265,0.9993529528775716
7266,1.9511193354552364e-06
7267,0.9992257719079434
7268,0.21483041827972868
7269,6.354150057939111e-05
7270,8.273716377627808e-07
7271,0.9992152262131476
7272,0.023347929645514312
7273,9.526900111406052e-07
7274,0.9952111296769725
7275,0.0038298558507035853
7276,0.031078273570107756
7277,1.550358694507278e-05
7278,2.2478740347949335e-08
7279,0.9991581636574991
7280,0.9960742070739351
7281,0.243384468429698
7282,0.0004694710270562114
7283,0.998485385383577
7284,1.0134639264240439e-07
7285,0.9992138389843547
7286,5.0755415361509386e-06
7287,3.830553651887433e-05
7288,8.048235665766178e-05
7289,0.002540763623162061
7290,0.8498212932935268
7291,0.9998548987809787
7292,0.00020641546457752458
7293,0.9994841912791624
7294,0.9999847997363568
7295,0.0009159661840442033
7296,1.374336995554205e-07
7297,0.41127635810184704
7298,0.9999650103377564
7299,0.00028316535200095236
7300,0.9999881959559166
7301,4.213610345430293e-08
7302,1.206207668328962e-05
7303,0.0027971216983899145
7304,7.040940657337826e-05
7305,0.9999299413562707
7306,0.8505387002111497
7307,0.14290269110965848
7308,0.0031278218352311427
7309,0.9996411481692459
7310,1.4092980990634523e-05
7311,2.9163810229318244e-07
7312,6.653570830401176e-05
7313,2.2568754373802474e-05
7314,0.9972631793065142
7315,0.9999935553356124
7316,0.9974014933717729
7317,3.408944987594365e-05
7318,0.6396100792910392
7319,0.9997478513690614
7320,0.00014929761398883352
7321,0.9999590756225117
7322,2.586420502016373e-05
7323,0.9982271779374289
7324,5.434738120043037e-06
7325,1.776980009432958e-05
7326,0.999435352085214
7327,0.9762189764840894
7328,0.9999935636659236
7329,0.000730353418489238
7330,1.6936885400291042e-07
7331,0.009633024640716182
7332,0.999848457905278
7333,9.482651299970277e-08
7334,0.9999940750438613
7335,6.848672198503845e-06
7336,0.9999501504404481
7337,3.1767387480426315e-05
7338,0.9994171391776236
7339,0.009307449015874977
7340,0.08334936109894461
7341,0.9992662387181075
7342,1.4187000319321204e-06
7343,0.9997969945631916
7344,0.999826023163056
7345,8.50834028925882e-06
7346,0.9999843248795652
7347,0.9996513474056298
7348,0.9999372643114866
7349,0.0027937671216306495
7350,0.9998602375650413
7351,0.0006048455702031869
7352,0.9992365512718214
7353,0.9998239194201736
7354,5.22506261784781e-07
7355,2.5297555659161512e-06
7356,3.4754184516487615e-07
7357,0.00011689826601711809
7358,0.9999984709991071
7359,0.9999246357746523
7360,0.00030262196697255524
7361,0.9998525570519928
7362,0.00013189361162797242
7363,7.778154354478061e-06
7364,0.999246350083038
7365,0.9960219627786702
7366,1.2638892474255746e-05
7367,0.9999251025515097
7368,0.9999384034358
7369,6.566906604225498e-05
7370,0.9994650065660928
7371,0.9998502203077846
7372,0.9999240387486588
7373,9.724913821375606e-05
7374,0.9998352325213969
7375,0.9999774722351988
7376,0.0017950938187733904
7377,1.2886461183539566e-05
7378,0.9073145147042344
7379,0.9325736666368083
7380,1.4391039666340396e-05
7381,2.5653370245953545e-05
7382,6.380412151782892e-05
7383,1.7017621431067363e-06
7384,1.5245410121806364e-05
7385,0.0010704320619752791
7386,3.4857800214477955e-07
7387,2.6190516335656948e-05
7388,0.03801855214040257
7389,0.00017000489398776155
7390,0.999676701406438
7391,2.771992101094815e-06
7392,0.9999932574479611
7393,0.9999139893800669
7394,3.8254181533682865e-06
7395,0.9999907104724548
7396,0.00027417041445119934
7397,1.8317663847477872e-06
7398,0.9999312144009347
7399,0.9999523898724044
7400,0.91917830972704
7401,1.291900760876828e-05
7402,0.00013866609610938663
7403,0.9998188531116111
7404,0.9969240854388897
7405,0.0001738794665552687
7406,0.9993638096888809
7407,0.999878902630465
7408,2.7656018052966254e-05
7409,1.4048911395371425e-07
7410,0.9999498321760879
7411,0.0001754359308795681
7412,0.9929387851626141
7413,0.9999968625894703
7414,3.5642336781856142e-06
7415,0.9842024028737119
7416,0.00039275007488986
7417,0.9990405246425907
7418,0.46425576546924674
7419,2.05643051744045e-05
7420,0.9999858279146299
7421,0.9929617209045989
7422,0.9993328711156819
7423,0.9999864540238516
7424,8.915590779409672e-07
7425,0.0020574577076623557
7426,3.296445167375444e-05
7427,0.99995044837819
7428,4.065158550062865e-05
7429,5.174626189346263e-05
7430,0.9999938312610976
7431,0.9999839572306268
7432,1.294819204039763e-05
7433,3.1180513740953003e-07
7434,0.999895444019308
7435,0.9999051008076741
7436,0.9998914789052081
7437,2.865168085435266e-05
7438,1.6861646403023918e-05
7439,0.9945894012507931
7440,1.7801119281586725e-05
7441,7.991476575858631e-06
7442,0.00018508580961274065
7443,0.9999988154089882
7444,2.226978938271119e-06
7445,0.99983519608146
7446,0.9999747777783173
7447,0.04008960277558213
7448,0.9999955697493284
7449,0.9998471719641333
7450,0.9999854136000587
7451,0.7324068985046456
7452,3.083260378875117e-05
7453,0.9723357126888786
7454,0.9999718991992246
7455,0.9998114421655876
7456,0.00033223155605503426
7457,0.999997953711121
7458,0.9997753498793734
7459,5.176500096976945e-05
7460,2.977507756106236e-06
7461,0.9999284820333365
7462,0.9995821248050227
7463,0.9958187145042677
7464,2.796670097439802e-05
7465,0.9999989945728972
7466,0.0001647897721224794
7467,0.9999288299509275
7468,0.9999889700412508
7469,0.9996907731464348
7470,0.999992000823371
7471,4.713165573363974e-05
7472,0.02896359082802571
7473,0.9981118641695976
7474,0.007069100363770231
7475,0.9999886297191762
7476,5.8174327936030665e-06
7477,2.4529999907007582e-06
7478,8.948901092745192e-05
7479,0.9999457009737729
7480,0.5320320696657391
7481,0.00010361398657003358
7482,0.00016326999744493162
7483,0.00012762980852670818
7484,0.9999053426026802
7485,5.758595724421134e-07
7486,0.0009509766188668719
7487,0.12140386588694704
7488,1.3932102341844122e-05
7489,0.9993974895555835
7490,0.999962026454259
7491,1.1240776567076351e-05
7492,0.9901851659210499
7493,0.9995885528323015
7494,0.9998544396226613
7495,8.748193708770848e-05
7496,0.9993288705161033
7497,1.154543143899371e-05
7498,0.0017466865803399659
7499,0.9999319754010639
7500,0.9985652274810908
7501,1.3976520359538452e-06
7502,0.9999992104216654
7503,0.9966253636164746
7504,0.9997544337385771
7505,0.9999505140878432
7506,0.02038726428382726
7507,7.5238099114449345e-06
7508,0.00011433294568100097
7509,0.9998551065924156
7510,0.9999916818103929
7511,2.5187497024327805e-07
7512,0.00035066977665378703
7513,1.8766314773562555e-05
7514,0.9966942477045896
7515,6.846346184341638e-06
7516,0.99969650835246
7517,0.9999986218380044
7518,0.9999831114878602
7519,0.9907168329809187
7520,0.9999958982255773
7521,0.9943596032296822
7522,2.608922593225592e-06
7523,0.9999847790123091
7524,0.9999185831831869
7525,2.5061264290301714e-06
7526,0.9998808126367416
7527,0.0015822560276092434
7528,0.9999912556926754
7529,0.9998513868935516
7530,0.9986672504896124
7531,0.9999817729001269
7532,0.00028161255241222787
7533,1.9844318093869184e-06
7534,0.9995675710027697
7535,0.00019396353104035724
7536,0.9997425328344051
7537,0.999762168262423
7538,0.9999777672954024
7539,0.0027750650515323072
7540,0.0005362523828834904
7541,0.9993297055559577
7542,0.9999974692149167
7543,0.9998693347666331
7544,0.999968326566018
7545,0.9984892101675419
7546,0.9998939489141561
7547,0.9999779710911095
7548,0.9998203727681481
7549,9.419885637344818e-05
7550,0.9931444381533474
7551,0.9999959324937163
7552,0.9999385557969833
7553,0.999825217122055
7554,0.9992202887956984
7555,0.9998550660276424
7556,0.011220420650893004
7557,1.9118429583733646e-05
7558,0.9999952879605823
7559,0.8519208957883978
7560,0.9986552373450642
7561,3.0472797857916325e-07
7562,0.9989100612228259
7563,0.9999195594638596
7564,0.9918453479693191
7565,0.00020339770264072657
7566,5.0832442578783145e-06
7567,0.9999897835991297
7568,1.2691724649591727e-05
7569,0.9928593897480137
7570,8.891135891353465e-05
7571,0.15525652324950717
7572,0.9999612357280336
7573,0.0004486459369198566
7574,0.992897950700907
7575,0.00016942784949480188
7576,5.385239411650412e-05
7577,0.9738737361425766
7578,0.8505742568552461
7579,0.9999552461625868
7580,0.9993197992125371
7581,1.1124619563035302e-06
7582,0.9996422558693826
7583,1.0524095743044369e-05
7584,0.9995069524240804
7585,0.9999915028002216
7586,0.0002153854222225252
7587,0.9896141833998896
7588,3.4687120984220745e-05
7589,0.9999776835675598
7590,0.8713407741762806
7591,0.997797428034165
7592,0.0042043755224199396
7593,2.536175625358644e-06
7594,0.9999521464960957
7595,0.9994094202822806
7596,0.9999583795293606
7597,1.5686967803631591e-06
7598,1.7531575232845076e-05
7599,0.9996066566813496
7600,0.9998593328643636
7601,0.9999972196942387
7602,0.00016742607147426559
7603,0.9999995549075911
7604,0.0011944753240628954
7605,3.2855243722807516e-05
7606,0.9999959380849366
7607,0.002476897314521378
7608,0.9991808524494802
7609,0.9999950721824034
7610,6.192369324926122e-06
7611,3.901089139487825e-05
7612,0.9939385544859719
7613,0.9997709824713555
7614,0.0016628232498393483
7615,0.9919206356738572
7616,0.9999705457234662
7617,8.997213375221324e-05
7618,1.622444846799106e-06
7619,4.2883605445258114e-07
7620,0.0001239815013580122
7621,1.559958839082881e-05
7622,0.9999171371068635
7623,0.9999696056228992
7624,0.0008446692774464477
7625,0.9999847195939955
7626,1.3873261026027665e-07
7627,0.9994404197217771
7628,0.9999257623959962
7629,0.0017801532517354487
7630,1.827219831818342e-06
7631,0.999999084743522
7632,2.7649721550920347e-05
7633,9.806493081918126e-08
7634,9.460653448509687e-05
7635,0.010135429446045322
7636,0.013897137675254738
7637,0.9999981714974194
7638,1.3737897122980781e-06
7639,0.02440933786433652
7640,5.900963797256994e-06
7641,0.9999489342832621
7642,0.9998133852794738
7643,0.9987531321522678
7644,0.9998967408150993
7645,0.999984936877567
7646,0.00034778135287061307
7647,0.9997722354320284
7648,0.9999992180565439
7649,6.472636882499578e-06
7650,0.008814898572492453
7651,0.01928381610636773
7652,0.9999989212944332
7653,0.9888049430846914
7654,0.9999942536923221
7655,1.6787570625135123e-05
7656,1.3795159409877026e-05
7657,1.0303764773958884e-08
7658,0.9986325516605378
7659,0.9942311623695721
7660,0.9988796303498624
7661,8.856969942590552e-05
7662,0.9958664741224083
7663,0.9999902733411266
7664,0.9999949413161833
7665,0.9999416140386631
7666,0.9973336685551379
7667,0.9925569854511499
7668,0.9999949797291859
7669,0.9934839553935024
7670,7.87498702581821e-06
7671,0.9995460753377609
7672,0.0001662921904965922
7673,6.048767073426633e-08
7674,0.9999905712023192
7675,4.778790542176882e-05
7676,0.0001036618562141375
7677,5.261466947882087e-08
7678,0.9997578130138102
7679,1.8913676480865214e-06
7680,0.9999670518788379
7681,0.9995014678379214
7682,0.002616831671453827
7683,0.9978699416483409
7684,0.9999977629020338
7685,2.3003123103435065e-07
7686,8.204432951756212e-05
7687,2.9286812863980408e-05
7688,1.2893870043603557e-06
7689,0.00014963818667341176
7690,9.393334159850225e-06
7691,0.44108833237308764
7692,0.00012842805849821133
7693,8.143763611496852e-05
7694,0.9999950408211608
7695,0.999999773592505
7696,0.9999994250286015
7697,3.688976764952527e-07
7698,6.51757507448362e-06
7699,4.689653232841666e-06
7700,0.9973127076718511
7701,0.995995550821198
7702,1.9582425645837467e-06
7703,2.659698742632868e-07
7704,0.9993151441118763
7705,0.9790438514124055
7706,0.7059178936824926
7707,0.9973685208575636
7708,0.036311819417314754
7709,0.012379303869889328
7710,0.009926211125093506
7711,0.9999654631672799
7712,7.361269167325083e-05
7713,0.9792342233830624
7714,0.00021239482579195375
7715,0.9999685910562001
7716,0.9995731102713188
7717,0.99982260480236
7718,0.02330381989575957
7719,0.9999813248441765
7720,0.00023859672810303494
7721,1.284536297923894e-05
7722,0.9999942101508861
7723,0.9998591204663164
7724,3.4422019816001357e-06
7725,0.9974531224863651
7726,0.0023069882969742666
7727,1.898367009356331e-05
7728,0.9997299772469364
7729,0.0005554241061518658
7730,3.5396449006187465e-07
7731,0.009005718949421409
7732,0.9980651580939255
7733,0.006291609930108787
7734,0.9999759584258539
7735,0.9996833017044737
7736,0.9999451833618135
7737,0.9895289010217249
7738,0.9998366736266563
7739,1.135170591450252e-05
7740,1.0433320106003812e-07
7741,0.005164869468984512
7742,2.2166929047768893e-05
7743,1.1872028098077924e-06
7744,9.252051607880194e-05
7745,0.9966219737687614
7746,9.874546410105718e-07
7747,0.9997934768494965
7748,0.9999387465474429
7749,5.979805317480284e-07
7750,0.0012330307535520328
7751,0.9999442034677198
7752,0.9999623874865272
7753,1.2415314512821125e-06
7754,0.00011290162619469817
7755,0.00012262479759006834
7756,0.9999575332799173
7757,2.492521298457189e-07
7758,0.999987043056709
7759,0.004917095294368113
7760,0.9999094313231103
7761,8.180439184566897e-06
7762,7.6681982046113e-05
7763,0.00027889023898022787
7764,0.9999890442412693
7765,0.9979774460136658
7766,0.9998780792666729
7767,1.020717916916246e-06
7768,4.656127493716425e-07
7769,0.9999917552675245
7770,0.00012072821006845548
7771,0.0004254879476390754
7772,5.204500864399098e-05
7773,9.60867041825582e-05
7774,0.9999636187663863
7775,0.9999198380616298
7776,0.9995343488019449
7777,1.2438444914867072e-05
7778,6.182466659058192e-06
7779,0.0002635451955316185
7780,0.0017223920858170044
7781,8.041074196171411e-05
7782,0.93983325237466
7783,0.9996769016130094
7784,1.1506281430958783e-07
7785,0.9999894942341504
7786,0.0001708693641865126
7787,0.9947150867412001
7788,0.9995479522650754
7789,0.999970975575875
7790,0.9998299713107468
7791,4.935521469713839e-05
7792,5.560095206348803e-06
7793,2.9062530934309173e-05
7794,0.0008126784990603925
7795,1.889212512403531e-07
7796,0.9940648250291341
7797,0.9983270359915012
7798,0.9998815660565298
7799,0.9986814330819503
7800,0.9998445235980016
7801,3.305557101185194e-05
7802,1.7218498521745507e-08
7803,0.9999882176696429
7804,0.9999397543396475
7805,4.191530110888276e-08
7806,1.7598436588494063e-05
7807,0.999998428104208
7808,2.129040050871723e-07
7809,0.0009350545827210163
7810,0.00011499834781107605
7811,0.08429590020092205
7812,0.9999818885364041
7813,0.9999466357998096
7814,0.9999754703235915
7815,0.9996634629998493
7816,0.9998447020769412
7817,0.999925027661772
7818,0.9999981739563666
7819,6.971359631125585e-05
7820,0.9999719145618943
7821,6.343639992646134e-05
7822,0.9993361548550391
7823,0.9999965413859205
7824,1.0205233139128542e-05
7825,0.00013679916780973475
7826,0.9998001454916129
7827,0.9999430455130537
7828,0.9999910598401183
7829,0.7059176394075659
7830,0.04889358965941454
7831,0.00830904716354822
7832,3.992498567402698e-05
7833,0.0010484187283056662
7834,0.9997674519369772
7835,0.95846329922489
7836,0.994979471130476
7837,0.9998157998781958
7838,0.9999568207059996
7839,0.9999648897108173
7840,0.8657426513362713
7841,0.007320329569707852
7842,0.9995110704886455
7843,0.9999943390504945
7844,2.933108718380272e-06
7845,0.9966119965512377
7846,0.0039122229848050066
7847,8.036850766049466e-06
7848,0.9993963750574277
7849,0.9985934789039146
7850,0.00010314381851338021
7851,5.5724945117007805e-06
7852,2.646156371389182e-05
7853,0.9999730463153663
7854,9.458773275477131e-05
7855,0.004518292305076051
7856,0.9999818697997818
7857,0.0004059576172986076
7858,0.0003827446181883692
7859,4.5405413752562036e-06
7860,0.9564700886184119
7861,0.9182496148239204
7862,4.1340916992476886e-05
7863,6.337496036216812e-06
7864,0.9999843290918676
7865,8.524473839507866e-06
7866,6.003209226130832e-06
7867,9.068149950486854e-07
7868,0.020300773997323735
7869,0.9994971329294621
7870,0.22312858058556653
7871,0.002906401612694253
7872,0.00565384839494187
7873,0.9998699876116144
7874,0.9993830260328153
7875,0.9997246470862176
7876,0.17706677249224098
7877,0.00013105376788169397
7878,0.003849561297184047
7879,0.0007140637677685307
7880,0.9999642887085836
7881,0.9999970964374586
7882,2.779649138272387e-08
7883,8.158717461635915e-05
7884,0.029799430091278795
7885,0.9999033312551581
7886,3.044262878682138e-06
7887,0.9999492726834144
7888,5.32936836629519e-05
7889,7.023786970336581e-05
7890,3.322631624522446e-05
7891,0.9939037544971931
7892,0.9999958393019837
7893,0.9970183770263357
7894,0.9999915859924914
7895,7.652117135590123e-06
7896,0.999995419461547
7897,7.698315544756277e-06
7898,0.9890679516818328
7899,0.04650384774883895
7900,0.9999936032164408
7901,0.9999930252519501
7902,0.9999815986094622
7903,0.9999872518322471
7904,2.816417524415744e-05
7905,1.5491010937151516e-06
7906,0.9999885202868121
7907,0.9999971018381572
7908,0.9384662499616683
7909,0.9986596309979113
7910,1.7666805872184336e-05
7911,0.995768058294537
7912,0.999563038912996
7913,0.9999943387387978
7914,0.9961609562893801
7915,5.936589966515314e-06
7916,0.9999904609624499
7917,4.342084335946772e-05
7918,0.9998259442530792
7919,0.00017933567609250845
7920,0.9999981570163361
7921,0.9995609893976817
7922,0.999948486972387
7923,0.9968801844255475
7924,8.63019724015078e-05
7925,0.9998009208172197
7926,0.00019507553607998575
7927,0.9999711794581729
7928,0.9999739336162796
7929,0.9993459174050084
7930,8.701583849731546e-05
7931,1.1319367433722214e-07
7932,0.9998069422962133
7933,0.9996789807409858
7934,0.9998521591980389
7935,0.9975589221916294
7936,0.002536866635973322
7937,0.9999601148595008
7938,0.9999326908094858
7939,0.9999689237712094
7940,1.5875889011669279e-06
7941,0.8228671473399166
7942,1.3782057242929548e-06
7943,9.311990129948762e-06
7944,3.199805729456434e-05
7945,0.9999934431495113
7946,0.9999976715406959
7947,0.9998288649778223
7948,3.357313775666729e-07
7949,0.9999815721453826
7950,1.5617679324726527e-05
7951,1.355419953095973e-07
7952,0.0013844028946829296
7953,0.0006982638261949197
7954,1.9398520693676404e-08
7955,0.00015895345056077476
7956,0.9999766774574527
7957,0.9987236272246768
7958,2.0388451143932872e-05
7959,0.9995911565834585
7960,0.007382884168694412
7961,0.07364114308904851
7962,1.2015486745555084e-05
7963,0.997897322213956
7964,0.9150912852786397
7965,8.06745656843034e-06
7966,0.6990046222637006
7967,0.9994380577809838
7968,0.13069067887467795
7969,0.9999657772218495
7970,2.2115150413722124e-05
7971,7.069552907906844e-05
7972,3.20777633861296e-05
7973,0.0024622977364112232
7974,5.455816497021369e-06
7975,0.9999971448861797
7976,3.292430112994868e-05
7977,0.9999957988261432
7978,1.4293109062115975e-05
7979,5.768814574979807e-05
7980,2.5128942915033873e-07
7981,0.9999238235279226
7982,0.9999952599193072
7983,0.0031789103184955837
7984,0.00022169963689605123
7985,0.9549850951226834
7986,0.9981127521087574
7987,2.30039239727982e-06
7988,0.9999450788080969
7989,0.9997520909879198
7990,0.9999978178893979
7991,5.702827447878924e-07
7992,2.764053742263693e-05
7993,0.9833273067677473
7994,1.1066127983522994e-06
7995,0.01290919529456347
7996,0.00011328976725203989
7997,8.925763108938182e-06
7998,0.9998964192673966
7999,0.3417754415267738
8000,8.332128641719066e-05
8001,3.642181280099535e-07
8002,1.7608349840345371e-06
8003,0.999999481873521
8004,3.2511450593162924e-06
8005,0.999989329294168
8006,6.701206759112018e-05
8007,0.0007061609594910134
8008,0.9999767824513833
8009,0.005158649242619315
8010,0.9999991423270771
8011,0.9998980712840415
8012,0.0145757775569737
8013,0.027910559833245457
8014,0.9999781539248521
8015,1.6447595911546322e-05
8016,0.05340648937566131
8017,1.46073775474697e-05
8018,0.994134949012198
8019,0.9998965647245901
8020,0.05718433598571852
8021,0.9999970366213635
8022,4.342084335946772e-05
8023,0.9993729441961523
8024,0.9994898560814043
8025,0.0005355516026438629
8026,0.00024250172343961358
8027,0.9999931007019851
8028,0.9998310583555566
8029,7.842220368154395e-07
8030,1.751556568835216e-05
8031,0.997859620080826
8032,0.9999592282865972
8033,0.9997266145014893
8034,2.1952532458710925e-07
8035,1.74669563998873e-05
8036,5.7657792326319396e-05
8037,0.9999657070182931
8038,0.0004951780145542495
8039,1.432700189283588e-05
8040,3.177303996794167e-07
8041,1.8243169055336926e-07
8042,1.6973515932695636e-05
8043,0.999850786920723
8044,0.0005705087996956228
8045,0.9985130334975477
8046,9.786604807770854e-07
8047,0.0036128149310470973
8048,0.0006644719681307668
8049,0.9998170656037166
8050,0.9938336091887685
8051,0.9999889584553198
8052,1.3222409559532501e-05
8053,8.961109633304823e-07
8054,0.9999995899785388
8055,0.7049687874795028
8056,0.9998873605998027
8057,0.9999852599055925
8058,0.9998263974162702
8059,1.8932854616033242e-06
8060,0.8912634014137505
8061,0.9999866503077327
8062,3.131671310796411e-06
8063,0.0029561305769108463
8064,0.9698315116027856
8065,0.9991708605596038
8066,0.0005199888594610031
8067,0.99991265534216
8068,0.9999654811142511
8069,0.012459293461213739
8070,0.9919032362454944
8071,1.5033056259812134e-06
8072,0.9661005258047219
8073,0.15763008461210004
8074,0.9997861093144742
8075,0.9963518754641258
8076,0.9994311510725787
8077,0.9999457935193428
8078,0.9999999619113539
8079,0.0028543735064523535
8080,0.9916811273446415
8081,1.9488743952747415e-07
8082,0.9999611262560291
8083,0.9999930464451712
8084,0.8391579911549429
8085,0.00015454696948968009
8086,0.9999101252021937
8087,0.04740653187577506
8088,0.9986481270446915
8089,3.365023078565454e-10
8090,1.2832243567113125e-05
8091,0.999987895434676
8092,0.9999761314947782
8093,5.970503093994622e-06
8094,0.00012175452332673296
8095,0.999946273744002
8096,0.9989663225784162
8097,4.533994249018327e-08
8098,0.9999762159191035
8099,1.3854994736854225e-06
8100,9.688348023618614e-06
8101,0.999044436960091
8102,0.9987855506332065
8103,0.44836637589175077
8104,0.0034638455020790243
8105,0.05329633010812633
8106,0.0017564982536125244
8107,3.3875147614689096e-06
8108,0.999987447079826
8109,2.88106533474707e-08
8110,0.9961847832243007
8111,9.292449470424338e-06
8112,0.0002033142187699807
8113,0.9999997733595473
8114,0.9999956582302912
8115,2.82409907346185e-06
8116,0.00012740278551001994
8117,0.9961087588408672
8118,0.9998741394134765
8119,1.6660679758980034e-06
8120,3.011422415607527e-05
8121,0.9999907365210018
8122,0.9999938742343003
8123,0.9999364602782175
8124,0.00021865688234982983
8125,5.723024486554286e-05
8126,0.9999933328505121
8127,0.9999818426074112
8128,0.0020106448361396577
8129,0.002930352388514391
8130,3.306886870294455e-05
8131,0.9985915265166642
8132,5.7494084475823426e-05
8133,0.999982015224844
8134,0.9976086211632139
8135,2.1733607238908943e-05
8136,7.239875254384003e-06
8137,0.04560258986787931
8138,0.12100102734706754
8139,0.9999989365234166
8140,0.9968446272485806
8141,0.00428533881825755
8142,0.9910941871395335
8143,0.999248480377955
8144,3.777583264832576e-05
8145,0.996657248548807
8146,0.0001350153103840045
8147,0.9998473485428312
8148,0.9991406748576548
8149,0.007493095235067196
8150,0.0018686562421541815
8151,2.1781585702810633e-05
8152,7.769709899372949e-06
8153,0.9999534550308198
8154,4.265384694339286e-06
8155,0.9999135655325919
8156,1.2509219645043725e-05
8157,0.9998830145478755
8158,0.9998887540090533
8159,0.9999910622592636
8160,0.9999574378654803
8161,0.00010725986450935612
8162,0.9999297816592081
8163,7.155253526498845e-07
8164,0.9986199098248443
8165,0.0034425872950991213
8166,0.9939502124947464
8167,0.0001359983752867392
8168,0.22653747536470276
8169,0.9999609803706434
8170,6.6726829959640945e-06
8171,4.4569583305836426e-05
8172,4.506546733648573e-05
8173,1.1942634111148998e-05
8174,0.9999851572088592
8175,0.003185650916335963
8176,0.0002501573842221714
8177,0.9990008463181478
8178,3.2247008722370616e-05
8179,1.3379442302733736e-06
8180,0.9999904307194322
8181,0.0009602758540812366
8182,0.999898409983289
8183,0.9999682969950618
8184,0.0009002687842841174
8185,0.9999233118639577
8186,3.846726105076238e-07
8187,0.9999335117720177
8188,1.7978986217476815e-07
8189,4.453287347877842e-05
8190,0.9994292548976077
8191,0.9999382139232027
8192,0.019629731031787234
8193,0.9989578173722311
8194,0.9999901100894817
8195,0.00937547133833286
8196,7.043424647209607e-05
8197,0.9999976576119017
8198,5.721294425474452e-05
8199,0.9999951579289165
8200,0.000261954259039391
8201,0.9999237399589513
8202,0.9614531459125978
8203,0.706622262567674
8204,1.705563665249942e-05
8205,0.9666163483176824
8206,0.015863023468943863
8207,0.9999932186649707
8208,0.9988423100577007
8209,1.17761507672182e-06
8210,0.013407839950292348
8211,0.9866686289223404
8212,0.9998013240356135
8213,0.9995338501186661
8214,3.705931654221946e-05
8215,0.998676461516446
8216,0.9999304504696213
8217,0.9715842504661693
8218,2.0186246414256134e-07
8219,0.9999943549400921
8220,0.0006639996279813205
8221,0.9999887431728757
8222,4.4462246250889835e-07
8223,0.9998236043552898
8224,0.9999794143823273
8225,4.854783860790443e-05
8226,0.0029238538376975924
8227,0.999994013607528
8228,0.9997885459670943
8229,0.9999470076315969
8230,0.9998229832696242
8231,0.00044749049749801743
8232,1.8119730348757218e-05
8233,1.3041604885494231e-05
8234,0.9991144801787485
8235,2.2577475314805355e-05
8236,0.00024150240000759017
8237,0.00012308035130722533
8238,0.9997398684270029
8239,0.005002408797890789
8240,0.9508488900266685
8241,2.1962404031064218e-05
8242,0.999019887799353
8243,0.9994311340945368
8244,0.00013337101863598286
8245,0.01730673950435544
8246,0.9999993257322256
8247,0.0009429002684423576
8248,0.9999008191970067
8249,0.9999273351392629
8250,1.0181046201325597e-06
8251,0.00018330362021073336
8252,5.086257420047099e-06
8253,1.9092753449205626e-06
8254,0.0002288139883214689
8255,0.9995304140071514
8256,0.9761401619880209
8257,0.0026177975939251186
8258,0.9990779743228585
8259,0.9996170360928011
8260,0.9990424321347874
8261,4.585871986725583e-06
8262,0.0007383043550984785
8263,0.9992467747979875
8264,0.9948202590492177
8265,1.1863422733015798e-06
8266,1.2073008834132841e-07
8267,0.9983049525905037
8268,0.0010130597803692926
8269,0.9999641681687012
8270,7.924875699025478e-05
8271,0.9998539073270566
8272,6.070315369774603e-05
8273,0.0010223972521650356
8274,3.352194445219181e-08
8275,0.0026722815452312997
8276,0.9998374201680896
8277,0.0002322072413398536
8278,0.9983468927056508
8279,0.9976463107331502
8280,0.9999977847611793
8281,0.9971995092836663
8282,9.485589626460746e-06
8283,0.9998561543485105
8284,0.0026790189773485623
8285,0.9999740458764454
8286,0.9998877986636803
8287,0.0014191361005198991
8288,0.9998479579411866
8289,1.868061145742214e-05
8290,3.6323496154208245e-05
8291,0.9998670295960915
8292,0.9999921265414161
8293,0.007707536224316193
8294,0.00017754240448196215
8295,9.654872120415598e-06
8296,0.00010219127626618836
8297,1.2829944558126427e-05
8298,0.00032501506694032953
8299,0.00019066593118021683
8300,0.007092526843581157
8301,0.9998987296042715
8302,1.5742686154425364e-05
8303,0.9971630836380083
8304,0.9997784192684535
8305,0.9998931236771489
8306,0.9999811508255613
8307,4.270325735757867e-07
8308,0.9964592463629818
8309,0.9948864221056549
8310,0.9999941991721202
8311,3.315963077761171e-07
8312,2.5176060566926336e-05
8313,1.0408929542420183e-05
8314,1.3160871724341135e-06
8315,1.44865781598333e-06
8316,0.9989303953541285
8317,0.001858569767698957
8318,1.1911186621565225e-07
8319,0.9996783497089073
8320,4.3354642712477766e-07
8321,0.9999387606641108
8322,0.08902719868384075
8323,0.9999037072138272
8324,0.9999114950722683
8325,0.9997310457919917
8326,0.9999772298091031
8327,0.9950432217128052
8328,2.303683576274129e-06
8329,4.808900715988805e-06
8330,3.366543996622636e-07
8331,0.9877948789971316
8332,0.9985702872280542
8333,0.0013087004018991072
8334,4.507959964123064e-05
8335,0.9996775941419217
8336,1.7137355033243394e-05
8337,0.9999892733636773
8338,7.535185944344335e-06
8339,0.999809490021759
8340,1.785035349679282e-06
8341,0.9999926118529018
8342,0.9999995731642463
8343,0.9992482403150674
8344,0.9999523703643721
8345,3.075456041079729e-06
8346,0.9999843701462987
8347,0.9999739475020889
8348,0.00011629021375731637
8349,0.0005214451923920267
8350,0.9965012449486889
8351,0.00018682622073452166
8352,1.8746815804777478e-05
8353,6.14525026708077e-06
8354,1.7882799754409736e-06
8355,0.9998904171733657
8356,0.00022318582913701947
8357,0.998235165517136
8358,0.5410666626530302
8359,5.603697453334244e-05
8360,0.9992415449983834
8361,0.9999605669560494
8362,0.9999239644272241
8363,0.0005286331424320232
8364,0.9979594454179572
8365,0.0018452912735725938
8366,0.0003595317128413806
8367,8.411926984481418e-06
8368,0.0010109586832465559
8369,0.9999871996423099
8370,0.039405236060444875
8371,9.916656250581234e-06
8372,9.141297211172048e-07
8373,7.721930344542017e-05
8374,9.983153051194865e-08
8375,0.9987267758031836
8376,1.288358276715555e-07
8377,8.64847207714246e-06
8378,0.9997993607823006
8379,0.9998857049211964
8380,0.9999848584050112
8381,9.557199964450573e-05
8382,0.9999672117718577
8383,4.2088178304397425e-05
8384,0.9999430238246609
8385,0.37444437679532544
8386,0.0005829847802106647
8387,1.318186280640591e-07
8388,0.9999064288425289
8389,0.9999939475309
8390,0.9672693427239543
8391,4.020633179501214e-05
8392,0.9998565320822789
8393,5.7389024206118e-05
8394,0.999976791722769
8395,0.9999966448214068
8396,0.9999983244973425
8397,5.193110111676172e-07
8398,0.9999394852963503
8399,0.9998598158360592
8400,4.48140790067645e-07
8401,5.106933848032797e-05
8402,3.111933760431054e-06
8403,0.9999982320436704
8404,0.0020301744905848024
8405,1.0131928096210473e-05
8406,0.0007803734826047138
8407,0.9999978733240317
8408,4.294148811519288e-06
8409,0.0001903513111402831
8410,0.15202851214060828
8411,0.9999343678137244
8412,0.9995997601355003
8413,3.3822079955000127e-06
8414,0.9999779370220077
8415,0.9999958551098443
8416,0.9998180641117465
8417,3.980802780827225e-07
8418,0.0290534687404438
8419,0.9718682180083245
8420,1.6156426452465994e-05
8421,3.801282925029291e-05
8422,0.9999696167961039
8423,1.185064933174197e-07
8424,0.992432733094054
8425,0.003382135016858227
8426,1.547557341110857e-05
8427,0.048197972825356615
8428,0.0035049310506005535
8429,2.1282205790849155e-05
8430,0.9999647282716643
8431,2.7149934119005783e-05
8432,9.924914498186941e-06
8433,0.9990122769790951
8434,0.9996757145462574
8435,1.911459248256797e-06
8436,0.00040557626466426397
8437,6.236147288654518e-06
8438,0.9999841183287684
8439,0.9999391685786269
8440,0.9997473271600082
8441,0.9891320210410285
8442,0.987189197816641
8443,1.214866820353035e-06
8444,0.9999299552144293
8445,0.9999995186110321
8446,1.1290008425129149e-05
8447,5.640552283203629e-06
8448,0.9996618523353199
8449,0.9996092343186003
8450,0.00013494414976891495
8451,7.998037478981059e-05
8452,0.05979012653353492
8453,2.1184487567225553e-07
8454,0.00018302334516833108
8455,0.9999753277355204
8456,9.802655976190042e-05
8457,0.9996104245017282
8458,1.7111274695341526e-06
8459,0.00033998354397995914
8460,0.21079881711958381
8461,0.9999958287662621
8462,6.465826989361606e-06
8463,0.9999124100785038
8464,0.9999160030617565
8465,2.4820081743735522e-05
8466,2.319203614551888e-06
8467,0.9999534341341828
8468,0.0001958858924106274
8469,8.87876992081429e-08
8470,0.9996901557487881
8471,1.4881164795912668e-06
8472,0.00024520156078456344
8473,0.10195362242338779
8474,0.9995930190068322
8475,6.38737057205292e-06
8476,0.999972732379123
8477,0.000202122254480437
8478,0.9999846334088043
8479,0.999802727500254
8480,9.225516287971292e-05
8481,0.9998541813372669
8482,0.12799418188432496
8483,0.9999075638795414
8484,4.46033680873551e-05
8485,0.999890255699229
8486,0.9999435408095113
8487,1.2021072061397599e-05
8488,0.9999963528392533
8489,0.00017720991390535027
8490,0.0003997506885744162
8491,0.017578089359557104
8492,0.003217485947904839
8493,4.337544509934234e-05
8494,2.3395392775933406e-05
8495,0.37938364908415395
8496,0.9985570954748546
8497,0.9999980656669059
8498,1.2168374668446465e-05
8499,7.305995281458171e-06
8500,0.0006244669403943174
8501,8.373432271467728e-06
8502,3.344486400873459e-07
8503,0.9999473157984167
8504,2.370502786597587e-06
8505,0.999479287975525
8506,1.9712045023582265e-05
8507,1.4634379434376396e-05
8508,2.6700709361214935e-05
8509,0.9319429776119094
8510,0.00020699694096498576
8511,4.552391530267075e-06
8512,0.999932711596274
8513,0.014943934635652321
8514,0.001965185991984083
8515,0.9999856048368162
8516,0.9996885069078657
8517,0.059600997212703635
8518,0.9997651669760145
8519,0.9989407734282894
8520,2.4636258313458225e-05
8521,0.0028090453384689543
8522,5.585051043205811e-07
8523,6.892843242566237e-06
8524,0.0018640944802011078
8525,1.920879429469535e-05
8526,0.0002351009144419358
8527,0.9996320060798382
8528,0.9999678228802539
8529,1.8913676480865214e-06
8530,4.4988854807714055e-07
8531,6.370244504424526e-06
8532,0.9998659079842941
8533,3.1688156868981996e-05
8534,0.9999962077517046
8535,2.52726379145425e-06
8536,1.6285505029949092e-06
8537,0.004598144787869447
8538,0.00022521927428633851
8539,0.9999929943641722
8540,0.999902835581115
8541,0.999972749117344
8542,0.9999941179163908
8543,0.9999475370089347
8544,0.9934828829853914
8545,0.9998680713091138
8546,0.0001785228007474249
8547,0.999978603229889
8548,0.9993509923467478
8549,0.0004731581864819471
8550,0.012729353128026272
8551,0.9990504214412168
8552,0.1712661335866479
8553,9.413471163937073e-05
8554,7.203677929049517e-06
8555,8.644462785828496e-08
8556,0.9999674142802963
8557,0.999877054748468
8558,2.47452969924096e-06
8559,0.9999953350128788
8560,0.9999785219085016
8561,0.9998700855960897
8562,0.99933465680751
8563,1.436136374525406e-05
8564,0.9999731468395923
8565,0.9998950254192444
8566,4.155488412597503e-05
8567,6.290274184219777e-08
8568,0.021024333153129345
8569,0.9999914363850283
8570,1.2586342496932788e-07
8571,0.995388817856996
8572,0.9967455643085675
8573,0.9996055690707091
8574,1.4454257549404418e-05
8575,3.2462888727594e-05
8576,0.00010248625768858298
8577,1.6023842106082822e-05
8578,0.9996027598046459
8579,0.9999978905086848
8580,1.1810379736549604e-05
8581,0.9941816423184283
8582,8.723466465541962e-06
8583,0.999919702255431
8584,6.062429442860197e-06
8585,1.0463312186586293e-05
8586,5.452146819700281e-06
8587,0.3026480617763609
8588,0.01746946965832721
8589,0.9989300148919221
8590,0.9999918448589938
8591,2.2966787012830828e-07
8592,0.9965717803894505
8593,1.8016540480810157e-05
8594,0.0021678011729563272
8595,2.2480723011162894e-05
8596,0.9999284222789472
8597,3.6123585146181156e-05
8598,0.00014538663247972772
8599,2.6094883728926915e-05
8600,0.9999926780058148
8601,0.9995815191959282
8602,3.5437238093378204e-06
8603,0.9992900773955481
8604,1.0364753264277146e-06
8605,6.181321145330071e-07
8606,0.03034280735451348
8607,0.8094463207952456
8608,1.1123568963825015e-05
8609,0.9994798403894825
8610,0.9999995960605392
8611,0.9997889854669014
8612,0.9999729707762208
8613,0.9998201218626599
8614,5.201587683267022e-05
8615,0.9999410745181929
8616,1.744479343543267e-07
8617,2.5746093711472843e-07
8618,0.017305938018138234
8619,1.2206899619852388e-06
8620,0.9992992860761976
8621,0.07017076973467973
8622,0.9999877694086738
8623,0.2474769382264846
8624,8.683406534873017e-05
8625,1.0412407613453417e-05
8626,0.7173436426558014
8627,0.07469174853410353
8628,0.9999970550673984
8629,0.9999174899489798
8630,0.9986945521523857
8631,0.00012689559019274737
8632,0.9845963011768172
8633,0.9998084539384262
8634,0.9999621510200373
8635,0.9999417531867152
8636,0.9999825173068935
8637,0.9983607053887363
8638,0.9911610237069618
8639,0.00016074861800307466
8640,5.266185010910897e-06
8641,2.4687978357155305e-06
8642,0.9999288110209416
8643,0.9988911792144659
8644,6.466051238039203e-05
8645,0.9999319266966242
8646,0.9999580760261764
8647,5.15189964341986e-06
8648,0.9997835111175084
8649,8.341868645530619e-05
8650,0.00038283174732226726
8651,0.9999360724537657
8652,0.0004352559653124999
8653,0.9999698090436245
8654,0.9999633405381108
8655,0.009581709587413827
8656,0.0013241288495935545
8657,0.0004707894544364123
8658,8.016133995441972e-05
8659,0.0005057562190817036
8660,8.421902475163008e-06
8661,0.9999113831791533
8662,2.8967195382424895e-05
8663,0.999953849213426
8664,7.467434269174049e-05
8665,5.573305036664616e-07
8666,0.9999796059733577
8667,0.00031661085328994244
8668,0.9999889909372155
8669,1.1164199823714511e-05
8670,0.9999754404557152
8671,0.9998759914249407
8672,0.9984210678581618
8673,0.9969853691332266
8674,0.8990423321769918
8675,0.9999297102015531
8676,0.9411302724241711
8677,0.9999985047352817
8678,1.0041011042613488e-05
8679,4.320654702520157e-06
8680,3.618691392998951e-05
8681,0.0009035727793241545
8682,0.0005626475994907404
8683,0.9996007784845167
8684,0.00044031991409333276
8685,1.2387804797456248e-06
8686,0.0006541435978237603
8687,0.021467535360075837
8688,0.9946999993693619
8689,6.711026527359097e-06
8690,3.295211846777838e-05
8691,0.9973442787211954
8692,0.00048549794916547326
8693,0.9999737772509767
8694,0.999964178131713
8695,0.999957846140922
8696,0.9995654906557172
8697,0.9996955006989788
8698,0.00041348986869106587
8699,0.9988834280363064
8700,0.9999893403616624
8701,1.1936004734932094e-05
8702,0.5345170517004502
8703,0.9999316772318928
8704,2.7598862619268464e-06
8705,4.752327434679554e-06
8706,0.9999831835789231
8707,0.9997726191045997
8708,0.9995923192884071
8709,0.0002767449234469258
8710,1.6695621511168936e-06
8711,0.0007651364094418543
8712,0.9998835573368942
8713,0.9995335308553057
8714,1.3922952324033729e-05
8715,0.9999425717078876
8716,0.0065572843600449435
8717,3.40400523213812e-07
8718,0.00011344336456883833
8719,0.9999957323458168
8720,0.9944510653464224
8721,0.9999816226004369
8722,0.9999020596592739
8723,3.957706308445567e-06
8724,0.015655419279810043
8725,0.9958662839628128
8726,1.496468037144964e-06
8727,0.9999144367025756
8728,0.9775180168070043
8729,0.9999575427501594
8730,0.87559842329103
8731,0.6880213908162015
8732,0.9999260331106723
8733,0.9814598535840363
8734,1.1088382741532616e-05
8735,0.018382298915031896
8736,0.9997796749297111
8737,6.434036858351086e-05
8738,0.9998090105536458
8739,0.7862285833430936
8740,0.9999890171142543
8741,5.79653665484981e-06
8742,0.00039202093133080174
8743,1.6545304308334013e-05
8744,6.334675588875265e-06
8745,0.9964947560343083
8746,0.999876289026251
8747,8.587046427940156e-06
8748,0.00013044254859002316
8749,1.8493703564907881e-06
8750,0.00034233711940267065
8751,8.396982552286689e-07
8752,0.00081412336468058
8753,4.152069108781412e-08
8754,0.0003393415650570391
8755,0.9975419391804667
8756,0.9999878848682928
8757,7.967863165789477e-06
8758,0.9999476720530722
8759,0.9995968260283205
8760,0.004484400972555634
8761,0.8792992737427449
8762,0.9970581282478006
8763,0.005972430873175232
8764,1.2994663029506125e-06
8765,2.169846726212648e-05
8766,3.2384168979550683e-07
8767,0.9999994694359218
8768,0.9934244497012472
8769,1.3289110070636588e-05
8770,3.2559058611291747e-06
8771,0.999924004008179
8772,0.6413153747228136
8773,0.0001029227876075503
8774,8.887527604277298e-05
8775,0.9999957934122596
8776,1.1742901330929093e-05
8777,2.3101134216440182e-07
8778,0.00017131955000632877
8779,0.9996380726351219
8780,0.0003356020857228213
8781,7.607771919719058e-06
8782,0.00043812367907714755
8783,0.0001504409334933938
8784,0.9999814901064571
8785,6.1651937824174834e-06
8786,0.9999867303087545
8787,9.60168837512081e-05
8788,0.9975345209433764
8789,0.9988701978140523
8790,0.0009738465519762299
8791,0.9995284645142858
8792,0.9999458858566919
8793,0.9999877017448632
8794,0.997265646288384
8795,0.029864853239044413
8796,0.9979318496574595
8797,0.9999982735109958
8798,1.029320797223702e-05
8799,0.9999368147438139
8800,0.9994155264867997
8801,0.9998203176190986
8802,0.9997292699358863
8803,0.0007678227620827828
8804,0.9999817756894677
8805,1.4441440887347284e-06
8806,0.41888448130363515
8807,0.9999115122486438
8808,3.6074074620565354e-06
8809,0.9999563340965055
8810,1.4982215881354668e-07
8811,0.9998525804379835
8812,0.9774769779943759
8813,5.7939982947591786e-05
8814,6.306831726447855e-07
8815,0.9999930903991734
8816,0.9992546524523355
8817,0.9989547948325102
8818,0.9999994983226169
8819,0.9999757834240973
8820,2.121690576683241e-05
8821,0.9961579215335096
8822,0.9995218255301216
8823,0.9998742700564657
8824,2.1322978545538036e-05
8825,7.19405194340942e-05
8826,0.026913694403765967
8827,0.9999916416978464
8828,0.9999977119397309
8829,0.9888235741602142
8830,0.9968759833259582
8831,0.999783997761898
8832,7.309821185629409e-06
8833,0.0006627737314265945
8834,0.008877940932004173
8835,0.9997761833743961
8836,6.92334086877089e-05
8837,0.9902531025308897
8838,0.9987082513721045
8839,0.8161028999782902
8840,0.00019921928492869264
8841,3.175114912240621e-06
8842,0.9998076776218083
8843,0.9999072392518957
8844,1.7141561693205683e-06
8845,1.4846568867322026e-07
8846,0.999794433263878
8847,0.9978636822709593
8848,6.5658085613537005e-06
8849,3.91203297051568e-05
8850,0.9881872314254238
8851,2.3139529137498628e-05
8852,0.00018098622333987178
8853,8.813978091907338e-06
8854,7.98693236382642e-05
8855,0.9954492801860692
8856,0.0001238736123984079
8857,0.989649616909653
8858,2.824257964123573e-05
8859,2.203404879929727e-05
8860,0.9970688295077728
8861,0.9992197593090335
8862,0.999995334316281
8863,0.9992111336778738
8864,0.9987636843127969
8865,0.9997258676955459
8866,1.8386971606904375e-05
8867,0.002420173236412112
8868,0.9984382954525343
8869,0.9999266519115767
8870,0.9999772838023956
8871,1.1337016041947068e-06
8872,2.5440526725772904e-06
8873,0.00892002469883365
8874,0.00034633217886080684
8875,6.765387270215096e-06
8876,2.998838008907096e-08
8877,0.9992484590031994
8878,0.9999630564245583
8879,0.9997924952714238
8880,0.9323908232610586
8881,0.9999650435614104
8882,0.9990860206484861
8883,0.9999838932516526
8884,0.9998544401659373
8885,0.008716949633984488
8886,5.944900353159316e-06
8887,0.0005681257090380327
8888,0.9992666785616309
8889,0.9990914874651221
8890,0.0008175801769488507
8891,0.9917310276427306
8892,0.9999589333484913
8893,3.7376545827565475e-09
8894,9.216138447153881e-08
8895,2.6616323096693842e-08
8896,2.7614807165149145e-05
8897,0.9999630808247932
8898,0.9999679812429743
8899,0.0007673081355908889
8900,6.090794462490992e-06
8901,0.9996727792114587
8902,0.0202688098641215
8903,0.9999299327262208
8904,1.6825112588744598e-06
8905,3.291865515706135e-06
8906,4.9153892496766724e-06
8907,0.9999443932935481
8908,1.890143101525734e-06
8909,8.480640871473292e-05
8910,1.35218404845339e-05
8911,7.080736961860268e-05
8912,1.28975164753176e-06
8913,0.9998643378697388
8914,1.0800625030589587e-05
8915,0.9991489901854642
8916,0.0005227590602794525
8917,1.1617462023578004e-06
8918,0.9980695736782362
8919,0.9980974355007232
8920,0.9999970758828942
8921,0.00022529346256014353
8922,4.798394123641907e-05
8923,0.01861350263689561
8924,0.9997678157222943
8925,1.6886022190662072e-05
8926,2.2510718234247393e-07
8927,0.9999355486428831
8928,0.0008868029803525509
8929,0.00018680408387528277
8930,1.4363122024517038e-07
8931,5.017104776869555e-06
8932,1.8247590793642625e-05
8933,0.999896712097918
8934,0.017118007637513467
8935,0.9999974825472286
8936,0.9998213238888283
8937,4.092922786063254e-05
8938,0.9999918932314621
8939,0.9999928034578569
8940,0.9624084894821384
8941,1.3665440201838587e-05
8942,1.3051114222484637e-06
8943,9.317000917628488e-07
8944,0.9996294220287819
8945,0.0016020196451384113
8946,9.288365470496008e-05
8947,0.9999821796835597
8948,0.9996125219243701
8949,1.0491735860065458e-05
8950,0.9995388171106975
8951,0.00013972853245616042
8952,0.998704668365416
8953,0.9999845636296654
8954,2.724866406382993e-06
8955,0.0007332704937511949
8956,0.00032498110918415435
8957,5.445302680545088e-06
8958,0.9999583782864879
8959,0.7508174952212718
8960,0.9969694577720892
8961,0.9999995885541889
8962,0.0001505118383023393
8963,3.366922064691667e-05
8964,0.9994335959138229
8965,0.9998368151389723
8966,0.9966753549436204
8967,0.9999824310996767
8968,0.9998162948750148
8969,0.22180618363472454
8970,0.9990587786327172
8971,0.9931076342169369
8972,0.01716080694220002
8973,0.9979890761286951
8974,0.9999990457706678
8975,0.9999708282387904
8976,0.9999415418034793
8977,0.9999826511606451
8978,4.34615436855064e-05
8979,5.6572789269738616e-05
8980,7.624588194071895e-06
8981,0.0008405547062984719
8982,0.9999966900955752
8983,0.9975026859468118
8984,2.321104656265903e-06
8985,0.999983015297585
8986,0.9895211916581274
8987,0.8718434136928345
8988,0.0008659689578621273
8989,0.0002905120500971787
8990,0.9968353335319851
8991,0.9999916703371454
8992,0.9999911788218693
8993,0.99543622405988
8994,2.2411503400090093e-08
8995,0.8310270145067135
8996,0.005616397412008362
8997,0.9961294288862479
8998,0.9999286842264721
8999,0.0072017836877391475
9000,0.9999866829574177
9001,0.9999747296696536
9002,2.096687166168067e-06
9003,0.9999512962038863
9004,0.9718739900740543
9005,1.7808075225723939e-06
9006,0.9999897890987627
9007,0.0002622501443970921
9008,2.8473601540092496e-08
9009,0.9999820525792913
9010,2.555443103740379e-06
9011,0.9999224922933087
9012,7.791393593946097e-05
9013,0.9993063329319049
9014,3.133549015136651e-05
9015,0.0004338932984913443
9016,0.020557034758202697
9017,0.9988984367210869
9018,0.9999966097622947
9019,0.00012047141241543118
9020,8.900942234208228e-06
9021,0.9999914544190789
9022,0.9997985002479013
9023,0.999362741700618
9024,1.966056900929523e-05
9025,0.9805179387754324
9026,0.9998886752971955
9027,0.9991567790426936
9028,0.0007021192846564528
9029,0.005263151263354574
9030,0.9947281546553587
9031,0.9998713392501286
9032,1.2751594439706516e-05
9033,0.00030556787844262455
9034,2.8130002502100208e-05
9035,3.319335707661947e-06
9036,0.9999932457406041
9037,0.01049492228461518
9038,0.9992832923972167
9039,0.0005906006489412539
9040,0.9993360824165726
9041,2.2162585406295622e-05
9042,0.00016456835454055455
9043,8.249927267671211e-05
9044,0.9998858799057622
9045,0.9998280972845647
9046,1.849428499617758e-05
9047,0.0005025114243829476
9048,0.004643009383497048
9049,6.407073049185176e-09
9050,9.902470352897494e-06
9051,0.9996750716395805
9052,1.4112960370066664e-06
9053,0.00018849609250720995
9054,0.9999143209332034
9055,0.9951292673118923
9056,0.00014922742034525317
9057,6.077887941624888e-05
9058,0.30389896503487124
9059,0.9933752371681357
9060,0.0001659389555311491
9061,0.9998405136558663
9062,0.9997843485469683
9063,0.9990655467592874
9064,0.9982792991272459
9065,0.08095594164470156
9066,0.9993481188440465
9067,0.9999934466424758
9068,0.00013479338810756065
9069,0.999913082354853
9070,7.448013472611762e-06
9071,0.8226171700693936
9072,0.9986705323784844
9073,0.9999990969000361
9074,0.00017078807398854484
9075,0.9999757622172326
9076,0.9996761127332117
9077,0.003464542986268919
9078,0.0001232480259954221
9079,0.045228802846022646
9080,0.9980777418839453
9081,6.5446485205589865e-06
9082,0.9944572028787039
9083,0.999741230254635
9084,0.9998744849169755
9085,0.9998798739835507
9086,0.9977000334000756
9087,0.0012804172888807837
9088,1.9152715486402746e-05
9089,4.43374971649081e-06
9090,6.421578734292642e-05
9091,2.0880027631368686e-05
9092,0.9969819705935811
9093,0.9999891153319457
9094,7.169454432306996e-06
9095,0.029914663581900498
9096,0.000662872634785499
9097,2.303877068668259e-06
9098,4.659483304491484e-06
9099,0.999971123085061
9100,0.00404067615513593
9101,0.9998350468551056
9102,0.9986012829723372
9103,0.0005083327971790556
9104,0.2708329584155608
9105,0.9998701718776443
9106,0.9988523298473544
9107,0.001780367186161382
9108,0.9962507575271147
9109,0.0019702240180855556
9110,5.609588578233367e-05
9111,0.9999347899586021
9112,3.895505271674958e-06
9113,8.213012002368273e-05
9114,0.0012884036525872772
9115,0.9999893109558048
9116,0.015306857038440232
9117,0.9996657187132578
9118,0.0020384263049165836
9119,0.9999921725126569
9120,3.9838902991635194e-05
9121,2.4514252806117392e-05
9122,2.0341358185892863e-05
9123,4.909076885643904e-06
9124,4.787032725080757e-08
9125,2.1125014864124803e-06
9126,0.9992431403218961
9127,2.870095068754483e-08
9128,0.9999615256220518
9129,0.9998126616346732
9130,0.0005206637012769806
9131,0.00010549393711381132
9132,0.9990226575948985
9133,0.9999725552375685
9134,0.9999984811574384
9135,0.9997170849790922
9136,0.9999990101188223
9137,0.00019734871578866263
9138,0.9997285060667531
9139,0.9997974231218797
9140,0.9997979141391923
9141,0.133690172746481
9142,0.0004427383459352381
9143,0.9999794190307182
9144,0.9302750858900488
9145,7.21492776301576e-09
9146,5.336649092790138e-05
9147,0.0008943846698234582
9148,0.9998735355017005
9149,1.159772915263651e-05
9150,7.67266535212007e-09
9151,0.9999899031181723
9152,0.038264764611520695
9153,0.9999825498572331
9154,0.0011347850801155654
9155,0.999964597951768
9156,1.1001555270569676e-05
9157,0.00042384398528698923
9158,0.9999765672002805
9159,0.9803745383013596
9160,7.75370226091681e-06
9161,0.9998746604707341
9162,0.993006081072007
9163,2.525062345349237e-05
9164,0.9999278275051527
9165,0.9999288835253765
9166,3.05300300152438e-05
9167,0.9997901654062884
9168,0.9954598408723584
9169,0.999955086552637
9170,0.9999748490185951
9171,0.9999432167097592
9172,0.029748539724521208
9173,0.05710491754236882
9174,0.9999980348337855
9175,0.9998922344151807
9176,1.189226054329032e-07
9177,0.9999226617116225
9178,1.9803692095324544e-06
9179,0.9999949854228716
9180,2.423173660820428e-07
9181,0.9990287552528455
9182,0.0034864371884972076
9183,0.0009830199677101777
9184,0.9999740343935657
9185,0.9999923022232456
9186,1.4160757470953934e-06
9187,0.9972568221594816
9188,0.9997026966361897
9189,0.9998557260890566
9190,0.9999995311344503
9191,0.9999998011593021
9192,0.0045034093986836615
9193,0.9999980510098481
9194,0.006952709494802185
9195,1.448502355130304e-06
9196,0.20219406444468438
9197,4.677085318160449e-05
9198,0.000880386417771345
9199,0.9999330772316893
9200,0.9999986158019314
9201,0.004886056678257903
9202,0.9999888983435415
9203,0.00011005502297535525
9204,0.9999667810004216
9205,3.225877699562952e-05
9206,0.9994600773779141
9207,0.9986424431589067
9208,0.002548402347380413
9209,6.143990288621347e-05
9210,5.671651969628608e-10
9211,0.00041189512604342083
9212,0.9999920809135915
9213,0.6388987132139126
9214,0.998866372087643
9215,4.5982359783343974e-05
9216,7.2331626007598575e-06
9217,0.9999926691860161
9218,0.9805183398728896
9219,0.0012740931411384317
9220,3.839047342856702e-06
9221,0.0041138598542508585
9222,0.9999996940618784
9223,1.3504816097070406e-05
9224,0.9999962118758953
9225,0.0021966670062317866
9226,2.620490970130743e-06
9227,0.9999650504763155
9228,0.0029388157496710765
9229,4.726696183441808e-05
9230,0.9999937139838783
9231,0.9999967213604749
9232,9.883230810922143e-07
9233,0.9995552412717564
9234,0.9570216245672949
9235,0.012064752750215417
9236,8.85522625878345e-05
9237,0.0028847108506716694
9238,0.9999048570633849
9239,0.00011091006778571016
9240,0.0003039509593238986
9241,0.9999909032631076
9242,0.9962759582441615
9243,0.00012228886030604834
9244,0.9999885469844254
9245,0.9777142140092223
9246,0.9994603077218548
9247,0.005078845570356986
9248,0.9999842459829574
9249,0.9999376511897181
9250,0.0028646672418644738
9251,0.00021512754733830948
9252,5.173896313936608e-07
9253,0.9993339565215962
9254,0.9999423206282462
9255,0.9999839709831694
9256,2.7299599584111602e-05
9257,0.001727375108083885
9258,0.9986552943673668
9259,0.9998433993209359
9260,0.9992114138919177
9261,0.9999713564194291
9262,3.7380507531915347e-06
9263,0.9991911080342528
9264,0.0007182140003111454
9265,1.6796596744973256e-05
9266,0.9999757784518719
9267,1.5488749939791285e-05
9268,1.4439993523142615e-05
9269,0.9999448392037729
9270,0.9849746523483814
9271,0.00029230500943161415
9272,0.9994886505705048
9273,0.9999676100374046
9274,0.9999744441409582
9275,0.9999935123294565
9276,0.04283472187749961
9277,0.9999653891544235
9278,0.0009850731585707595
9279,0.9874993023991697
9280,0.9994240711689575
9281,0.9999929035669184
9282,0.999994595274451
9283,0.0002553669711633953
9284,0.9994370371847364
9285,0.999982317409383
9286,0.9998624062383581
9287,0.9999996754745869
9288,6.284590301105734e-05
9289,0.9999792032218154
9290,0.9993574602211424
9291,0.9999866954784351
9292,2.2651739502135722e-05
9293,9.491256475083596e-05
9294,0.9992491808532477
9295,0.9999773585948397
9296,0.998198114289602
9297,0.9999320254027141
9298,0.9999659238130113
9299,2.8895935522201375e-07
9300,0.9984576573361996
9301,0.025789994724794273
9302,0.9995894888394122
9303,0.0008391541219113137
9304,0.9999862569831142
9305,0.00151971167125041
9306,0.05466017253920143
9307,8.962681655938344e-05
9308,0.13379178911686185
9309,8.66475813875836e-06
9310,0.9999972980169453
9311,0.9400199454926599
9312,0.9999912651289781
9313,0.00012061898737474108
9314,0.0004929399729000572
9315,0.9995644737510243
9316,0.9999021621456065
9317,3.808974095414495e-05
9318,0.03778515003038478
9319,0.998934349523416
9320,0.0006637300026314275
9321,0.9999713548957884
9322,0.9960847264929095
9323,0.9999989434005989
9324,8.119876250534026e-05
9325,7.468929158043714e-06
9326,0.9999540933558432
9327,0.004094387850143873
9328,0.0001456726072632465
9329,0.6543495097567128
9330,0.9996699518970951
9331,0.999341319621913
9332,8.178154259914752e-05
9333,0.9998284973234508
9334,0.9992046452783678
9335,0.9999911600577314
9336,0.998547808213122
9337,0.00011563416852544325
9338,1.7507117109345377e-05
9339,0.04088818370797385
9340,2.329759211316614e-05
9341,0.9998595636820247
9342,0.9999422592361226
9343,0.9999888140878294
9344,0.9998554110062481
9345,0.9991038557293443
9346,0.9999974339417631
9347,0.9999080825351163
9348,1.3340451663752508e-05
9349,6.582519377747602e-07
9350,0.9988898171020391
9351,1.155748332048781e-05
9352,2.01345190525795e-06
9353,1.8942826733759176e-05
9354,0.9953139194049562
9355,3.916036098690952e-05
9356,0.9999909449592256
9357,0.9999724842286247
9358,0.9999785781561955
9359,2.6196718647521137e-06
9360,0.9994974597488101
9361,0.9999985629448446
9362,0.9999008405732334
9363,0.0003680110851002926
9364,0.9877605440399739
9365,0.9999970824274551
9366,0.9998916918534476
9367,0.9884616242696229
9368,9.022713208187189e-05
9369,0.9999698113256142
9370,7.22996378884615e-06
9371,8.193480874449302e-06
9372,0.999975752715603
9373,0.09131496317327319
9374,1.315391885723292e-07
9375,0.9999932069853639
9376,0.00022279573220031904
9377,0.9999915610017804
9378,0.9999659428872492
9379,2.037050041932761e-06
9380,0.9999377494964912
9381,0.9998694775819602
9382,2.5139530329312608e-05
9383,0.08671434642161446
9384,7.527917931411526e-05
9385,4.4894288133334175e-06
9386,0.5222200284164862
9387,4.9603576529073626e-05
9388,0.9999206925047935
9389,0.002777324402384502
9390,9.66686100375339e-07
9391,5.057560388396498e-06
9392,0.0035310225899671203
9393,0.9981528221593985
9394,0.9998104172275869
9395,0.06373644297623372
9396,0.9999802692013555
9397,0.9998833536513633
9398,0.9998605217002002
9399,4.165862821027633e-05
9400,1.2282958334323019e-06
9401,0.9995490195071288
9402,0.9993197636885005
9403,0.0008289272452352884
9404,4.224242917398201e-06
9405,8.44222853872519e-05
9406,0.010856578575525739
9407,0.9998659239986709
9408,4.5269510477024614e-05
9409,0.999988428508641
9410,0.9949098268494693
9411,0.000204335066777691
9412,0.0014179688316579059
9413,0.9995673696721301
9414,0.9999834090538062
9415,0.998882390360586
9416,0.9995952246378405
9417,0.999745909476133
9418,0.0005602970664040837
9419,0.9999448696165186
9420,0.999897537265041
9421,0.9997779658456831
9422,0.009065350620079472
9423,0.0002486219605759054
9424,0.9999973240140407
9425,0.030843060203686892
9426,0.9861955561481944
9427,0.9999909243087374
9428,0.9999156115033638
9429,4.278317020854764e-09
9430,0.9998078308054898
9431,0.9999979232302858
9432,0.005200742212903359
9433,0.9989748779119026
9434,0.00011237673457653287
9435,0.9999877083307621
9436,0.9999564934145379
9437,0.999975340625558
9438,0.06824861629826648
9439,1.8943670749786121e-06
9440,0.000750003216365045
9441,0.9997613663159881
9442,0.19226925001776923
9443,0.9999866338530988
9444,6.025853581420235e-05
9445,0.9994302218420446
9446,5.108010991646218e-05
9447,9.514588764485706e-06
9448,0.9995367571068905
9449,0.9999952933310462
9450,5.055426414673451e-05
9451,0.00040344541622207774
9452,7.504302063122072e-06
9453,0.9999568925303194
9454,0.0008374352682606061
9455,0.0004990539382960668
9456,0.999931797432517
9457,2.3095778653321144e-05
9458,0.9999958231648909
9459,0.01123371723564409
9460,0.996706203895458
9461,3.9874422609966714e-05
9462,1.4801682117748681e-05
9463,9.939240744522136e-05
9464,2.6675885051903537e-07
9465,0.9986057753546137
9466,1.026630290567977e-06
9467,0.007165669413953416
9468,5.8252180856882e-07
9469,0.0001283265979303575
9470,0.9999851925429492
9471,4.246614271473816e-06
9472,0.999966990975018
9473,0.9934615404203132
9474,0.0033204267488377154
9475,5.319785593172323e-08
9476,0.8575416077850784
9477,0.8941431653681637
9478,0.9999111531651833
9479,0.9999791907585031
9480,0.9999951618134115
9481,0.9998062762926658
9482,5.3181843290494654e-06
9483,0.0002839542305851046
9484,0.00023140637487578517
9485,1.846208284664358e-07
9486,2.6394160221199813e-06
9487,0.00010391161987071585
9488,0.9999979616739875
9489,0.999753563646484
9490,0.9992097528530383
9491,3.139930979776346e-07
9492,0.17783460842594567
9493,0.9999991201800591
9494,0.0020770387426338704
9495,0.99995914514493
9496,0.0002575488499960427
9497,0.9999918283199999
9498,0.00034438555745091036
9499,0.00011274739460393863
9500,0.9997476211902326
9501,0.9999967745058478
9502,1.4920850758418434e-07
9503,0.08621380122873476
9504,0.9992082134735532
9505,0.999660321436342
9506,0.0006867714052758995
9507,6.440866969775646e-05
9508,0.00014959072218435017
9509,0.9991201740552234
9510,0.999473299838004
9511,3.038306729213754e-07
9512,6.181846100476114e-07
9513,0.9972911299546586
9514,1.7446402640212e-06
9515,0.9999526690381134
9516,0.9885244642477639
9517,0.00019934665151498767
9518,0.0002631348967440909
9519,0.004213743371702152
9520,0.9919393039218415
9521,0.9999572662967712
9522,4.45950027215233e-05
9523,1.7416324655474883e-06
9524,0.16891135511024424
9525,1.834830237277983e-05
9526,0.9999350820564813
9527,1.631635222490048e-05
9528,0.0007893792021826727
9529,7.2055134124181055e-06
9530,0.9978125224117294
9531,0.9995424210239318
9532,2.6967849427008374e-05
9533,0.9999937864906004
9534,0.9999806119794377
9535,0.9993990034645122
9536,0.0020152594921687985
9537,0.999998234164142
9538,4.465444918820188e-06
9539,0.9999978223323052
9540,2.394645722532853e-05
9541,2.189605907758214e-05
9542,5.088365321966319e-06
9543,0.00020955618426754237
9544,0.9985208649981329
9545,3.390196035719784e-05
9546,0.9999628484744142
9547,0.999981364675975
9548,0.9999790506072523
9549,0.9998915743536875
9550,0.9999423319840137
9551,0.9956662908127406
9552,0.9999946404780096
9553,5.123612096502094e-05
9554,0.9999602130733445
9555,3.413901665061809e-05
9556,0.3760876345668486
9557,0.35769061386850504
9558,0.9980941782185719
9559,0.9998814813747366
9560,0.9977785157108727
9561,1.9147390000443105e-05
9562,4.507778866434925e-06
9563,0.9976982981932101
9564,5.0335889658932365e-05
9565,0.9999637989679088
9566,0.9984587168457912
9567,0.9999812541813534
9568,0.9826075854978771
9569,0.45178163721215014
9570,2.413431541527599e-06
9571,0.004514757303046271
9572,0.9999961866932244
9573,0.9987614104261253
9574,0.016136055078556703
9575,4.782478116509829e-06
9576,0.9993108534998872
9577,0.999998273520663
9578,0.007667829524916703
9579,0.12199108518470667
9580,4.674417423048364e-06
9581,8.699586624203066e-05
9582,2.16890615149939e-06
9583,0.9933683306990144
9584,0.9999905381659088
9585,6.927439895762776e-06
9586,0.00023017019590054326
9587,0.0035828897239811998
9588,0.001260242625801477
9589,0.9696717278279063
9590,0.007994594385024673
9591,0.00022096881099516145
9592,7.994366385488838e-05
9593,3.132238329235634e-06
9594,0.9995298444571299
9595,6.987282400271355e-06
9596,0.08866284481755855
9597,0.010900173338025872
9598,0.9991404833387127
9599,0.9997036163410405
9600,0.001147174410627076
9601,3.873635572127506e-05
9602,0.9999762510280301
9603,9.027696526431524e-07
9604,0.9999817729171362
9605,0.08788680323171358
9606,0.9998818753043555
9607,0.9999153082606522
9608,0.9999213551006169
9609,1.313662189483547e-07
9610,0.0006617484788618281
9611,0.0011258350743772881
9612,0.9751910468613795
9613,0.9999817227553746
9614,0.21244310692667592
9615,0.9952550992903867
9616,0.9979868630797333
9617,8.390296517336442e-06
9618,0.9992328156382484
9619,0.9999856773025906
9620,0.0021276140147253493
9621,2.4197781077538753e-05
9622,0.0028607460249156073
9623,0.0003510687812707577
9624,0.9999775250664081
9625,0.9992206711409203
9626,0.000462268442903266
9627,3.484722348934779e-08
9628,7.654421901571999e-05
9629,1.4552884879673037e-08
9630,0.9967674258937059
9631,0.8025455216221081
9632,0.00017804338999377777
9633,2.3326699921889584e-05
9634,0.8747532967057051
9635,1.445841267319872e-05
9636,1.535672837312945e-05
9637,0.9997211378603121
9638,2.99837871529967e-06
9639,0.9999820990797416
9640,6.6327570798769486e-06
9641,0.9996581645537469
9642,1.0900321898955213e-06
9643,0.9999952135749152
9644,0.0006383646923753138
9645,0.9931649717812827
9646,0.9976675460523343
9647,0.9982333553008823
9648,8.663359138142766e-05
9649,0.9973577281726518
9650,7.402011488046427e-06
9651,0.9999536842758693
9652,0.9836754779560164
9653,5.052762666312039e-06
9654,0.9983021796908361
9655,0.9999715077900301
9656,0.006443933942800555
9657,0.9999896525118613
9658,0.0007215319542803789
9659,0.9999976031463274
9660,0.9999575351028059
9661,0.9999804766089437
9662,7.049661250530549e-06
9663,0.9989117221949856
9664,0.8349001500862218
9665,0.00014372396590277078
9666,6.695824784438969e-07
9667,0.9998360465456234
9668,0.13050272219619774
9669,0.9994879117119005
9670,0.00020992330057822308
9671,0.9999042281162334
9672,6.343586716477059e-05
9673,0.051838397458540415
9674,0.9999914913738647
9675,0.999688634745291
9676,0.00010441266150442797
9677,0.9997245684658982
9678,0.9994943062826298
9679,0.9995948619899155
9680,0.9998626627725095
9681,0.9998672069027011
9682,7.295122979735743e-05
9683,0.00011563416852544325
9684,0.99999835299432
9685,2.2892359111480004e-05
9686,0.9976587105226185
9687,0.9999866061586438
9688,0.013172138052309794
9689,9.719028138303104e-06
9690,0.9998417477105661
9691,0.9997366271095175
9692,5.6276824858404014e-05
9693,0.0001364270776062878
9694,0.9856462529832702
9695,0.999992834371563
9696,0.8734523607441864
9697,0.00012012343841075625
9698,0.9995138717228479
9699,0.9991979962468062
9700,0.03472656213386265
9701,0.9889162911340902
9702,0.9996462634147935
9703,0.9978027315470631
9704,4.478389433189198e-07
9705,0.0032882095926600715
9706,0.003587073343587528
9707,0.9999972527923292
9708,0.9999894780745033
9709,2.1822459826504363e-05
9710,3.3201055767256674e-05
9711,3.1144904107281207e-06
9712,0.00029728727706221543
9713,0.9997216130377057
9714,0.9988908876953821
9715,0.05190793239807574
9716,5.5334330081254046e-05
9717,3.602054660325443e-05
9718,7.081232532414777e-05
9719,0.0005303950877336266
9720,9.054104557710967e-05
9721,4.158828809451516e-07
9722,4.886494148979872e-07
9723,0.9999842996991763
9724,0.0001438257883762902
9725,8.801887040005672e-06
9726,0.00011014049722474511
9727,0.9828204683070707
9728,3.9196190068127004e-05
9729,0.0009149581532059671
9730,0.00024896944702055835
9731,0.9818827358669675
9732,0.00012664080034032667
9733,0.010434259765324175
9734,1.1640798037357509e-05
9735,2.229599065432442e-06
9736,0.0032906481287622662
9737,0.012378214307184452
9738,0.9999440884891585
9739,0.0225381997747276
9740,0.9925739467246701
9741,0.00015565653840250444
9742,0.9999745978098279
9743,0.9851753777835599
9744,1.7755703710420884e-06
9745,0.0025642843853310206
9746,8.946805364171935e-05
9747,0.9999952627052866
9748,0.9999899699181682
9749,0.9999721040138687
9750,8.699245680291523e-05
9751,0.9999995054970602
9752,1.362747750432158e-05
9753,0.00010347553094637308
9754,3.0368407142845955e-05
9755,8.416622632503312e-06
9756,0.9999663509132535
9757,5.241136722640424e-05
9758,0.9999915547070484
9759,1.6087460596525028e-07
9760,1.7000605449234811e-06
9761,6.20988059919709e-06
9762,2.3838459712464693e-07
9763,0.0006431297033987324
9764,0.9998034366987868
9765,0.9996387509798353
9766,0.9974240963113143
9767,0.010177944349765506
9768,0.9996963916777041
9769,0.9999694707961889
9770,0.9713701741119158
9771,0.9979996113585415
9772,0.9996362319208192
9773,0.00015198191942666206
9774,0.9999611068797546
9775,0.9999101030591339
9776,0.9933824647076213
9777,0.9999999884521248
9778,0.9995845921662658
9779,0.9987796148832998
9780,4.958601567997177e-07
9781,0.0005774197511811559
9782,4.798124525277776e-08
9783,0.999462123613278
9784,0.9976897423659693
9785,0.9996043640597371
9786,0.9898454200736577
9787,1.9261281036959766e-08
9788,0.9962924167119546
9789,0.9996534267120188
9790,1.8909678166641398e-09
9791,0.0010032634651621307
9792,2.0405486888239038e-05
9793,1.1613292293386408e-05
9794,5.379368117441775e-07
9795,4.92077822269318e-08
9796,0.0003398960164374561
9797,0.9993470869486336
9798,0.999870327814461
9799,0.99995881891193
9800,0.007635496143619672
9801,3.8001737279954874e-07
9802,0.00020576246354629929
9803,4.3053624573078257e-07
9804,0.0016231854830367908
9805,2.227847895357e-05
9806,0.9996164697899087
9807,0.9999690931890051
9808,0.9999798854422101
9809,0.9999748490655366
9810,4.088562976917188e-06
9811,2.1386092245517405e-06
9812,0.00014711450871713144
9813,7.031587871401668e-07
9814,0.00873017625403885
9815,0.9999907837301928
9816,0.9999884723646435
9817,0.9991764855934557
9818,0.9994181271790061
9819,0.0018979183501109651
9820,2.537342720804905e-06
9821,0.9977660845237627
9822,0.9601959804138102
9823,0.9999944400293219
9824,3.2853225112528602e-06
9825,0.0010168938973144543
9826,0.9916138455868172
9827,0.00016917494323230893
9828,0.9999650257459681
9829,0.00040364662494359125
9830,0.999962748110898
9831,0.0001406561107241072
9832,0.9999715954503866
9833,0.9999184186112179
9834,1.1812174905428561e-06
9835,0.9998477610453628
9836,0.9990215425888167
9837,0.999873040099204
9838,8.668892254735372e-08
9839,0.999577453604988
9840,0.9999599968470797
9841,0.9969221732592705
9842,0.29652436951970595
9843,0.9999883717747899
9844,0.9964470016040781
9845,0.007690870587631226
9846,8.040151462458824e-06
9847,0.9999949317853393
9848,4.386270959834933e-05
9849,0.9999838274329267
9850,0.9998123705514843
9851,0.9999739019016778
9852,0.9322601077884813
9853,0.0005068445129259716
9854,0.002296789845566766
9855,9.533151501052664e-05
9856,2.122147878042912e-06
9857,7.346254045218903e-07
9858,0.9998617582902614
9859,0.9999749182086463
9860,0.00043411150800925146
9861,0.9999144194549549
9862,6.587061583730623e-05
9863,3.869151454250804e-06
9864,0.0012882607644172824
9865,4.834760420259356e-05
9866,0.9904521675754665
9867,0.9991155281315139
9868,0.6221781491026521
9869,0.9999964060064913
9870,7.918480439673093e-06
9871,0.9999955191097992
9872,3.6721979181277985e-07
9873,0.9982983990910206
9874,3.266544477837198e-07
9875,9.648445369624814e-05
9876,8.604220449414836e-06
9877,0.0002172644834647621
9878,2.5370729321491745e-05
9879,6.110219114447607e-06
9880,0.9999118427385626
9881,0.0003539712896103102
9882,0.9989708408541597
9883,0.0002483388988147404
9884,9.5631127015122e-08
9885,0.9952805366886711
9886,0.9996649541155103
9887,0.9999954744676269
9888,2.5172654157966445e-05
9889,0.9999781811036849
9890,0.9996933194563556
9891,0.9940777059694723
9892,1.477295150627686e-05
9893,1.1194840850529492e-05
9894,0.000485460363770899
9895,0.9996563997056626
9896,0.9991035264641569
9897,0.0013056534813641386
9898,2.723173633390731e-07
9899,7.199843200906778e-07
9900,2.6520078189701147e-05
9901,1.115841906822459e-05
9902,2.2286899898035424e-06
9903,0.9999941014091694
9904,9.578028464430293e-05
9905,2.1346650970354825e-05
9906,0.0007095744570059172
9907,0.0013718168487696582
9908,4.646543444140386e-06
9909,0.00118473425941305
9910,0.999985744242757
9911,0.9998811169741499
9912,0.9995919087400311
9913,0.07795433727076223
9914,0.9469526403823714
9915,3.571061336378781e-08
9916,0.9999800939117623
9917,0.9996875901743961
9918,0.9977968926728596
9919,0.9996509874890137
9920,0.9999910592727755
9921,0.9998801979339895
9922,0.0007824264350710168
9923,1.1483861250979397e-07
9924,0.0011666443767728485
9925,0.9999317092933441
9926,0.9998924499957521
9927,0.00011878422817025296
9928,9.546910058785141e-06
9929,0.00016201695015207476
9930,0.0005604836600080145
9931,0.9986973814984281
9932,0.9999986039461298
9933,0.9999995152995864
9934,0.999980786042446
9935,0.9999925381699556
9936,0.00011988280384190823
9937,0.9988778592622403
9938,0.9997397647754612
9939,0.9919642399640629
9940,0.9999172130799543
9941,0.999971329409575
9942,3.2360979501485473e-06
9943,0.9938186758912799
9944,0.9998453446960113
9945,0.7481785420281561
9946,0.9824025612663253
9947,0.9998849252251151
9948,0.0001658892622570615
9949,0.0007879995253430736
9950,2.6158005930024378e-05
9951,5.83448269490744e-06
9952,0.0012543336138456733
9953,9.982749708850755e-05
9954,0.9999236134000309
9955,0.9998927179141663
9956,5.524324480046153e-07
9957,0.00010145937762279838
9958,2.9019928327184612e-05
9959,0.9999790167782597
9960,0.9935348057433013
9961,0.00034374617211666497
9962,0.9995501704664038
9963,0.0001336218907647999
9964,1.1334588944760012e-07
9965,0.9996699774521305
9966,1.0313457402135246e-05
9967,0.9993480291655283
9968,0.9999713470357223
9969,0.9997514861092267
9970,0.9990936930882616
9971,8.285059978392068e-05
9972,1.4947609470809954e-07
9973,0.9997596531922021
9974,5.066053645985898e-06
9975,2.7040677616600043e-05
9976,0.9997818095962541
9977,0.0002083948972040837
9978,8.25247631184982e-06
9979,0.004513442607620912
9980,6.8112010156650124e-06
9981,9.246300578300137e-06
9982,0.9998483982228151
9983,0.38940618655534165
9984,0.999995387978252
9985,0.9906622297739198
9986,0.9999969513759976
9987,0.9920961382153377
9988,0.9999806758862968
9989,0.9866458331427648
9990,0.9921118411333756
9991,0.999913161478011
9992,0.9794913821850754
9993,0.00023986964833814554
9994,4.315190661602232e-06
9995,0.006860033225912082
9996,0.9998749123700474
9997,0.9986157415952397
9998,5.633667166772379e-05
9999,1.4151614019563839e-05
10000,0.9965270472111014
10001,0.0004879852543367471
10002,2.9426198886470863e-05
10003,0.999627762419796
10004,0.9974918982076567
10005,1.0442286600641889e-06
10006,0.00023108878560453038
10007,5.3691122567693426e-05
10008,2.2896503905711793e-05
10009,0.00012063069311883255
10010,0.9999988076642431
10011,0.9999966101008051
10012,5.932348869414242e-07
10013,0.024983913407237473
10014,4.418524285782899e-05
10015,0.9993144897918913
10016,0.00014195256870682183
10017,7.500073401622238e-06
10018,7.227176596944157e-05
10019,7.956644322243124e-07
10020,1.1174998581135283e-05
10021,6.265173081476819e-06
10022,0.999238105939035
10023,0.9999978850367579
10024,0.999175580531383
10025,0.9960609692314103
10026,0.9999886751167487
10027,0.9999800223763389
10028,3.69455060918331e-05
10029,0.9709388564284133
10030,0.9995460694098891
10031,0.00033482716052427773
10032,0.0019519324955489764
10033,0.0016584811181164537
10034,0.9999274035920223
10035,0.9998585969735184
10036,0.9999883706244742
10037,0.16114286541515896
10038,0.999483233701215
10039,0.9999817192073258
10040,1.2937804588477891e-05
10041,0.9999859415783848
10042,0.5391129476763415
10043,0.9999959620389847
10044,7.646248398987382e-07
10045,0.9764379088160091
10046,0.9998266440987971
10047,0.9999750424670806
10048,0.9999509032672276
10049,2.4995281705858434e-06
10050,0.004760896239877383
10051,0.0002632714282522184
10052,1.648346495158974e-06
10053,0.9996747034323034
10054,8.269285628357066e-07
10055,2.07774866875071e-06
10056,0.9999646835778321
10057,0.02007656581723418
10058,0.9997030195911935
10059,0.9997121314167737
10060,0.9999515875650948
10061,0.0005879672254806241
10062,0.0009582443696948836
10063,0.9984555771484178
10064,0.9998178932588041
10065,0.00037326650618366717
10066,0.0001448827274158232
10067,2.758652639616477e-05
10068,2.341253748976558e-05
10069,5.643938419963563e-05
10070,0.9993381842489825
10071,5.0726843217267144e-05
10072,0.00030652122128260024
10073,0.8288845308821903
10074,3.881092725477711e-08
10075,0.00011056257177172157
10076,0.00038191787941367644
10077,0.0006322020721841693
10078,0.9999317747080879
10079,3.467915645103002e-06
10080,0.9999492315782113
10081,0.0005562338767663053
10082,1.1954554000801099e-06
10083,3.436132877778442e-06
10084,0.9999793471902109
10085,0.9999941468281403
10086,0.9999944992612866
10087,0.9999946310968949
10088,2.6525152067570756e-05
10089,0.0019108209243482587
10090,6.89049624708982e-05
10091,7.1994910126339214e-06
10092,0.9949275942026623
10093,0.14961656735701728
10094,0.9997080841518726
10095,0.0001092372460928173
10096,0.9998022389502423
10097,0.9997665898535062
10098,0.9999999385564162
10099,2.167539581555968e-05
10100,0.9999335890954317
10101,0.9998351490205094
10102,0.00627977409701686
10103,6.443082843604122e-06
10104,0.9999589435792995
10105,0.9907722632235932
10106,8.021235865707563e-06
10107,0.005178500435974989
10108,0.9999657276211316
10109,1.5974526945240714e-05
10110,0.9993219705806822
10111,1.6120913589661992e-05
10112,2.950319465306653e-07
10113,0.9999915638285491
10114,0.0008835783756384931
10115,8.46031710285267e-07
10116,0.9988955021591615
10117,3.253895466491365e-05
10118,2.4951198804611772e-05
10119,0.9980695305251901
10120,0.0005586267676129999
10121,2.6685644199378247e-06
10122,0.00022783406761083027
10123,1.167957904857279e-05
10124,0.9998986959576103
10125,0.00015266270992937025
10126,0.001381039674172006
10127,0.9998981969440979
10128,0.0006507355728340833
10129,0.9971391940783019
10130,4.244318706116322e-05
10131,0.9994999727018434
10132,0.001275762057153189
10133,9.61655458762491e-07
10134,0.9997612309105348
10135,0.9996787248801562
10136,0.9998212683646801
10137,2.1538405928206318e-05
10138,0.9996937386082646
10139,0.9999333243848776
10140,0.999984062950991
10141,0.9999971752788842
10142,0.9998684117371968
10143,0.99994043559628
10144,0.9978035498016079
10145,9.572596008019754e-05
10146,0.9998598181905026
10147,0.9999807944320378
10148,0.9859298061325463
10149,8.760495262444048e-07
10150,0.049465337980522085
10151,1.3223547624148164e-06
10152,2.4616581312703885e-08
10153,0.999248376301702
10154,0.00021539245584759176
10155,0.9999375104654598
10156,0.00015613568913580095
10157,8.364691654184191e-05
10158,2.819969659910195e-06
10159,0.9996701605899607
10160,3.2619031965053566e-06
10161,2.347258822713916e-05
10162,0.999974714950179
10163,0.9999926227178038
10164,0.9999500751174835
10165,0.9964750451623683
10166,0.9999481561530507
10167,0.9950729084605479
10168,0.9995764571793211
10169,0.9999865726941676
10170,1.24852649639121e-05
10171,1.7154187455173412e-05
10172,0.9999549505523279
10173,0.0009734063090720667
10174,0.001722549343018474
10175,2.7350037008916782e-05
10176,0.9990437752433574
10177,0.9996780137530012
10178,0.35846152271558057
10179,0.9998938544663104
10180,0.0004820014320712415
10181,0.999898945960886
10182,0.006823274269303934
10183,6.673399139480883e-06
10184,2.489145325716372e-05
10185,0.9999527970397789
10186,0.9998955986396714
10187,0.9999877965543374
10188,0.006522578441254146
10189,0.9997765852046923
10190,0.9999847568233561
10191,1.7001731914258796e-06
10192,0.9918195803893016
10193,0.0020089227901181556
10194,2.7945267593620997e-06
10195,0.999972380270361
10196,0.9996789888269398
10197,0.9999269423608472
10198,4.2853424837277734e-05
10199,7.008946224646933e-07
10200,6.26976163182727e-07
10201,1.7812931756722205e-07
10202,0.9998116262761138
10203,0.9999984672761244
10204,1.1782588192425387e-07
10205,4.656896798670002e-06
10206,0.0004945324986363074
10207,0.9998439352434845
10208,0.9999069417100224
10209,0.9997126211322904
10210,0.0001344012925370002
10211,7.771863669702354e-06
10212,2.218222129899631e-05
10213,0.8002937934812367
10214,0.9999821149759286
10215,1.8111987552000587e-05
10216,0.9960995657001842
10217,0.9589113525755616
10218,9.061322583292442e-05
10219,0.03837151601467427
10220,0.9996319013612632
10221,0.999998520471543
10222,0.9993026153572416
10223,1.6612992638405205e-05
10224,0.009376160413263116
10225,8.155316047929695e-06
10226,0.006276740744033652
10227,4.3144094982542345e-06
10228,0.0009531308818344906
10229,8.669375773663353e-05
10230,0.04203034463076324
10231,0.9999616619924494
10232,0.9999944220477008
10233,0.9996952503247039
10234,2.138465336657642e-05
10235,2.472239972870009e-06
10236,0.0002753005127006798
10237,3.1458864209936896e-06
10238,0.9996293674040856
10239,3.25525001956425e-05
10240,2.7359350844205296e-06
10241,0.9999480711300565
10242,0.999981164488026
10243,0.9996720090335632
10244,0.9999944516914568
10245,0.9994300517616117
10246,0.998329044629579
10247,0.9999999848562904
10248,0.00040152815788337934
10249,0.9971803385459491
10250,2.8317687458259105e-05
10251,0.9999910273854471
10252,2.2932441026299935e-06
10253,0.9990561621474671
10254,0.9999946790704355
10255,0.999985799318948
10256,0.999945666405924
10257,0.0008646211872189131
10258,0.9999734327344522
10259,0.9999203709690836
10260,0.00960225096756665
10261,0.9999953455536226
10262,0.9999923568181875
10263,0.9993054713859038
10264,8.646721878619796e-08
10265,0.012106111790472352
10266,1.550095400309044e-05
10267,3.510865740787996e-07
10268,0.9999963082820253
10269,0.9996492333779468
10270,0.0001347546552364156
10271,0.9998653801941381
10272,0.0012937764147448497
10273,7.20905794169136e-05
10274,8.64847207714246e-06
10275,0.9971729977776408
10276,3.0043265588460895e-05
10277,0.9982654425326507
10278,0.3379419144749325
10279,0.9999754628142338
10280,0.9991980796267483
10281,0.9998654518996022
10282,0.9730404298953962
10283,0.9999948491291232
10284,0.9999095979968863
10285,0.9999704844752856
10286,2.8391294486210137e-08
10287,0.00041809997744899144
10288,2.9790179092379787e-07
10289,7.036973348646093e-05
10290,0.9997754244844356
10291,0.997894773155683
10292,9.328523140506734e-08
10293,0.9980254506995936
10294,1.1457553790695356e-06
10295,0.0002477233518548575
10296,9.216338612823247e-06
10297,0.9999731728633553
10298,0.99998757389943
10299,0.003454010279106166
10300,0.9999598238976412
10301,1.898871968070576e-05
10302,0.9974211622861128
10303,0.0006460660649490416
10304,0.9999156247316373
10305,0.9999603911121759
10306,0.9999314580086087
10307,0.9983525584537581
10308,5.900300923811107e-05
10309,1.2750711168633025e-06
10310,0.5220152030787292
10311,2.234746379944572e-06
10312,0.0004545167726658738
10313,0.9999390935454427
10314,2.8871372870531917e-06
10315,0.9999959652181499
10316,0.9999786491652997
10317,0.9999751893896566
10318,4.831743402053299e-06
10319,0.8203732065579225
10320,0.9999691088172988
10321,0.9999728709853662
10322,0.9999893840612648
10323,0.9831878991477022
10324,0.9994014934562385
10325,8.257921988363675e-05
10326,0.9998245573576784
10327,0.9794913821850754
10328,2.8429872035574616e-06
10329,0.9999884609451472
10330,3.227511527800329e-06
10331,1.2737512837299176e-05
10332,0.9999876843682538
10333,0.00017431123175306302
10334,4.038986114200211e-06
10335,0.9991211226814998
10336,0.00019480052831704795
10337,0.0042632775294316125
10338,0.000913492046449716
10339,0.9991821357970473
10340,4.7432491877852934e-07
10341,1.9550069883062675e-06
10342,0.9997514455305812
10343,6.396120010196018e-05
10344,0.9997399480188925
10345,0.9973630189639897
10346,8.038112574059306e-07
10347,0.525107173634647
10348,0.9981698609057975
10349,0.9991710062805155
10350,0.99449906832353
10351,1.8115638764350934e-05
10352,0.99994542610578
10353,0.0010672540676689298
10354,0.9676105847316903
10355,0.9987648101941675
10356,2.052310610023983e-05
10357,0.9999716564034922
10358,0.0007289150360428419
10359,0.9999663354919537
10360,9.141835218136855e-05
10361,0.0008621204122322936
10362,7.458096263281446e-07
10363,9.998532658223413e-05
10364,0.9994751976088202
10365,0.00665850566065099
10366,0.9999784787522178
10367,0.9765870625268883
10368,0.9999595471621969
10369,3.9686623322920264e-07
10370,0.9990989460467685
10371,0.00011742750868384185
10372,0.9988093835001868
10373,0.00032305950581767404
10374,0.9985478440734851
10375,0.001882819704605384
10376,1.5930684874413697e-05
10377,4.015804322874367e-06
10378,8.84687731907028e-08
10379,0.9994913873819591
10380,0.9998708135493856
10381,5.539217776810616e-07
10382,0.00042482107911387233
10383,1.2969330849864848e-05
10384,0.9999563746218108
10385,0.9999990916494517
10386,0.0006715229692377294
10387,0.999992939304058
10388,5.848230627504074e-06
10389,2.384016738766092e-05
10390,0.9999489261816408
10391,0.10415529297413603
10392,3.0754728726037945e-05
10393,5.406213656834225e-06
10394,0.0007026452598279475
10395,0.9999453438997249
10396,0.9996339374985831
10397,5.330763537949006e-07
10398,0.0003383859189491989
10399,0.999693414716478
10400,0.9999355350491221
10401,0.1571869767748102
10402,0.000494245667821583
10403,0.9999943444100471
10404,0.0005254423073286133
10405,6.009621618163451e-06
10406,0.9838713213378286
10407,5.6038622821883725e-06
10408,0.00034246840336356343
10409,0.9999016576327944
10410,3.6089732110574335e-06
10411,0.006494244845306585
10412,2.0374761217905504e-08
10413,0.0002278857278634372
10414,0.9772537728884862
10415,0.9607153168944719
10416,7.14231779533637e-07
10417,0.13350570315272026
10418,1.6714235073470064e-06
10419,0.9984553814250524
10420,0.9976712782257647
10421,0.9995629606467724
10422,0.8519208957883978
10423,1.8111987552000587e-05
10424,4.1872983700424655e-06
10425,0.9999475278532447
10426,4.4949086680572685e-05
10427,0.9999870649237543
10428,0.3612247162092982
10429,0.9994266237016273
10430,0.003648875954598435
10431,5.420326631091575e-07
10432,0.9567066596397906
10433,0.9750167742517564
10434,0.9997816990275996
10435,2.7632594065106883e-05
10436,0.9999635692672338
10437,7.741504627867465e-07
10438,0.9999953714990535
10439,0.015721767997684693
10440,5.086919039733157e-07
10441,3.2963774919355e-05
10442,0.9999943108864787
10443,0.9993678044134588
10444,0.9996907705500531
10445,0.9998387252623452
10446,0.9991287424238009
10447,0.999934228026787
10448,0.9999984765836922
10449,0.9999999898523141
10450,0.00018848149552476591
10451,3.959553425845463e-06
10452,0.17674813584383528
10453,0.9999591060865055
10454,0.003162173908358846
10455,0.00010576558148627072
10456,0.9453643549378061
10457,1.4731942357036617e-08
10458,0.9999998449545239
10459,8.4240662729278e-05
10460,7.620768224727143e-06
10461,3.484128436750659e-06
10462,0.9999236998132894
10463,0.00012895966731111638
10464,0.9999908963758201
10465,0.9999472656774404
10466,0.9999378761186934
10467,0.00023214117286387255
10468,1.9083175603613674e-07
10469,0.0003380148831466917
10470,0.0001383471357952888
10471,8.795580618947873e-07
10472,2.1723468769598058e-05
10473,0.9999807325894524
10474,0.9999921773395516
10475,1.589185341381444e-06
10476,0.9999477096391499
10477,0.00015533545765555372
10478,0.9999979389386886
10479,0.998161596285046
10480,4.401560596673587e-06
10481,0.0005164005868296746
10482,0.0009168376878568944
10483,0.00022573320841251426
10484,0.9959056007339513
10485,0.9957412580671264
10486,0.0008136463892991986
10487,0.9999826700763211
10488,0.9999138225196083
10489,0.00011991390576679897
10490,0.9996255655238276
10491,2.5547155828878655e-05
10492,0.9999646493192973
10493,0.0020752860416736805
10494,0.9999387241369817
10495,2.833896815394605e-05
10496,0.9999997146502423
10497,0.9942008337078966
10498,9.664788183185549e-06
10499,0.9999982317004622
10500,0.9997302637809596
10501,0.9999914501275652
10502,0.9999642604377208
10503,5.332621816692613e-05
10504,0.9996646320190845
10505,0.9996668286186908
10506,5.530407000929842e-06
10507,0.13307157618524662
10508,5.373073301433604e-06
10509,0.8952648222562509
10510,0.0004602520511458442
10511,0.0002441902030255213
10512,0.0040605277348087065
10513,3.7802809758199216e-05
10514,0.9959636367118361
10515,0.00012608097942555223
10516,0.9984947935765119
10517,0.9996141058499135
10518,0.9948346006526017
10519,3.6535319656338795e-05
10520,0.99999904970389
10521,7.667829183044542e-06
10522,0.9959199672447111
10523,0.9979941274151123
10524,0.9980121105952962
10525,0.9967856700627206
10526,0.9917057193961415
10527,0.015373644409569134
10528,5.736658981079677e-05
10529,0.00013328505338573436
10530,1.1049617023528447e-06
10531,0.999866377111782
10532,6.057652522188435e-07
10533,1.2034025627466057e-06
10534,0.9997491002637023
10535,0.038514857642173446
10536,0.000161682148138469
10537,0.9998426466120397
10538,0.00030869735914100104
10539,7.538512762173313e-06
10540,0.9978156773647516
10541,0.9998728651233274
10542,0.99745221670734
10543,2.0930730947468027e-05
10544,3.5146393347892856e-06
10545,1.193767135727965e-07
10546,1.3738499694180694e-06
10547,0.9924944992694608
10548,0.9999787174168576
10549,3.8882233509482236e-05
10550,0.9999995937317671
10551,0.9993010837179306
10552,4.814850613093384e-06
10553,1.2842761993990326e-05
10554,0.9975368345159924
10555,7.875119308778347e-06
10556,0.9999992655048408
10557,0.0009475303706918087
10558,0.9999885125066057
10559,0.9999341911298867
10560,2.358778063492445e-05
10561,0.9998808022933835
10562,0.9991359123388117
10563,0.9998822690233519
10564,0.9999729198780397
10565,0.9995461943022523
10566,0.9999690438301865
10567,0.9996779906224966
10568,0.9940036903349942
10569,0.9999411997549543
10570,0.9584621474800775
10571,0.9994241345498096
10572,3.4727573921804403e-05
10573,4.942951398395285e-05
10574,0.9984756187989502
10575,0.0001277006871909891
10576,2.1698475387872708e-06
10577,0.00022288950120798076
10578,0.9999702249277366
10579,0.8771644817039689
10580,0.999023743116831
10581,0.9963180916653277
10582,2.1778455655701793e-05
10583,0.9995706734714332
10584,0.9999152216007433
10585,2.2651908192422785e-07
10586,1.4263182520662139e-05
10587,0.9999967177603364
10588,0.9999074129832649
10589,2.890789429972021e-05
10590,0.00033069780276612074
10591,0.9996652655977952
10592,0.0005491746285719621
10593,0.9654050579321554
10594,0.9998259663384884
10595,0.9991050823056482
10596,1.5302852941779492e-05
10597,0.000259662623341738
10598,0.9999903210773771
10599,0.9999999403288757
10600,0.9999737310584128
10601,0.1871450367988701
10602,0.9527454361983588
10603,9.84176799424789e-06
10604,0.0006576059489031858
10605,0.022114448600392512
10606,0.9995552317296316
10607,2.307221191058404e-05
10608,0.9985636930901749
10609,0.9609572619167122
10610,0.9999660445314098
10611,3.9084876837113343e-07
10612,0.9999586513666207
10613,0.00010834069396875357
10614,0.0001717348644087656
10615,1.6178108564774735e-07
10616,0.9997685376998193
10617,0.018394292320291168
10618,6.30866501657413e-06
10619,2.061794259860482e-06
10620,0.9996038544194514
10621,6.41912863632445e-07
10622,0.9828592891878709
10623,2.5813640859580598e-05
10624,1.3392916450720486e-05
10625,0.9986063196535784
10626,0.000980217288459965
10627,3.4775602508110404e-06
10628,1.9065511982756979e-06
10629,0.9997163253817947
10630,5.454466090295644e-07
10631,8.221488310976799e-08
10632,0.9997786591595612
10633,0.9999669406346008
10634,8.668137409492552e-07
10635,1.96486914251086e-06
10636,0.9996029328198553
10637,0.013341121076928527
10638,6.343602434319713e-06
10639,0.9978837933768775
10640,0.9999896201513095
10641,0.9997723397479511
10642,0.9998267197813394
10643,0.0006337912869465434
10644,0.9999936003743128
10645,0.9999645655611668
10646,0.9960894367990574
10647,0.10899879147659665
10648,0.9999820878169672
10649,1.1658711354950672e-06
10650,7.377134796027193e-07
10651,0.9667580224598067
10652,3.8874839193441527e-07
10653,1.3247321116635888e-05
10654,3.9446992868325616e-05
10655,0.0006772085356829936
10656,0.999081648458255
10657,5.393608024608617e-05
10658,0.9985885326847345
10659,0.9954833507120224
10660,2.8411757078856137e-06
10661,0.999924607357729
10662,0.9991146197022555
10663,0.9999835323462348
10664,0.00015791627733481437
10665,0.0011622186690871342
10666,0.9996333866032886
10667,0.9999997639508806
10668,3.295079334122347e-07
10669,9.472066076941645e-05
10670,3.0675117829502385e-07
10671,6.661379862462237e-05
10672,7.472714858874704e-06
10673,0.9983545173357423
10674,1.2995229703798076e-07
10675,0.00027592432078989365
10676,0.0026596134584067743
10677,0.0005501594772288747
10678,0.00014148656957823678
10679,3.557883713439452e-05
10680,0.9940189755697131
10681,1.0419625145914754e-06
10682,0.0007621633761234076
10683,0.9999818248748861
10684,0.9995035601462408
10685,0.00019122249581987515
10686,0.004381247007926845
10687,5.344822497191382e-05
10688,0.9999946071444471
10689,0.9999503184587819
10690,2.3322999604550404e-05
10691,5.244424402301091e-05
10692,0.9992471083598765
10693,0.004268918583854079
10694,3.864478379300312e-06
10695,0.9999594868310887
10696,0.9999589320838325
10697,0.9999967578685868
10698,2.306801378298187e-05
10699,0.9998347535477256
10700,2.1913274668861676e-07
10701,0.9990533098224214
10702,0.99980512766515
10703,0.1608976426676768
10704,5.065070382084312e-06
10705,0.941049187225043
10706,0.9999766060481181
10707,0.9999999692301037
10708,0.006767652273774179
10709,0.9999962052240406
10710,0.9815192111567639
10711,0.00114700707247081
10712,0.999997345756291
10713,0.00014393990443318486
10714,0.9465275882870027
10715,0.9999637140754762
10716,0.0001863064365265503
10717,0.999832285614204
10718,2.2219305807269998e-05
10719,0.9999764089393592
10720,0.9999631975706763
10721,7.848062359265221e-06
10722,0.0013297526285941876
10723,0.9989666925520495
10724,0.9999964306669674
10725,0.9996887793707401
10726,2.888699508828252e-05
10727,7.470877351017276e-05
10728,0.05641592257377191
10729,3.780495941148387e-06
10730,0.9987608122831964
10731,0.9959361819361917
10732,4.667201413383094e-05
10733,0.9953150291932711
10734,1.7788243526576311e-06
10735,0.0008990311191900843
10736,0.9981501127692753
10737,0.003998587514405447
10738,0.9150302844841527
10739,0.9999990156110474
10740,0.0006136329822112707
10741,0.001993692846062788
10742,0.9914228116669231
10743,0.9999393846400902
10744,0.9858308569455516
10745,0.001055685127128944
10746,0.0001510938146035322
10747,0.00010733104904274352
10748,0.00015036529174107475
10749,2.349228857908144e-05
10750,0.9980035385559357
10751,5.513876975498754e-05
10752,0.972625044890766
10753,0.9735142170815025
10754,2.570050869500329e-06
10755,0.9996153960278572
10756,0.9999872545205996
10757,6.9439741261381e-05
10758,0.9995036881643682
10759,3.991518826560371e-05
10760,1.3412966205351944e-05
10761,0.11052948350725693
10762,6.197832672187945e-06
10763,0.00010893462629204563
10764,9.525400724498505e-06
10765,0.9996102143908113
10766,0.9923256669041416
10767,0.9999873621689991
10768,0.9999609699553502
10769,0.9995751232398101
10770,0.9999651933600139
10771,0.99999679813519
10772,0.961663540447832
10773,0.9992607366486134
10774,3.006272884556173e-05
10775,0.0001652592501122461
10776,0.0018750996842074018
10777,0.9999700287844026
10778,1.1473881924027675e-06
10779,4.823224383441921e-05
10780,2.751520676449492e-06
10781,1.310142555712557e-05
10782,0.9997949009110368
10783,6.546092447115734e-05
10784,3.714637065211363e-06
10785,0.9999804645076797
10786,6.5483201688758074e-06
10787,0.9996827830545236
10788,0.9999715016208126
10789,1.2159008218138236e-07
10790,0.35432941134116447
10791,0.00011489345065626719
10792,0.0004914845845412775
10793,0.0001998259805458951
10794,0.9998258142821718
10795,0.9996169699957614
10796,0.00022605778069088994
10797,9.28763788700289e-06
10798,0.9949967852359247
10799,5.044095582615674e-07
10800,0.005716481568365685
10801,0.9977020604377099
10802,3.223386102663183e-05
10803,0.0050782137219164
10804,0.9996314773760534
10805,0.21609400368504797
10806,0.998052053072867
10807,5.255815105086849e-05
10808,0.9999668807305246
10809,8.683537992447368e-06
10810,2.4865195706446024e-05
10811,0.994397883254383
10812,3.570072577963132e-06
10813,0.00010340429800185914
10814,9.898159888653792e-08
10815,0.6673603522911855
10816,0.0038758296807578085
10817,4.800243213000852e-07
10818,5.9175817309168655e-05
10819,8.251074800770698e-06
10820,0.9998586451236565
10821,0.9947707157130237
10822,0.0001284893090340412
10823,0.0001814225976555755
10824,7.279426204015895e-06
10825,0.9999693575692319
10826,0.999903707483386
10827,1.0730283967389226e-07
10828,0.0014079387181239456
10829,0.9945629696161633
10830,0.0001862016456595742
10831,0.9911527214606285
10832,0.999683048990785
10833,0.000167063101838932
10834,0.002099955796986332
10835,5.7788738230359414e-05
10836,0.052320287054951085
10837,0.008569240415631698
10838,0.9999930241062917
10839,2.2308457681296837e-05
10840,0.00371236581969014
10841,5.409522718386673e-07
10842,0.0013308331113315594
10843,8.788244082033202e-05
10844,0.9998561092436923
10845,0.998672545515263
10846,0.009102854168270908
10847,0.9999238673028067
10848,0.9999967315089361
10849,3.780633760121283e-05
10850,4.983262987644643e-05
10851,0.9999463408834677
10852,0.5521345855756735
10853,0.9999953101498238
10854,0.9999941845701179
10855,0.998710514567018
10856,5.714238479591524e-07
10857,0.9999898485376405
10858,0.9991314774088773
10859,0.999970033986134
10860,0.0001408303791161172
10861,0.9929135824116218
10862,8.196279865213075e-06
10863,0.9999995717310477
10864,0.7559515776922108
10865,5.3514936907977e-07
10866,0.99943881514471
10867,3.4170634492316544e-08
10868,9.534596545939434e-06
10869,0.9996346955030152
10870,0.060053707850727604
10871,8.217249117226943e-06
10872,0.9986924133200028
10873,2.997522612478454e-06
10874,0.04795124379912207
10875,0.9999308918118842
10876,0.9999582365892691
10877,2.7471974942387447e-05
10878,0.0003019812022323171
10879,0.9999942913259446
10880,7.655838506129934e-06
10881,0.999969349675975
10882,0.9331827117584742
10883,0.9994068404479198
10884,5.376256629847511e-05
10885,0.000737751706507309
10886,4.137389058038915e-06
10887,0.00011080889939244562
10888,0.9999897464636383
10889,0.19182382154978248
10890,1.8971485745695276e-05
10891,0.01386247802037429
10892,0.9999989523208367
10893,1.4622331740561603e-07
10894,6.085873160642533e-05
10895,0.9997532077016055
10896,0.9999425031255936
10897,0.9993212768900136
10898,0.9983615734321852
10899,0.9999976529993949
10900,0.9993786834326523
10901,2.9460076722234024e-05
10902,0.999985735938965
10903,0.9997961196973215
10904,0.9998324120082123
10905,0.999760258105188
10906,1.764522159265815e-05
10907,0.9997642148231618
10908,0.00216434801322727
10909,0.9999988164277984
10910,3.393357855016732e-07
10911,0.9999187260391728
10912,0.9999850063547665
10913,0.0005963182192631929
10914,0.9999695092611384
10915,2.668860253464147e-05
10916,0.9978373835561984
10917,0.0034079985296623463
10918,0.00017181740674680453
10919,0.9997089711765142
10920,0.9992354127806693
10921,0.0029777388489409477
10922,0.00026672698963928334
10923,0.01604662943427311
10924,0.9997868012757399
10925,0.9999821476922581
10926,0.9994414904512126
10927,7.941465277699004e-05
10928,1.8809375197997717e-05
10929,0.9974059495689759
10930,0.9996523085058494
10931,0.008004362249678753
10932,0.9984563382192877
10933,0.0005394263090998422
10934,6.368277725766241e-05
10935,0.9972903041662834
10936,0.9999318768130795
10937,0.9999554207665116
10938,5.3485245759980014e-05
10939,3.467844707234286e-05
10940,0.9999827203958574
10941,9.080572966687186e-07
10942,0.18777725144237442
10943,0.0017915655983473352
10944,2.873562529546363e-05
10945,0.0013309639693520326
10946,0.9998988814421571
10947,2.206940270484158e-05
10948,0.9992631795642987
10949,1.9308883407932e-06
10950,4.0613404141223674e-07
10951,0.9999008522310516
10952,0.9993026563284271
10953,6.751051774966105e-07
10954,0.9995212837482397
10955,0.0005141105504617303
10956,0.0001300342266724092
10957,0.9999238154950582
10958,1.888780094641777e-06
10959,0.9966143038906534
10960,0.00010468357321068472
10961,0.999877604859235
10962,0.9988707984801183
10963,0.9996101060194778
10964,4.85112020428852e-05
10965,0.00010946468584200218
10966,0.9997149937032537
10967,0.03911375321591307
10968,0.9993400662117149
10969,7.342327894523316e-05
10970,1.3530954185452704e-05
10971,0.0002019946225875628
10972,2.2494846216769446e-05
10973,0.999778087829064
10974,0.9992844217078928
10975,1.4555783138018855e-07
10976,0.9927580074763749
10977,3.193726027054748e-05
10978,0.02424672840820474
10979,0.9993514703341062
10980,0.0001549220636095725
10981,0.9996432370302764
10982,0.9642071180674232
10983,0.9999052911822531
10984,0.9999093987800233
10985,0.9997057748806717
10986,2.0297196994188563e-06
10987,0.0009868366431124017
10988,0.0001785622822647646
10989,3.862381032664204e-05
10990,0.9981705801843762
10991,0.013321082267564255
10992,1.485153388335676e-05
10993,0.9999440128894255
10994,0.9999943573207352
10995,0.0037757642789949955
10996,0.9999993516041356
10997,1.2330692436803824e-08
10998,0.999992819765624
10999,2.595231931103564e-06
11000,0.21215950528391267
11001,0.9998630792597334
11002,0.999606245506002
11003,0.0011839322560341092
11004,1.1005488117283364e-05
11005,0.9999777203567688
11006,0.9999883983089384
11007,0.5817476656552918
11008,1.0905816338098873e-06
11009,0.36133010057466275
11010,0.999884874531985
11011,0.9234663961084763
11012,0.999749381007887
11013,0.998815028844381
11014,0.9996240205506333
11015,0.999907527472881
11016,0.9738224586826331
11017,0.001304042131117811
11018,4.7431329130395166e-05
11019,0.9885134228462134
11020,0.999983661661276
11021,0.9983204887125575
11022,1.2433757958711987e-07
11023,0.9999982480652034
11024,0.9999950567111797
11025,0.0009740068134459295
11026,9.217135331800729e-05
11027,0.9892477971907424
11028,5.474425356863373e-05
11029,0.7573777338723252
11030,0.999995958585776
11031,6.907390364068264e-07
11032,6.884930232541788e-05
11033,0.9996286510074796
11034,0.9998280818860055
11035,0.999987665021881
11036,0.9999931453621833
11037,0.9999967726661723
11038,0.0008965002834998545
11039,3.560290704884907e-07
11040,2.0684866528417563e-05
11041,0.9994595725435974
11042,1.977336945013903e-06
11043,0.9999998092467641
11044,0.9993554108503395
11045,0.032401811082693584
11046,0.9999849100471778
11047,0.9999629891371185
11048,0.9756462969104889
11049,0.0699465420410399
11050,0.999989154226902
11051,0.9958694425554113
11052,2.3733006338901756e-06
11053,0.9997856220258989
11054,0.9999861390543064
11055,0.00133935068658193
11056,3.0372488285926147e-05
11057,0.9999899421645244
11058,0.0010797525823241028
11059,4.934729666832001e-06
11060,0.055467476582150746
11061,1.964768357252067e-08
11062,0.9999955967960643
11063,0.9986443187456093
11064,6.71379524843312e-06
11065,0.9998417010431568
11066,0.9999864241072437
11067,8.008251608466789e-06
11068,5.305484365934351e-06
11069,0.9999448125852962
11070,0.9999908489409289
11071,0.9998185999145791
11072,0.011608963298895967
11073,0.004034999815593724
11074,0.00022913208625292838
11075,2.3343510838215916e-06
11076,0.00012873111992202854
11077,1.3874624788375468e-05
11078,4.616207139736813e-05
11079,0.9987135731615276
11080,0.9992138056285155
11081,0.9999684754196999
11082,1.6989673922960538e-08
11083,0.9999234439232366
11084,0.9988500017622549
11085,0.9997332252274556
11086,1.3992964291895153e-06
11087,2.113604171819865e-08
11088,9.784422266717976e-07
11089,0.9999594256148903
11090,0.9915682702951464
11091,0.00013422019959108904
11092,0.9998960773259052
11093,0.9999919712451996
11094,0.00039731579737986323
11095,0.9998747631142684
11096,0.9352720482768959
11097,0.999900271101244
11098,2.3567916724668874e-06
11099,0.030658379058740918
11100,0.9999944690562264
11101,0.9998900176600874
11102,0.008901958764479299
11103,7.789000584108788e-08
11104,0.9999993110770086
11105,0.34757030564037245
11106,2.0539295973555134e-05
11107,0.9964513370234249
11108,1.1888781133879358e-05
11109,1.7138346599934877e-05
11110,0.0007423599645095514
11111,0.9930053097698143
11112,0.9969395495859918
11113,0.001164509473510549
11114,0.999997817610397
11115,0.00019923508511898147
11116,0.9988782472695794
11117,0.999356312248448
11118,2.016453135559678e-05
11119,2.9371735529087336e-06
11120,0.08124716916736034
11121,0.8603072846186814
11122,0.00013326403703276543
11123,0.9998467398484162
11124,7.060921849442413e-07
11125,0.999752925941224
11126,0.999994455154278
11127,1.0857297277507223e-05
11128,0.9998721966775241
11129,8.595655336584232e-07
11130,1.4320251648849183e-05
11131,5.80086036024777e-06
11132,0.9993205926278186
11133,0.9986296730069482
11134,0.9966573231657841
11135,2.6968201754717692e-05
11136,0.07339906887217765
11137,8.55603428307541e-06
11138,0.9993659027511569
11139,0.9996250496068959
11140,0.9999874648965115
11141,0.9998596521053408
11142,3.301396359118349e-06
11143,0.999896110097285
11144,5.853680251198904e-05
11145,0.9998900177627132
11146,0.9999976031798785
11147,0.9997317214342625
11148,0.9998078519617908
11149,0.9993876516292948
11150,1.6049132986082599e-07
11151,0.9999088821944475
11152,0.9999542639220317
11153,0.9998975331537338
11154,0.9999856217934292
11155,0.9999376426365002
11156,0.0002999517202593952
11157,0.9998980969609464
11158,2.7005473802102573e-05
11159,0.9999863876094331
11160,3.439357059541865e-06
11161,0.5218023221211678
11162,4.656757584856068e-07
11163,0.02041987333052348
11164,0.9999989841171566
11165,0.9996158528419669
11166,8.180591866778201e-06
11167,0.0002560540571155473
11168,0.00010337255819725937
11169,0.9999980220761704
11170,0.9999494056679247
11171,8.00137907335709e-06
11172,0.00014801250731778456
11173,0.9948617416721527
11174,0.9990936863281411
11175,0.9999312813798268
11176,0.9966457907344947
11177,0.00010004430855576418
11178,0.9999493827172229
11179,1.1867741248257095e-06
11180,0.9795287572817557
11181,0.9989751597981207
11182,0.9999798020776955
11183,1.4304451149934204e-05
11184,1.4942856271914046e-05
11185,0.0002713382025981106
11186,0.0035615675008423267
11187,9.251360965909331e-05
11188,0.9999472946048792
11189,0.999620687896568
11190,6.25737258143055e-06
11191,0.9862230347499598
11192,7.626552068283535e-05
11193,0.9869256018045394
11194,0.9998070278387262
11195,0.99964699919811
11196,1.1325183366813785e-06
11197,3.527399953807481e-05
11198,0.0011550620267467275
11199,2.0238166421363268e-05
11200,0.0004266100781201629
11201,0.999317667985254
11202,0.9964394292323249
11203,4.575560765553134e-07
11204,0.9995977756792052
11205,0.9998997768533485
11206,1.670572211041527e-07
11207,5.3059745501432145e-06
11208,0.9998443939963141
11209,6.036017412980414e-05
11210,0.999550626548469
11211,0.8007511215938398
11212,0.9918263617837444
11213,0.9995873370481905
11214,1.8796067866876457e-06
11215,2.8775829430850475e-06
11216,1.1863268669036818e-05
11217,0.9974883060033861
11218,0.9876700589964137
11219,1.400886540998972e-06
11220,0.06603803258383537
11221,0.002591909628969106
11222,0.9997690829881155
11223,0.0013537836528780068
11224,0.9996726018031825
11225,9.579315330589381e-08
11226,1.4214416854484561e-05
11227,0.9995247321122943
11228,0.060473796218877655
11229,0.9998781500075298
11230,0.9996805167008386
11231,0.9794416546160001
11232,0.9945120027913404
11233,6.481643296429419e-05
11234,6.165763396392377e-06
11235,0.9999544512848001
11236,8.97434799251437e-06
11237,0.9991626529633707
11238,0.9999966286889457
11239,0.9974533488809296
11240,0.028334781000201904
11241,0.9989297370641621
11242,0.9999603173411149
11243,2.8695460630225854e-06
11244,0.9977517739010795
11245,4.746932069438846e-05
11246,0.22796786341362132
11247,0.9999923179249682
11248,0.9999886833254362
11249,0.9995383038310822
11250,0.9991911860962787
11251,0.9997195321979654
11252,1.9872641921407257e-05
11253,0.9999983192416745
11254,0.9999814672569637
11255,0.9993869178950351
11256,1.6951956024373023e-05
11257,0.00012763695417137972
11258,0.9998671268340433
11259,1.5791959116672245e-07
11260,2.3175268817517822e-06
11261,0.9998849870576815
11262,0.9960863348153307
11263,6.265390183051966e-09
11264,2.384832190958501e-06
11265,0.9999840671295995
11266,8.523871790214779e-05
11267,0.002162797695157857
11268,0.9925768111276541
11269,0.9999994994066671
11270,0.0005297550723027169
11271,6.398518812846982e-07
11272,0.9998970982428107
11273,0.9992637074151797
11274,0.9998247664375741
11275,9.82936518123363e-05
11276,5.059783885464541e-06
11277,0.9999519894985686
11278,0.9982960100227515
11279,0.9999714479028851
11280,0.6951158946821572
11281,0.9999987314294093
11282,0.9999909592625825
11283,0.9994070827073167
11284,0.9995734864135373
11285,2.632938551754861e-06
11286,0.9999926958180837
11287,1.0831652935528461e-05
11288,3.6721087628827686e-06
11289,5.084622438121417e-05
11290,0.9984555116701955
11291,1.1695976274022567e-07
11292,0.999906902539091
11293,0.9999991558476446
11294,0.9598829691616654
11295,3.0235955958237587e-07
11296,0.9999858408035336
11297,0.9999347298710334
11298,4.00118890976215e-05
11299,0.0009308801982720886
11300,0.9999952894422467
11301,3.552535656029015e-05
11302,0.9986559615368241
11303,0.9975202880760013
11304,0.9926942733189867
11305,0.9992155104610564
11306,0.9995513925629603
11307,0.9942075393090707
11308,0.9995768183339865
11309,0.9985806979187394
11310,0.9996840872268347
11311,0.999685340835236
11312,0.9997056139830685
11313,1.1694775702196829e-07
11314,0.9995033628457558
11315,0.00035050003454067984
11316,0.9999588780503842
11317,1.410695377930195e-07
11318,6.865553044249846e-06
11319,0.9978119469064163
11320,0.9999958554308804
11321,0.9999841021807514
11322,0.9968970855789004
11323,4.441862727168681e-06
11324,6.977737758531349e-05
11325,4.271869874184148e-06
11326,0.9999271280335045
11327,0.9956067014113044
11328,3.9133116855286996e-06
11329,0.9961381821627842
11330,0.00019060652242922503
11331,0.998234159887374
11332,0.999991165921171
11333,0.9329788658892161
11334,0.1257649942515311
11335,0.9991203266259229
11336,0.00048530552451028726
11337,0.9915928391737441
11338,0.007933267196952627
11339,0.9993725487397381
11340,0.9998836491127423
11341,0.9997977102124586
11342,5.320121315040226e-05
11343,0.9998659897876775
11344,0.9997232269323241
11345,3.6595127630414236e-07
11346,0.9999512746563621
11347,0.9999874001110827
11348,0.9936971516533909
11349,0.9974290284140823
11350,0.0007927668848188565
11351,0.00018194437616437685
11352,0.9998610253608177
11353,2.9630947273113626e-07
11354,0.0007310297014561005
11355,0.00028941266415714005
11356,0.9997522676342359
11357,0.9996931537534332
11358,0.9998094852223746
11359,0.00010268076588519435
11360,0.9998581726768795
11361,7.47574497856519e-05
11362,6.637428951941326e-05
11363,0.9999795175708167
11364,3.0697728587991928e-06
11365,1.7853007464153654e-05
11366,0.9999997928679805
11367,7.598656069153118e-05
11368,0.21906122656791513
11369,1.5988202897057208e-05
11370,0.9996426801253943
11371,0.999926566306095
11372,1.2856468035723322e-05
11373,1.5474192813674704e-06
11374,8.341648553666721e-08
11375,0.0011256388419941578
11376,1.0459939737712113e-06
11377,3.560368052094729e-05
11378,0.9978623748473252
11379,0.9992745227692282
11380,0.9916874879143676
11381,0.0014894931972910387
11382,0.9978397424682915
11383,0.9999631319509166
11384,0.0009093515175114963
11385,0.9998607864238611
11386,0.9964264400242987
11387,0.999928374840516
11388,7.36464955761637e-05
11389,3.0083748727237927e-05
11390,1.0234436016432012e-05
11391,0.9997950669461289
11392,0.0003149011445738358
11393,1.5844806801294354e-07
11394,0.9999926502114634
11395,0.9966825707192577
11396,3.3993077964187694e-06
11397,7.77050027099835e-06
11398,0.9998627252942289
11399,0.9999787326644763
11400,0.999860762000896
11401,1.8644943411518394e-05
11402,0.9998400618216424
11403,0.004978886150686079
11404,0.00018733993848003014
11405,0.0001033649382357344
11406,0.9998075735164458
11407,3.342082738518378e-05
11408,0.9989580548930738
11409,0.032887697048024724
11410,6.353887713454664e-06
11411,0.999945427684474
11412,0.9999937186516095
11413,2.139184085335485e-06
11414,2.3121527050484332e-05
11415,0.008646433102234967
11416,0.9999387987685783
11417,0.9999757165301073
11418,0.07735905715428473
11419,0.9989680258635136
11420,0.9999939401385229
11421,0.005917156574703983
11422,0.9999951000495286
11423,0.9910715852271028
11424,0.0023566175989676837
11425,0.9922052917004431
11426,0.9998441331598957
11427,0.9999569434273377
11428,0.999989566056919
11429,0.9999454702410718
11430,0.9982989665182037
11431,2.785245516924707e-07
11432,2.6236695656480687e-06
11433,0.00048741707472009103
11434,6.727731105874939e-07
11435,0.9999281849062333
11436,0.9407120106901175
11437,0.9988392212792513
11438,0.9999532771754873
11439,0.9993214607412038
11440,4.616896432415639e-06
11441,0.9978450586977299
11442,0.9998705035028728
11443,0.9999996680498019
11444,2.5146428508526757e-05
11445,0.9999916557961808
11446,4.31349935722633e-05
11447,1.1500268212869659e-05
11448,0.9998415514966872
11449,0.9992547838053043
11450,4.269312670720924e-05
11451,0.9928105997226884
11452,0.9614381760986795
11453,0.9885466635143486
11454,0.9919354191681807
11455,0.00025364074419439243
11456,0.015430400968903838
11457,1.3689879161557665e-06
11458,0.9984939644322841
11459,0.999997746731101
11460,0.0001256240498010993
11461,0.9999615529348808
11462,0.00277976537171333
11463,5.126119487229551e-08
11464,0.9993428170807653
11465,1.803724916123192e-05
11466,1.6362477164969446e-05
11467,6.644940001015832e-05
11468,0.9888568477814161
11469,0.9999708471796427
11470,0.9999821738455174
11471,0.30735445279749174
11472,0.9999934664211464
11473,0.999992789872283
11474,4.585242931452137e-06
11475,4.896102685232956e-07
11476,0.01303096292075543
11477,0.0004406315643916447
11478,0.9999944904762692
11479,0.02765397832413152
11480,1.674091914798848e-05
11481,0.005006005287264472
11482,0.9999518631704338
11483,0.9999007119687942
11484,0.00018485075147259917
11485,2.6054613134543616e-05
11486,0.9999311684274865
11487,0.9997776353879643
11488,0.9999998849011008
11489,1.1991146267944858e-06
11490,0.999872454479879
11491,6.135894718504587e-07
11492,1.576311998667772e-05
11493,6.222686357146044e-07
11494,0.9838398892957291
11495,5.705515790046562e-06
11496,0.9995681281071223
11497,0.9997222582185786
11498,8.110627754138236e-06
11499,0.00228172993441732
11500,0.0018655640157509664
11501,0.001879218281312651
11502,0.9867561607526456
11503,0.9927952998852881
11504,0.0002182907887834142
11505,0.0005068445129259716
11506,0.9999723764297068
11507,0.9978167652780352
11508,9.453152639767349e-05
11509,0.000880943140556214
11510,0.9993892423649748
11511,0.0002709056646318539
11512,0.9996466987404943
11513,0.9989546764385473
11514,0.9866528829902765
11515,0.9999047988945226
11516,0.9999347745006248
11517,0.0032564554592872173
11518,2.8639571377007033e-05
11519,0.9983482951906623
11520,0.9998457962848786
11521,0.9898803859054266
11522,0.9922088743385667
11523,1.3089180554537827e-05
11524,0.0011079022776612837
11525,6.167135418343755e-07
11526,0.9998686310917523
11527,0.9999852797138924
11528,3.04565525790538e-06
11529,4.451776635135116e-06
11530,0.9999980288810617
11531,9.187064595572168e-05
11532,0.20654925659969003
11533,0.9997363758653982
11534,0.0009936641460959476
11535,0.9999498688188259
11536,0.9808735614882597
11537,0.08185764909884077
11538,0.00011392007539894228
11539,0.9999782446196309
11540,0.0010265121063165468
11541,0.9999813964559328
11542,0.9997087422008993
11543,1.5126045644546334e-07
11544,5.3331244378770524e-05
11545,9.938613147900391e-06
11546,6.0860094600271644e-05
11547,3.3688329144914774e-05
11548,0.9999976942387562
11549,5.927589691515427e-07
11550,0.9999958600232269
11551,6.683826167326895e-06
11552,0.999985460960952
11553,0.9980180153212981
11554,0.9990942054432445
11555,0.9999801390009659
11556,4.828214712710407e-07
11557,1.2870127295076944e-06
11558,0.2335331977990907
11559,0.046985549029799636
11560,1.6170348668419995e-05
11561,0.9952571414965032
11562,0.9989132970674084
11563,8.453611712595156e-06
11564,1.2337211461702794e-05
11565,3.6174084015674175e-05
11566,3.002220196192466e-06
11567,0.99979682193817
11568,0.023410793127187312
11569,0.9919699769846948
11570,8.263337955023357e-07
11571,0.9998297909931289
11572,4.235807805666728e-05
11573,1.3323319942454221e-05
11574,0.000591138229321068
11575,0.9991591380043718
11576,0.9999865697868038
11577,1.1439727424567976e-05
11578,0.00019827929744427807
11579,0.9993059958199138
11580,0.995216435008533
11581,0.0005628641109187537
11582,9.765348061115953e-07
11583,2.8147216500844652e-08
11584,0.999994990390199
11585,0.9999704386073113
11586,0.9998279663528454
11587,4.262877716070142e-06
11588,8.961329899924398e-08
11589,0.9993415705095653
11590,7.543915940404151e-05
11591,0.0002763130492664239
11592,4.625525495359785e-05
11593,0.9999879679516288
11594,5.839037466121111e-05
11595,2.8800948817016026e-06
11596,4.396330648502267e-06
11597,9.401269376784003e-05
11598,0.9999474702876042
11599,1.0960509577835065e-07
11600,0.9390179610724009
11601,0.9997605017891051
11602,0.9632813606334677
11603,0.9996853540447984
11604,0.9999595690133318
11605,0.9504050162416726
11606,4.882596781463822e-07
11607,1.9935864128028226e-06
11608,6.50183389146133e-05
11609,0.00042747450108073176
11610,0.32117270961812205
11611,1.5654151637071843e-06
11612,6.0526111616601835e-05
11613,0.998544151912063
11614,3.465071513567585e-07
11615,1.0393190736794932e-06
11616,1.1688578346693093e-07
11617,0.999947079730945
11618,1.3738746823818975e-05
11619,0.00019744209293073422
11620,1.7837253697315324e-05
11621,0.00035043922210159745
11622,5.671959087740354e-06
11623,0.9999920504372611
11624,0.48567030963783947
11625,0.9999421989113612
11626,0.9999759721748204
11627,0.999892352605987
11628,0.9994387586133938
11629,0.987359600428696
11630,0.9995723611804099
11631,0.000248556092702485
11632,3.189342680798784e-06
11633,0.0024106928487583825
11634,9.324759862829381e-07
11635,0.9996771143473033
11636,0.0003820048204181993
11637,0.0002976749878474506
11638,7.567877590793567e-06
11639,2.216397114230171e-05
11640,0.9998394944798157
11641,5.96994594750847e-06
11642,0.9996347510463899
11643,0.997764688365362
11644,1.3156903261496099e-05
11645,0.9998455831911055
11646,0.9997432914994234
11647,0.9997164137624895
11648,0.9995669194664223
11649,0.9975153293878105
11650,0.9998794480736422
11651,0.9998119102656502
11652,4.0520201424907994e-05
11653,6.031657398736007e-06
11654,0.9999396131216449
11655,0.999985248236344
11656,0.9999912931574526
11657,0.002358563421901877
11658,0.0006602305033365573
11659,1.5252923837121976e-05
11660,0.9945111393975711
11661,4.695801768115511e-06
11662,0.0002579875053089762
11663,0.9999522749310813
11664,1.7972745522441968e-05
11665,0.9999985058191146
11666,2.0427896279643744e-06
11667,6.690347429153866e-06
11668,4.514822179255179e-06
11669,0.9999856115251832
11670,0.9998352498928765
11671,0.9999827840056483
11672,0.002522385202087442
11673,0.9991274685237017
11674,0.7114302207799872
11675,0.00032314541233276477
11676,4.4033466124616767e-07
11677,0.9999028883346366
11678,0.01851085967427812
11679,1.3087690427798485e-05
11680,0.007645575587027758
11681,0.9999442905601903
11682,2.4267405723298437e-06
11683,0.9962493420553489
11684,1.7929659358526393e-05
11685,0.0018427516639099688
11686,0.9880352333715519
11687,8.176061165742769e-07
11688,0.999019196297742
11689,0.000133111301764041
11690,0.9998619623327611
11691,0.00012361796847394483
11692,1.620819372203491e-05
11693,3.3656466731449155e-05
11694,0.9671883741684304
11695,2.0126985760159193e-06
11696,0.9999458160748961
11697,0.9999814759887286
11698,0.00016738202372958993
11699,0.999872174733157
11700,1.839770095053103e-08
11701,0.00023543082557898884
11702,4.198303107193483e-07
11703,3.0746467933729507e-06
11704,3.2795300078966862e-06
11705,0.9999994401475228
11706,0.9999940784157259
11707,0.9887589518535886
11708,4.507500102978101e-08
11709,0.9994203785307932
11710,0.04476367737126475
11711,0.15776876388470268
11712,0.0001229872462747479
11713,0.9995897059076263
11714,0.019188347385103735
11715,0.9999183380294043
11716,0.9892914739073323
11717,0.9466796273233598
11718,0.9999655738577956
11719,2.455886039750217e-06
11720,0.999703587306336
11721,3.9116726691340117e-08
11722,0.00041876313586062755
11723,0.9999791465915604
11724,1.6835557265026615e-06
11725,0.9993889036323014
11726,3.508556087155822e-05
11727,0.000227505671948856
11728,0.0002818685684964424
11729,0.9968214770477167
11730,0.005322996156433728
11731,0.9999143614583023
11732,0.9999196363658447
11733,0.9999095393498945
11734,0.18818321381521297
11735,0.9995273799531859
11736,0.0001601826589277515
11737,0.005205606436515387
11738,0.0045034093986836615
11739,0.018181613506580003
11740,0.9999443579970962
11741,0.004168923826271913
11742,1.71677037454758e-05
11743,5.177832792048894e-08
11744,0.700630477799664
11745,0.0005851381194838783
11746,4.1344119118255166e-05
11747,0.0004243723302369472
11748,5.1091455743179986e-05
11749,0.9999464535289289
11750,9.853613792218061e-06
11751,1.0565244653616516e-06
11752,0.9999854076776209
11753,0.999951421390683
11754,1.347950177324215e-06
11755,0.0001534119524860321
11756,0.935851015174767
11757,0.999603391482416
11758,0.999961601160476
11759,0.999988705196733
11760,0.9983483829026961
11761,0.9997970303583544
11762,0.9999548061701102
11763,0.9999435669881549
11764,0.9999977074577373
11765,0.9999808255204203
11766,0.9999998859770339
11767,0.999966099526536
11768,0.0035117824279964766
11769,1.2154562794614342e-05
11770,0.9999994166551175
11771,0.00012466256300506354
11772,0.011226779521101671
11773,0.9999863235881532
11774,0.2416129686968167
11775,0.9993915985992925
11776,0.9978448078471461
11777,0.00028996914031942714
11778,0.9999058575581605
11779,5.059783885464541e-06
11780,0.9999837326183837
11781,0.999995900399202
11782,0.9983196639075461
11783,6.602668137569614e-07
11784,0.01772467908748435
11785,0.9999450254304898
11786,5.345969767724629e-05
11787,0.9975328288408035
11788,0.00011563416852544325
11789,0.9998984951688129
11790,0.9889106433975597
11791,0.9999909199628505
11792,0.9999944276614952
11793,0.0007435543911846073
11794,1.2377388443729253e-05
11795,0.9984724579698186
11796,3.856002040883348e-08
11797,0.9881030994996665
11798,6.665577038077948e-05
11799,0.9900751369700188
11800,0.0005230192548495751
11801,0.9999422661864031
11802,0.9999554647577172
11803,0.001927634210443923
11804,0.9999257226911284
11805,0.9633116500832263
11806,0.9999469591478358
11807,9.895191260074547e-07
11808,0.3714468240982228
11809,0.9999855691264495
11810,0.999887265860523
11811,1.5519220199813124e-05
11812,0.9986773894078231
11813,8.010942467895104e-06
11814,0.9994983186871316
11815,0.9973896890360833
11816,0.9999702631918131
11817,2.411731696904793e-06
11818,0.18257618107592868
11819,3.9181251790845304e-07
11820,0.003132387717013522
11821,0.9999246000407475
11822,0.9998875259134123
11823,0.99993741312452
11824,0.004578829781172651
11825,0.999811203275147
11826,0.001927961005975272
11827,0.9999861666431492
11828,0.9997566417647327
11829,0.9999727614736272
11830,1.807689910874469e-05
11831,0.9999951214394331
11832,0.9853414563192534
11833,0.9997003190380069
11834,1.3340393656591255e-06
11835,0.9990151118773675
11836,0.9996706138418419
11837,0.0013245552857419187
11838,0.9999423784601461
11839,0.9999992786914944
11840,0.9994312929785897
11841,0.9999980447558205
11842,0.0004103208847094752
11843,0.9996911384418808
11844,0.9961785534753881
11845,4.9681865747732924e-05
11846,0.9904266823629182
11847,0.04007115687559158
11848,1.7093574837494689e-06
11849,0.9999756794508841
11850,0.9998394258741711
11851,0.07884850499656676
11852,0.99934355183079
11853,5.595762301468805e-06
11854,6.922374367599076e-07
11855,0.9999959680147985
11856,0.2604887544400222
11857,1.842237380447544e-06
11858,1.6505255029201704e-05
11859,0.0010806855555369286
11860,5.087159343242832e-06
11861,0.9997335943270602
11862,0.9999995144992085
11863,0.9999150994465701
11864,0.00037066924737383014
11865,4.70125635084913e-06
11866,0.6988847151301978
11867,0.9998982825929855
11868,5.6827090075634565e-06
11869,0.9999910612082672
11870,0.997264433441943
11871,0.989870406508968
11872,8.009508720172294e-07
11873,0.0023807827224805477
11874,0.9999814195661099
11875,0.0006892731193163195
11876,2.4559498447350553e-05
11877,0.9999985751195902
11878,0.9994731519464397
11879,0.9999344876216953
11880,0.00019098677337268336
11881,0.07680962361669627
11882,0.9998846571149334
11883,0.9999904308265929
11884,1.745442609910464e-05
11885,6.9751278491658e-08
11886,0.9976909982001544
11887,0.0008497665170997265
11888,0.0001069223072737841
11889,0.0001296835596833813
11890,5.42625464355151e-06
11891,1.1604931532605448e-07
11892,0.9992060509381342
11893,0.014607102444715435
11894,0.9998307519565494
11895,0.999590128038664
11896,0.0023343418316958647
11897,0.9999977440168841
11898,0.04749192369713255
11899,1.377056124048903e-07
11900,1.3675620573279342e-05
11901,0.7745157119215258
11902,0.9999667525928215
11903,9.6483797799696e-08
11904,0.9999986453903269
11905,6.705579201061459e-05
11906,0.9999491179397537
11907,0.9998101366530666
11908,3.881994746784462e-05
11909,1.2795446894681244e-06
11910,0.9905253134949547
11911,0.0008748686682239964
11912,0.9999804703770002
11913,0.0043330226801706895
11914,0.0009077005608354977
11915,0.9999512881133173
11916,3.704738732832969e-05
11917,0.9942411041480482
11918,0.999958661166185
11919,8.17749011285928e-08
11920,0.999978484535489
11921,0.9999772257289333
11922,0.9999738933762178
11923,0.999853417679865
11924,7.561889407223518e-07
11925,0.0002672548178981139
11926,0.9999056499232735
11927,0.999992655134487
11928,0.9825088929501439
11929,0.9996503585349623
11930,0.001922453282836238
11931,3.065804765680398e-05
11932,0.9999793591360748
11933,7.219833021613961e-07
11934,0.9992173159737228
11935,0.9999167192115543
11936,6.518333329429347e-05
11937,1.8945014361039535e-06
11938,0.999136771172019
11939,1.5086489061263395e-05
11940,0.9990837938078307
11941,0.9999775636663281
11942,3.3876222462205445e-06
11943,2.060254898917873e-05
11944,0.999981345745585
11945,0.0010954892360740766
11946,0.9999954021423896
11947,2.343435399935651e-06
11948,9.990147027237118e-06
11949,3.1163016727054233e-06
11950,2.102700744921617e-06
11951,0.9836012688179856
11952,0.999920869032016
11953,0.9999934569941958
11954,0.999973436924019
11955,0.9999495151777346
11956,0.9951956135854343
11957,0.9677661105167135
11958,0.999277457042292
11959,8.283918710269603e-06
11960,0.9999468976383551
11961,0.9963298578042892
11962,5.073512779999763e-05
11963,0.9989272998703507
11964,0.9998545175620313
11965,0.1518424320047704
11966,1.5290348229869346e-05
11967,0.995730192758903
11968,8.066114566237067e-05
11969,0.9998904341460559
11970,0.9988548795399701
11971,3.476362936343954e-05
11972,0.9981835044357777
11973,0.008440968698962352
11974,2.2805097158351853e-06
11975,0.9935099866619879
11976,4.096942736127398e-06
11977,0.9999927421983801
11978,0.9958258969351022
11979,0.9990193389341204
11980,0.9998698579840881
11981,6.992684082826678e-05
11982,0.9975095831384952
11983,0.047001378533512946
11984,0.9999840816941116
11985,0.9987071535325058
11986,0.9997687837564196
11987,0.9906259543240992
11988,7.152056944628569e-05
11989,0.0682178826341184
11990,0.9999981764086033
11991,1.6840817179260292e-08
11992,1.560951292411695e-06
11993,1.1499366752654902e-05
11994,2.8108264483083175e-06
11995,0.00034576078099147486
11996,0.04647960515578121
11997,0.9998543744148295
11998,0.9998986418727108
11999,0.9999789978932693
12000,0.0004438792432656478
12001,0.9999342069102947
12002,1.1512773361795287e-06
12003,0.2486157188053656
12004,0.0024878437114363235
12005,0.9999966605806279
12006,0.9999243773076246
12007,0.023750219089243293
12008,4.280204318202705e-07
12009,0.9999811596536659
12010,0.999859488314526
12011,0.9999915968683354
12012,0.9993327622290141
12013,0.9997150054024425
12014,0.9999836757433582
12015,0.9998520507321421
12016,2.117198872085487e-05
12017,0.9998733502185715
12018,6.34233781448364e-05
12019,0.00010997413015578991
12020,0.015185089445770754
12021,0.9998959740964304
12022,0.9998993733449655
12023,0.9990055940101774
12024,0.9998184483686154
12025,5.2793426670678044e-06
12026,0.8997672947219838
12027,2.3489000385981735e-05
12028,0.9994262765269463
12029,0.00010958926876513645
12030,0.06384803665930489
12031,0.0017288836103631717
12032,0.0002046821524529376
12033,0.9999835622397767
12034,7.885477149092056e-05
12035,0.9953733247312818
12036,0.011269244068884124
12037,0.9975122987132696
12038,0.9999614666953104
12039,0.999636916085242
12040,0.9994420184124292
12041,0.9599220042797721
12042,2.341063790434441e-06
12043,0.000891448725572124
12044,3.7690373796833486e-05
12045,0.116571937905551
12046,0.9991087702611023
12047,9.016182146312927e-05
12048,0.9996709492279812
12049,5.3894595757811815e-06
12050,8.64847207714246e-06
12051,0.9981197250453031
12052,0.9997494946199079
12053,0.02654293052274433
12054,0.9991138627920342
12055,0.9940106530779633
12056,0.9968985112814184
12057,0.9999955730225273
12058,1.988267733319788e-05
12059,0.002871146832772406
12060,0.9489224038366068
12061,0.99997084761492
12062,0.9999889666439715
12063,1.5986500483381064e-06
12064,0.9999985040053092
12065,5.323791381601644e-05
12066,0.0009627746965358695
12067,0.00036435970735781536
12068,1.901716089674231e-06
12069,1.1380440123220208e-07
12070,2.990731032400756e-07
12071,0.004128876402890354
12072,5.621961219986769e-05
12073,0.9998791358555507
12074,0.9999106150591774
12075,0.9999592687487169
12076,0.9901247295886443
12077,7.275130703200736e-07
12078,0.00033640108490418715
12079,0.9959448390682688
12080,0.9998320869143651
12081,0.00021055669329850924
12082,0.9866355437356933
12083,4.91309263253814e-07
12084,7.140646971896323e-05
12085,0.00012072561910773838
12086,0.9995219321184149
12087,0.9998063644789267
12088,0.9970836630621236
12089,0.05531978852221697
12090,0.9999770956317422
12091,0.009594213630885437
12092,0.9997717623309927
12093,6.675641476990974e-06
12094,0.9999843563274665
12095,0.994209320615389
12096,0.9990946782593135
12097,0.002256554181678543
12098,0.999997094380115
12099,0.22530823955818238
12100,0.1258033607729788
12101,1.7210597044380453e-05
12102,0.0006506694262214007
12103,6.891518284265742e-06
12104,6.063934765672377e-05
12105,0.000261226240851983
12106,3.3007247912985675e-06
12107,0.999170257691249
12108,0.9946752297113564
12109,0.9999663509446542
12110,2.1099129864204974e-05
12111,0.9999309893782138
12112,0.999036127799625
12113,0.9999498011750002
12114,0.9999222490427787
12115,4.839708397146546e-06
12116,5.939205458840827e-06
12117,0.9925871008550343
12118,6.674289755584515e-06
12119,0.00020259804826970205
12120,0.9998772650798361
12121,0.0009101815150173355
12122,0.9997815873840227
12123,4.050987992879634e-05
12124,1.5776570785620926e-05
12125,0.07788770552373532
12126,0.9990274459258278
12127,1.9654478695362614e-05
12128,5.536314367013403e-06
12129,2.051353725227192e-06
12130,0.003581407457027706
12131,0.9994816930933788
12132,0.9359248578389573
12133,0.9975591198900565
12134,0.6955401805021297
12135,0.17156960202568855
12136,3.392664597937871e-05
12137,9.055422643607024e-05
12138,5.127763843976109e-05
12139,0.999907596478078
12140,0.0037179408218572475
12141,0.7707187712555977
12142,1.776177242242784e-07
12143,0.6145525531664561
12144,0.000727921256901099
12145,0.9999962735475512
12146,0.9998586047578024
12147,0.9921465688265825
12148,5.878297272468221e-06
12149,0.9999757998252006
12150,0.9776635823354435
12151,5.388080017458768e-07
12152,2.3848277398548743e-06
12153,0.9999545054037029
12154,4.284754675312953e-05
12155,0.9757207504225485
12156,0.9999901820824659
12157,0.9999621814535216
12158,0.9999814310757736
12159,0.021900732225874117
12160,0.9993064477455432
12161,8.495606070128487e-06
12162,0.0020822940784143568
12163,0.9999596464349799
12164,3.0887125918894433e-06
12165,0.9994584021068459
12166,0.0005960793960222769
12167,0.9999933931889555
12168,0.0024074666227435716
12169,0.0001920815365344825
12170,0.9959099478998489
12171,1.9985343366210715e-05
12172,0.9999617499723535
12173,7.598117200023237e-05
12174,0.9999450608162535
12175,0.9995468596741124
12176,8.658251349051086e-06
12177,0.9999070607717391
12178,0.9990306495199982
12179,0.9999970339348859
12180,0.9999975064384579
12181,2.0838129373766125e-06
12182,0.9961244207169319
12183,0.9640786408246853
12184,0.9996365324607779
12185,0.9996652162548171
12186,0.9993159927104747
12187,5.379368025845179e-05
12188,0.9999992819246974
12189,0.578991622493067
12190,0.35635867314897773
12191,0.9999959744063012
12192,0.9990515919964579
12193,0.0018736566833588754
12194,2.669326693893373e-07
12195,3.700620057447671e-05
12196,0.9918017374933494
12197,7.328979692108438e-05
12198,1.7675227606943742e-07
12199,0.9999900456258215
12200,0.9998964612063047
12201,0.025142846057130686
12202,0.006126273053059131
12203,9.369994649383194e-05
12204,1.05242491952249e-06
12205,0.019649127320234647
12206,0.9998173178738566
12207,0.9989803070397677
12208,0.9999035805274978
12209,4.731144372934495e-05
12210,0.0005450751098900407
12211,1.0489196308892648e-06
12212,5.5128221191557384e-09
12213,0.999434325522486
12214,1.9308827608687204e-05
12215,4.003347953032269e-06
12216,4.4270924435046485e-05
12217,3.2167527433939576e-06
12218,2.9942952550738396e-05
12219,0.9998361259222998
12220,5.1691403544239635e-06
12221,4.706848789760405e-10
12222,0.999962692762373
12223,0.0004950290811881343
12224,1.4002003912598087e-05
12225,0.3623628042907066
12226,0.9999926902470299
12227,1.9683561492418467e-06
12228,0.999751400306573
12229,0.9978489191212246
12230,0.9998075823137325
12231,6.370765399371538e-07
12232,0.9993042925561516
12233,0.9988632981654902
12234,0.9739882715565858
12235,0.9998551236262351
12236,1.1662838646299461e-05
12237,0.9993150594816153
12238,0.9999913782413067
12239,0.02435323190221731
12240,5.5967911330818635e-06
12241,0.00030195922824485485
12242,6.03021823406299e-07
12243,3.6083569319815636e-06
12244,0.0005977094062433795
12245,0.000241568427506747
12246,0.9998224847609701
12247,0.393922522933103
12248,0.9999043875037772
12249,0.9998490079398268
12250,0.00024514666225851654
12251,0.0012313826622790919
12252,1.905436219936352e-05
12253,0.9866042523973477
12254,0.9999918198967063
12255,0.03812438722238361
12256,0.9999985780698326
12257,6.314281805475889e-05
12258,0.009471954356417107
12259,0.999896587114176
12260,0.9655537845264
12261,1.6224522324448876e-05
12262,0.9998495804016124
12263,0.9999624292314058
12264,0.9941612178314061
12265,2.22178544109515e-05
12266,0.9915123439333595
12267,0.7753862232356966
12268,0.999991898555677
12269,0.9988591933825878
12270,0.9291449056735464
12271,0.5048246987465788
12272,4.099795862362098e-05
12273,0.996950973060861
12274,0.8859225540046117
12275,0.9999363984654905
12276,2.159514712483308e-06
12277,0.975684196290303
12278,0.9999654321166604
12279,0.9998530162506429
12280,1.642989284120925e-05
12281,0.9993229363901441
12282,0.9999880797683944
12283,3.764449472967936e-06
12284,0.9999457420008605
12285,2.5012814980680974e-05
12286,6.598128526408488e-07
12287,0.9999991700741342
12288,0.04782112107736632
12289,0.7073560100296635
12290,0.999994869776274
12291,0.9999984439166747
12292,0.9997788812557377
12293,0.9996888031781288
12294,0.9998854786002989
12295,2.5796575896638932e-06
12296,3.344740991170584e-05
12297,0.0009326215328398342
12298,0.9998511061048253
12299,1.2143633375212198e-05
12300,0.9847518064746539
12301,1.886624444885024e-05
12302,3.497748527652294e-05
12303,0.9992929563833579
12304,0.9999807231115176
12305,0.9203704692456366
12306,0.0005753181405864597
12307,0.9994024828856714
12308,1.968955067861979e-06
12309,7.595784904635081e-05
12310,5.9065258941560574e-05
12311,0.9996809878699947
12312,2.3468013008931486e-06
12313,0.9999910725708206
12314,0.9999594790423181
12315,0.9999587166018336
12316,0.9999725138956962
12317,0.002896904348632539
12318,0.9999855336785006
12319,3.503413803606132e-06
12320,0.9999919844809959
12321,0.9999440434444334
12322,0.9975227487275684
12323,0.9999743567780833
12324,0.6135835919115752
12325,0.00017653592762064435
12326,9.631417359479299e-05
12327,2.3115335327205258e-05
12328,0.999943507291562
12329,0.9954214700782209
12330,0.9917333958828799
12331,0.00015388390770245585
12332,0.999928768759028
12333,0.9999350238145184
12334,1.8791479813913306e-05
12335,0.0004954184805564827
12336,0.004466926750867316
12337,0.9981187860610091
12338,0.0002489750218982415
12339,4.547843243764999e-07
12340,0.00018280096870782286
12341,0.9999178582300682
12342,0.9999876127087232
12343,1.0237855782270432e-05
12344,0.000809687722535637
12345,0.00032391355562617295
12346,0.0030658821959409204
12347,0.009739608771153426
12348,0.9998432915941385
12349,1.53876712485186e-05
12350,0.9995110926067092
12351,2.63979290851744e-06
12352,0.9980969117666926
12353,0.0007656167386703029
12354,0.9985381152889488
12355,3.952219127972086e-07
12356,0.0003867338221429996
12357,0.9999415508582153
12358,4.926861202943244e-05
12359,0.9991015416316007
12360,0.999874341951969
12361,0.9999975010432485
12362,0.9998938376271549
12363,3.7064511995884246e-06
12364,0.9999649456276163
12365,0.9999734403445951
12366,0.9999974407837928
12367,0.9999933215919357
12368,1.4148484472584408e-05
12369,0.999983265797223
12370,0.10384905565727143
12371,0.9999094024152856
12372,0.0040427234623996635
12373,2.8458970807572436e-07
12374,0.00014556214299937876
12375,0.9999958447731401
12376,0.9999431450778811
12377,0.999984553470646
12378,0.9999683113404216
12379,0.9999873738746731
12380,0.9999988307904429
12381,0.997670190652575
12382,0.9998896790907341
12383,0.9991469639610538
12384,4.913765688588165e-06
12385,0.9999932851520874
12386,0.9997506907221576
12387,3.439382068611344e-07
12388,5.391680684082681e-05
12389,3.653149126149645e-07
12390,1.9207019717125382e-06
12391,0.9650266974212864
12392,0.9782538280944646
12393,0.9998096550825225
12394,3.0804827326291354e-06
12395,4.023298993512063e-06
12396,3.509967516420182e-05
12397,2.86358120225976e-07
12398,0.0005356535137375508
12399,9.282381470735904e-09
12400,0.9998304312376068
12401,0.9965039346980589
12402,0.03434664366498767
12403,0.9999685785088643
12404,0.0024879710900141696
12405,0.0006738312259649927
12406,3.803404788190992e-05
12407,0.9943682850338532
12408,0.00020534073016483065
12409,0.9916629579935579
12410,0.0002582119310328806
12411,0.9993983015626586
12412,0.9961628669594226
12413,0.024165215101809443
12414,0.4207583184304226
12415,0.33260660576359297
12416,0.9999260580233618
12417,1.3999155349457171e-06
12418,9.532467271596379e-07
12419,8.64718186931535e-05
12420,5.593050558398015e-05
12421,0.999884075002382
12422,0.9999786523330563
12423,4.0049285786392936e-06
12424,0.0016447086502739785
12425,0.9997610423731623
12426,5.189365287000338e-07
12427,0.9982468897326336
12428,0.00015796992054508693
12429,0.323509829047609
12430,0.9998377188884222
12431,0.6608416759358848
12432,0.9999847788276531
12433,0.9984458329886385
12434,0.9982881011976836
12435,0.9999958558253728
12436,0.9968366035989181
12437,0.9995373668371078
12438,0.9998688658661102
12439,0.9990587610818659
12440,0.9994504128827224
12441,1.8559211975762507e-06
12442,1.7282071488429927e-05
12443,0.9999644873713691
12444,0.9999600770261574
12445,0.00020642143495617208
12446,9.026574584087584e-06
12447,0.9941056843817673
12448,0.9999970337494265
12449,0.00041840761632226116
12450,4.298804123709252e-05
12451,5.372966282366242e-07
12452,0.999983136842944
12453,0.03114380239707473
12454,0.032930101766165086
12455,6.633128474785227e-06
12456,0.9821945438073932
12457,3.446815631597944e-05
12458,0.0001153627978168765
12459,0.9999976869845307
12460,0.999578285054361
12461,0.9999932869001714
12462,9.486772540374194e-07
12463,0.9999728967706124
12464,0.9999681726734801
12465,6.275448336155556e-05
12466,0.003103139591738523
12467,0.03337211239496644
12468,2.191118889118766e-07
12469,3.044260508056098e-05
12470,0.9999734407411552
12471,0.999976719989829
12472,0.9999153265143467
12473,0.0001830609181419686
12474,6.841543759528832e-07
12475,2.331692718000274e-06
12476,0.9999834583545805
12477,0.9999867768994285
12478,0.39348667327026365
12479,6.451176902553654e-05
12480,0.00010182956278481879
12481,0.3364313790981916
12482,0.00024917510320534105
12483,7.399336038213461e-07
12484,0.9985884886200868
12485,2.763684915128824e-05
12486,0.9999877271281893
12487,0.9999673442352468
12488,0.9990172796711624
12489,0.9997676482089689
12490,0.9828611992786164
12491,0.9988344615887235
12492,0.9988598493134286
12493,0.9998987367858192
12494,0.9999394661500731
12495,5.323011466960385e-05
12496,0.0003606291337363496
12497,7.619481105831498e-06
12498,0.9989069894894074
12499,0.9999862115332697
12500,3.2076604005260883e-09
